booth_no,polling_station_name,covered_streets,candidate_name,party_name,votes_received,total_booth_votes,vote_share_pct,is_winner
1,"Panchayat Union M.School, Kasilngampalayam-641671, North w.no.12 All Voters facing building","Kasilingampalayam (R.V) Nanthavanampalayam (p), Kasilingampalayam north",Indirani.T,,146,668,21.86,False
1,"Panchayat Union M.School, Kasilngampalayam-641671, North w.no.12 All Voters facing building","Kasilingampalayam (R.V) Nanthavanampalayam (p), Kasilingampalayam north",Sathyabama.P,,363,668,54.34,True
1,"Panchayat Union M.School, Kasilngampalayam-641671, North w.no.12 All Voters facing building","Kasilingampalayam (R.V) Nanthavanampalayam (p), Kasilingampalayam north",Dhivya,,17,668,2.54,False
1,"Panchayat Union M.School, Kasilngampalayam-641671, North w.no.12 All Voters facing building","Kasilingampalayam (R.V) Nanthavanampalayam (p), Kasilingampalayam north",Gowri Chitra,,130,668,19.46,False
1,"Panchayat Union M.School, Kasilngampalayam-641671, North w.no.12 All Voters facing building","Kasilingampalayam (R.V) Nanthavanampalayam (p), Kasilingampalayam north",Ananthi.S,,1,668,0.15,False
1,"Panchayat Union M.School, Kasilngampalayam-641671, North w.no.12 All Voters facing building","Kasilingampalayam (R.V) Nanthavanampalayam (p), Kasilingampalayam north",Indhirani.C,,2,668,0.3,False
1,"Panchayat Union M.School, Kasilngampalayam-641671, North w.no.12 All Voters facing building","Kasilingampalayam (R.V) Nanthavanampalayam (p), Kasilingampalayam north",Gowri.P,,1,668,0.15,False
1,"Panchayat Union M.School, Kasilngampalayam-641671, North w.no.12 All Voters facing building","Kasilingampalayam (R.V) Nanthavanampalayam (p), Kasilingampalayam north",Mohanraj.M,,1,668,0.15,False
1,"Panchayat Union M.School, Kasilngampalayam-641671, North w.no.12 All Voters facing building","Kasilingampalayam (R.V) Nanthavanampalayam (p), Kasilingampalayam north",Rohini.S,,3,668,0.45,False
1,"Panchayat Union M.School, Kasilngampalayam-641671, North w.no.12 All Voters facing building","Kasilingampalayam (R.V) Nanthavanampalayam (p), Kasilingampalayam north",NOTA,NOTA,4,668,0.6,False
2,"Panchayat Union Middle School, Kasilngampalayam,South facing W.No.13 All Voters building W.No.12","Kasilingampalayam (R.V) Nanthavanampalayam (p), Nanjchappakoundanpudur; Kasilingampalayam (R.V) Nanthavanampalayam (p), Kasilingampalayam South",Indirani.T,,133,473,28.12,False
2,"Panchayat Union Middle School, Kasilngampalayam,South facing W.No.13 All Voters building W.No.12","Kasilingampalayam (R.V) Nanthavanampalayam (p), Nanjchappakoundanpudur; Kasilingampalayam (R.V) Nanthavanampalayam (p), Kasilingampalayam South",Sathyabama.P,,244,473,51.59,True
2,"Panchayat Union Middle School, Kasilngampalayam,South facing W.No.13 All Voters building W.No.12","Kasilingampalayam (R.V) Nanthavanampalayam (p), Nanjchappakoundanpudur; Kasilingampalayam (R.V) Nanthavanampalayam (p), Kasilingampalayam South",Dhivya,,10,473,2.11,False
2,"Panchayat Union Middle School, Kasilngampalayam,South facing W.No.13 All Voters building W.No.12","Kasilingampalayam (R.V) Nanthavanampalayam (p), Nanjchappakoundanpudur; Kasilingampalayam (R.V) Nanthavanampalayam (p), Kasilingampalayam South",Gowri Chitra,,80,473,16.91,False
2,"Panchayat Union Middle School, Kasilngampalayam,South facing W.No.13 All Voters building W.No.12","Kasilingampalayam (R.V) Nanthavanampalayam (p), Nanjchappakoundanpudur; Kasilingampalayam (R.V) Nanthavanampalayam (p), Kasilingampalayam South",Ananthi.S,,1,473,0.21,False
2,"Panchayat Union Middle School, Kasilngampalayam,South facing W.No.13 All Voters building W.No.12","Kasilingampalayam (R.V) Nanthavanampalayam (p), Nanjchappakoundanpudur; Kasilingampalayam (R.V) Nanthavanampalayam (p), Kasilingampalayam South",Indhirani.C,,0,473,0.0,False
2,"Panchayat Union Middle School, Kasilngampalayam,South facing W.No.13 All Voters building W.No.12","Kasilingampalayam (R.V) Nanthavanampalayam (p), Nanjchappakoundanpudur; Kasilingampalayam (R.V) Nanthavanampalayam (p), Kasilingampalayam South",Gowri.P,,0,473,0.0,False
2,"Panchayat Union Middle School, Kasilngampalayam,South facing W.No.13 All Voters building W.No.12","Kasilingampalayam (R.V) Nanthavanampalayam (p), Nanjchappakoundanpudur; Kasilingampalayam (R.V) Nanthavanampalayam (p), Kasilingampalayam South",Mohanraj.M,,0,473,0.0,False
2,"Panchayat Union Middle School, Kasilngampalayam,South facing W.No.13 All Voters building W.No.12","Kasilingampalayam (R.V) Nanthavanampalayam (p), Nanjchappakoundanpudur; Kasilingampalayam (R.V) Nanthavanampalayam (p), Kasilingampalayam South",Rohini.S,,1,473,0.21,False
2,"Panchayat Union Middle School, Kasilngampalayam,South facing W.No.13 All Voters building W.No.12","Kasilingampalayam (R.V) Nanthavanampalayam (p), Nanjchappakoundanpudur; Kasilingampalayam (R.V) Nanthavanampalayam (p), Kasilingampalayam South",NOTA,NOTA,4,473,0.85,False
3,"Panchayat. Union Ele.School Pudu Ayyappanaickenpalayam ,East facing building (South side) Naiyakanpalayam W.No.11","Kasilingampalayam (R.V) Nanthavanampalayam (p), Navithanpudur w.no.9; Kasilingampalayam (R.V) Nanthavanampalayam (p), Palaiya Ayyanpan; Kasilingampalayam (R.V) Nanthavanampalayam (p), Olappalayam W.No.15",Indirani.T,,112,596,18.79,False
3,"Panchayat. Union Ele.School Pudu Ayyappanaickenpalayam ,East facing building (South side) Naiyakanpalayam W.No.11","Kasilingampalayam (R.V) Nanthavanampalayam (p), Navithanpudur w.no.9; Kasilingampalayam (R.V) Nanthavanampalayam (p), Palaiya Ayyanpan; Kasilingampalayam (R.V) Nanthavanampalayam (p), Olappalayam W.No.15",Sathyabama.P,,326,596,54.7,True
3,"Panchayat. Union Ele.School Pudu Ayyappanaickenpalayam ,East facing building (South side) Naiyakanpalayam W.No.11","Kasilingampalayam (R.V) Nanthavanampalayam (p), Navithanpudur w.no.9; Kasilingampalayam (R.V) Nanthavanampalayam (p), Palaiya Ayyanpan; Kasilingampalayam (R.V) Nanthavanampalayam (p), Olappalayam W.No.15",Dhivya,,19,596,3.19,False
3,"Panchayat. Union Ele.School Pudu Ayyappanaickenpalayam ,East facing building (South side) Naiyakanpalayam W.No.11","Kasilingampalayam (R.V) Nanthavanampalayam (p), Navithanpudur w.no.9; Kasilingampalayam (R.V) Nanthavanampalayam (p), Palaiya Ayyanpan; Kasilingampalayam (R.V) Nanthavanampalayam (p), Olappalayam W.No.15",Gowri Chitra,,135,596,22.65,False
3,"Panchayat. Union Ele.School Pudu Ayyappanaickenpalayam ,East facing building (South side) Naiyakanpalayam W.No.11","Kasilingampalayam (R.V) Nanthavanampalayam (p), Navithanpudur w.no.9; Kasilingampalayam (R.V) Nanthavanampalayam (p), Palaiya Ayyanpan; Kasilingampalayam (R.V) Nanthavanampalayam (p), Olappalayam W.No.15",Ananthi.S,,0,596,0.0,False
3,"Panchayat. Union Ele.School Pudu Ayyappanaickenpalayam ,East facing building (South side) Naiyakanpalayam W.No.11","Kasilingampalayam (R.V) Nanthavanampalayam (p), Navithanpudur w.no.9; Kasilingampalayam (R.V) Nanthavanampalayam (p), Palaiya Ayyanpan; Kasilingampalayam (R.V) Nanthavanampalayam (p), Olappalayam W.No.15",Indhirani.C,,0,596,0.0,False
3,"Panchayat. Union Ele.School Pudu Ayyappanaickenpalayam ,East facing building (South side) Naiyakanpalayam W.No.11","Kasilingampalayam (R.V) Nanthavanampalayam (p), Navithanpudur w.no.9; Kasilingampalayam (R.V) Nanthavanampalayam (p), Palaiya Ayyanpan; Kasilingampalayam (R.V) Nanthavanampalayam (p), Olappalayam W.No.15",Gowri.P,,0,596,0.0,False
3,"Panchayat. Union Ele.School Pudu Ayyappanaickenpalayam ,East facing building (South side) Naiyakanpalayam W.No.11","Kasilingampalayam (R.V) Nanthavanampalayam (p), Navithanpudur w.no.9; Kasilingampalayam (R.V) Nanthavanampalayam (p), Palaiya Ayyanpan; Kasilingampalayam (R.V) Nanthavanampalayam (p), Olappalayam W.No.15",Mohanraj.M,,1,596,0.17,False
3,"Panchayat. Union Ele.School Pudu Ayyappanaickenpalayam ,East facing building (South side) Naiyakanpalayam W.No.11","Kasilingampalayam (R.V) Nanthavanampalayam (p), Navithanpudur w.no.9; Kasilingampalayam (R.V) Nanthavanampalayam (p), Palaiya Ayyanpan; Kasilingampalayam (R.V) Nanthavanampalayam (p), Olappalayam W.No.15",Rohini.S,,2,596,0.34,False
3,"Panchayat. Union Ele.School Pudu Ayyappanaickenpalayam ,East facing building (South side) Naiyakanpalayam W.No.11","Kasilingampalayam (R.V) Nanthavanampalayam (p), Navithanpudur w.no.9; Kasilingampalayam (R.V) Nanthavanampalayam (p), Palaiya Ayyanpan; Kasilingampalayam (R.V) Nanthavanampalayam (p), Olappalayam W.No.15",NOTA,NOTA,1,596,0.17,False
4,"Panchayat Union Ele. School, Pudu Ayyappanaickenpalayam,East Naiyakanpalayam W.No.11 All Voters Facing Terraced Building (Northern Side) W.No.14","Kasilingampalayam (R.V) Nanthavanampalayam (p), Pudhu Ayyappa; Kasilingampalayam (R.V) Nanthavanampalayam (p), Marappakoundanpalayam",Indirani.T,,139,694,20.03,False
4,"Panchayat Union Ele. School, Pudu Ayyappanaickenpalayam,East Naiyakanpalayam W.No.11 All Voters Facing Terraced Building (Northern Side) W.No.14","Kasilingampalayam (R.V) Nanthavanampalayam (p), Pudhu Ayyappa; Kasilingampalayam (R.V) Nanthavanampalayam (p), Marappakoundanpalayam",Sathyabama.P,,358,694,51.59,True
4,"Panchayat Union Ele. School, Pudu Ayyappanaickenpalayam,East Naiyakanpalayam W.No.11 All Voters Facing Terraced Building (Northern Side) W.No.14","Kasilingampalayam (R.V) Nanthavanampalayam (p), Pudhu Ayyappa; Kasilingampalayam (R.V) Nanthavanampalayam (p), Marappakoundanpalayam",Dhivya,,15,694,2.16,False
4,"Panchayat Union Ele. School, Pudu Ayyappanaickenpalayam,East Naiyakanpalayam W.No.11 All Voters Facing Terraced Building (Northern Side) W.No.14","Kasilingampalayam (R.V) Nanthavanampalayam (p), Pudhu Ayyappa; Kasilingampalayam (R.V) Nanthavanampalayam (p), Marappakoundanpalayam",Gowri Chitra,,173,694,24.93,False
4,"Panchayat Union Ele. School, Pudu Ayyappanaickenpalayam,East Naiyakanpalayam W.No.11 All Voters Facing Terraced Building (Northern Side) W.No.14","Kasilingampalayam (R.V) Nanthavanampalayam (p), Pudhu Ayyappa; Kasilingampalayam (R.V) Nanthavanampalayam (p), Marappakoundanpalayam",Ananthi.S,,1,694,0.14,False
4,"Panchayat Union Ele. School, Pudu Ayyappanaickenpalayam,East Naiyakanpalayam W.No.11 All Voters Facing Terraced Building (Northern Side) W.No.14","Kasilingampalayam (R.V) Nanthavanampalayam (p), Pudhu Ayyappa; Kasilingampalayam (R.V) Nanthavanampalayam (p), Marappakoundanpalayam",Indhirani.C,,3,694,0.43,False
4,"Panchayat Union Ele. School, Pudu Ayyappanaickenpalayam,East Naiyakanpalayam W.No.11 All Voters Facing Terraced Building (Northern Side) W.No.14","Kasilingampalayam (R.V) Nanthavanampalayam (p), Pudhu Ayyappa; Kasilingampalayam (R.V) Nanthavanampalayam (p), Marappakoundanpalayam",Gowri.P,,0,694,0.0,False
4,"Panchayat Union Ele. School, Pudu Ayyappanaickenpalayam,East Naiyakanpalayam W.No.11 All Voters Facing Terraced Building (Northern Side) W.No.14","Kasilingampalayam (R.V) Nanthavanampalayam (p), Pudhu Ayyappa; Kasilingampalayam (R.V) Nanthavanampalayam (p), Marappakoundanpalayam",Mohanraj.M,,1,694,0.14,False
4,"Panchayat Union Ele. School, Pudu Ayyappanaickenpalayam,East Naiyakanpalayam W.No.11 All Voters Facing Terraced Building (Northern Side) W.No.14","Kasilingampalayam (R.V) Nanthavanampalayam (p), Pudhu Ayyappa; Kasilingampalayam (R.V) Nanthavanampalayam (p), Marappakoundanpalayam",Rohini.S,,2,694,0.29,False
4,"Panchayat Union Ele. School, Pudu Ayyappanaickenpalayam,East Naiyakanpalayam W.No.11 All Voters Facing Terraced Building (Northern Side) W.No.14","Kasilingampalayam (R.V) Nanthavanampalayam (p), Pudhu Ayyappa; Kasilingampalayam (R.V) Nanthavanampalayam (p), Marappakoundanpalayam",NOTA,NOTA,2,694,0.29,False
5,"Panchayat Union Middle School,Veruvedampalayam., South w.no.8 All Voters facing building W.No.8","Kasilingampalayam (R.V) Nanthavanampalayam (p), Veruvedampalayam west; Kasilingampalayam (R.V) Nanthavanampalayam (p), Veruvedampalayam East",Indirani.T,,154,716,21.51,False
5,"Panchayat Union Middle School,Veruvedampalayam., South w.no.8 All Voters facing building W.No.8","Kasilingampalayam (R.V) Nanthavanampalayam (p), Veruvedampalayam west; Kasilingampalayam (R.V) Nanthavanampalayam (p), Veruvedampalayam East",Sathyabama.P,,395,716,55.17,True
5,"Panchayat Union Middle School,Veruvedampalayam., South w.no.8 All Voters facing building W.No.8","Kasilingampalayam (R.V) Nanthavanampalayam (p), Veruvedampalayam west; Kasilingampalayam (R.V) Nanthavanampalayam (p), Veruvedampalayam East",Dhivya,,14,716,1.96,False
5,"Panchayat Union Middle School,Veruvedampalayam., South w.no.8 All Voters facing building W.No.8","Kasilingampalayam (R.V) Nanthavanampalayam (p), Veruvedampalayam west; Kasilingampalayam (R.V) Nanthavanampalayam (p), Veruvedampalayam East",Gowri Chitra,,147,716,20.53,False
5,"Panchayat Union Middle School,Veruvedampalayam., South w.no.8 All Voters facing building W.No.8","Kasilingampalayam (R.V) Nanthavanampalayam (p), Veruvedampalayam west; Kasilingampalayam (R.V) Nanthavanampalayam (p), Veruvedampalayam East",Ananthi.S,,0,716,0.0,False
5,"Panchayat Union Middle School,Veruvedampalayam., South w.no.8 All Voters facing building W.No.8","Kasilingampalayam (R.V) Nanthavanampalayam (p), Veruvedampalayam west; Kasilingampalayam (R.V) Nanthavanampalayam (p), Veruvedampalayam East",Indhirani.C,,0,716,0.0,False
5,"Panchayat Union Middle School,Veruvedampalayam., South w.no.8 All Voters facing building W.No.8","Kasilingampalayam (R.V) Nanthavanampalayam (p), Veruvedampalayam west; Kasilingampalayam (R.V) Nanthavanampalayam (p), Veruvedampalayam East",Gowri.P,,1,716,0.14,False
5,"Panchayat Union Middle School,Veruvedampalayam., South w.no.8 All Voters facing building W.No.8","Kasilingampalayam (R.V) Nanthavanampalayam (p), Veruvedampalayam west; Kasilingampalayam (R.V) Nanthavanampalayam (p), Veruvedampalayam East",Mohanraj.M,,0,716,0.0,False
5,"Panchayat Union Middle School,Veruvedampalayam., South w.no.8 All Voters facing building W.No.8","Kasilingampalayam (R.V) Nanthavanampalayam (p), Veruvedampalayam west; Kasilingampalayam (R.V) Nanthavanampalayam (p), Veruvedampalayam East",Rohini.S,,0,716,0.0,False
5,"Panchayat Union Middle School,Veruvedampalayam., South w.no.8 All Voters facing building W.No.8","Kasilingampalayam (R.V) Nanthavanampalayam (p), Veruvedampalayam west; Kasilingampalayam (R.V) Nanthavanampalayam (p), Veruvedampalayam East",NOTA,NOTA,5,716,0.7,False
6,"Panchayat Union Ele.School, Kungumampalayam,North facing W.No.16 All Voters","Kasilingampalayam (R.V) Nanthavanampalayam (p), Kungkumampalayam",Indirani.T,,207,752,27.53,False
6,"Panchayat Union Ele.School, Kungumampalayam,North facing W.No.16 All Voters","Kasilingampalayam (R.V) Nanthavanampalayam (p), Kungkumampalayam",Sathyabama.P,,339,752,45.08,True
6,"Panchayat Union Ele.School, Kungumampalayam,North facing W.No.16 All Voters","Kasilingampalayam (R.V) Nanthavanampalayam (p), Kungkumampalayam",Dhivya,,14,752,1.86,False
6,"Panchayat Union Ele.School, Kungumampalayam,North facing W.No.16 All Voters","Kasilingampalayam (R.V) Nanthavanampalayam (p), Kungkumampalayam",Gowri Chitra,,185,752,24.6,False
6,"Panchayat Union Ele.School, Kungumampalayam,North facing W.No.16 All Voters","Kasilingampalayam (R.V) Nanthavanampalayam (p), Kungkumampalayam",Ananthi.S,,1,752,0.13,False
6,"Panchayat Union Ele.School, Kungumampalayam,North facing W.No.16 All Voters","Kasilingampalayam (R.V) Nanthavanampalayam (p), Kungkumampalayam",Indhirani.C,,0,752,0.0,False
6,"Panchayat Union Ele.School, Kungumampalayam,North facing W.No.16 All Voters","Kasilingampalayam (R.V) Nanthavanampalayam (p), Kungkumampalayam",Gowri.P,,0,752,0.0,False
6,"Panchayat Union Ele.School, Kungumampalayam,North facing W.No.16 All Voters","Kasilingampalayam (R.V) Nanthavanampalayam (p), Kungkumampalayam",Mohanraj.M,,0,752,0.0,False
6,"Panchayat Union Ele.School, Kungumampalayam,North facing W.No.16 All Voters","Kasilingampalayam (R.V) Nanthavanampalayam (p), Kungkumampalayam",Rohini.S,,2,752,0.27,False
6,"Panchayat Union Ele.School, Kungumampalayam,North facing W.No.16 All Voters","Kasilingampalayam (R.V) Nanthavanampalayam (p), Kungkumampalayam",NOTA,NOTA,4,752,0.53,False
7,"building Eastern side Panchayat Union Ele.School, Thumbalapatti,Building west side","Nanthavanam Pallayam (R.V) and (P), Thumbalappatti w.no.1",Indirani.T,,144,715,20.14,False
7,"building Eastern side Panchayat Union Ele.School, Thumbalapatti,Building west side","Nanthavanam Pallayam (R.V) and (P), Thumbalappatti w.no.1",Sathyabama.P,,435,715,60.84,True
7,"building Eastern side Panchayat Union Ele.School, Thumbalapatti,Building west side","Nanthavanam Pallayam (R.V) and (P), Thumbalappatti w.no.1",Dhivya,,16,715,2.24,False
7,"building Eastern side Panchayat Union Ele.School, Thumbalapatti,Building west side","Nanthavanam Pallayam (R.V) and (P), Thumbalappatti w.no.1",Gowri Chitra,,111,715,15.52,False
7,"building Eastern side Panchayat Union Ele.School, Thumbalapatti,Building west side","Nanthavanam Pallayam (R.V) and (P), Thumbalappatti w.no.1",Ananthi.S,,0,715,0.0,False
7,"building Eastern side Panchayat Union Ele.School, Thumbalapatti,Building west side","Nanthavanam Pallayam (R.V) and (P), Thumbalappatti w.no.1",Indhirani.C,,1,715,0.14,False
7,"building Eastern side Panchayat Union Ele.School, Thumbalapatti,Building west side","Nanthavanam Pallayam (R.V) and (P), Thumbalappatti w.no.1",Gowri.P,,1,715,0.14,False
7,"building Eastern side Panchayat Union Ele.School, Thumbalapatti,Building west side","Nanthavanam Pallayam (R.V) and (P), Thumbalappatti w.no.1",Mohanraj.M,,0,715,0.0,False
7,"building Eastern side Panchayat Union Ele.School, Thumbalapatti,Building west side","Nanthavanam Pallayam (R.V) and (P), Thumbalappatti w.no.1",Rohini.S,,1,715,0.14,False
7,"building Eastern side Panchayat Union Ele.School, Thumbalapatti,Building west side","Nanthavanam Pallayam (R.V) and (P), Thumbalappatti w.no.1",NOTA,NOTA,6,715,0.84,False
8,"Panchayat Union Ele.School, Nandavanampalayam,East facing building","Nanthavanampalayam (R.V) and (P), Nanthavanampalayam W.No.7",Indirani.T,,134,475,28.21,False
8,"Panchayat Union Ele.School, Nandavanampalayam,East facing building","Nanthavanampalayam (R.V) and (P), Nanthavanampalayam W.No.7",Sathyabama.P,,224,475,47.16,True
8,"Panchayat Union Ele.School, Nandavanampalayam,East facing building","Nanthavanampalayam (R.V) and (P), Nanthavanampalayam W.No.7",Dhivya,,10,475,2.11,False
8,"Panchayat Union Ele.School, Nandavanampalayam,East facing building","Nanthavanampalayam (R.V) and (P), Nanthavanampalayam W.No.7",Gowri Chitra,,96,475,20.21,False
8,"Panchayat Union Ele.School, Nandavanampalayam,East facing building","Nanthavanampalayam (R.V) and (P), Nanthavanampalayam W.No.7",Ananthi.S,,0,475,0.0,False
8,"Panchayat Union Ele.School, Nandavanampalayam,East facing building","Nanthavanampalayam (R.V) and (P), Nanthavanampalayam W.No.7",Indhirani.C,,0,475,0.0,False
8,"Panchayat Union Ele.School, Nandavanampalayam,East facing building","Nanthavanampalayam (R.V) and (P), Nanthavanampalayam W.No.7",Gowri.P,,0,475,0.0,False
8,"Panchayat Union Ele.School, Nandavanampalayam,East facing building","Nanthavanampalayam (R.V) and (P), Nanthavanampalayam W.No.7",Mohanraj.M,,3,475,0.63,False
8,"Panchayat Union Ele.School, Nandavanampalayam,East facing building","Nanthavanampalayam (R.V) and (P), Nanthavanampalayam W.No.7",Rohini.S,,0,475,0.0,False
8,"Panchayat Union Ele.School, Nandavanampalayam,East facing building","Nanthavanampalayam (R.V) and (P), Nanthavanampalayam W.No.7",NOTA,NOTA,8,475,1.68,False
9,"Panchayat Union Elementary School, Muthugoundanpalayam, North facing Terraced Building (East","Nanthavanampalayam (R.V) and (P), Muthukoundanpalayam W.No.2",Indirani.T,,136,473,28.75,False
9,"Panchayat Union Elementary School, Muthugoundanpalayam, North facing Terraced Building (East","Nanthavanampalayam (R.V) and (P), Muthukoundanpalayam W.No.2",Sathyabama.P,,242,473,51.16,True
9,"Panchayat Union Elementary School, Muthugoundanpalayam, North facing Terraced Building (East","Nanthavanampalayam (R.V) and (P), Muthukoundanpalayam W.No.2",Dhivya,,12,473,2.54,False
9,"Panchayat Union Elementary School, Muthugoundanpalayam, North facing Terraced Building (East","Nanthavanampalayam (R.V) and (P), Muthukoundanpalayam W.No.2",Gowri Chitra,,81,473,17.12,False
9,"Panchayat Union Elementary School, Muthugoundanpalayam, North facing Terraced Building (East","Nanthavanampalayam (R.V) and (P), Muthukoundanpalayam W.No.2",Ananthi.S,,0,473,0.0,False
9,"Panchayat Union Elementary School, Muthugoundanpalayam, North facing Terraced Building (East","Nanthavanampalayam (R.V) and (P), Muthukoundanpalayam W.No.2",Indhirani.C,,0,473,0.0,False
9,"Panchayat Union Elementary School, Muthugoundanpalayam, North facing Terraced Building (East","Nanthavanampalayam (R.V) and (P), Muthukoundanpalayam W.No.2",Gowri.P,,0,473,0.0,False
9,"Panchayat Union Elementary School, Muthugoundanpalayam, North facing Terraced Building (East","Nanthavanampalayam (R.V) and (P), Muthukoundanpalayam W.No.2",Mohanraj.M,,0,473,0.0,False
9,"Panchayat Union Elementary School, Muthugoundanpalayam, North facing Terraced Building (East","Nanthavanampalayam (R.V) and (P), Muthukoundanpalayam W.No.2",Rohini.S,,0,473,0.0,False
9,"Panchayat Union Elementary School, Muthugoundanpalayam, North facing Terraced Building (East","Nanthavanampalayam (R.V) and (P), Muthukoundanpalayam W.No.2",NOTA,NOTA,2,473,0.42,False
10,"Portion) P.U.M.School Edaiyapatti 638702,South facing Building","Kokkampalayam (R.V) and (P) Ward 3, Velayudampalayam,Vaniyamputhur; Kokkampalayam (R.V) and (P) Ward 2, Dharmar Puthur ,Maravapalayam",Indirani.T,,171,534,32.02,False
10,"Portion) P.U.M.School Edaiyapatti 638702,South facing Building","Kokkampalayam (R.V) and (P) Ward 3, Velayudampalayam,Vaniyamputhur; Kokkampalayam (R.V) and (P) Ward 2, Dharmar Puthur ,Maravapalayam",Sathyabama.P,,213,534,39.89,True
10,"Portion) P.U.M.School Edaiyapatti 638702,South facing Building","Kokkampalayam (R.V) and (P) Ward 3, Velayudampalayam,Vaniyamputhur; Kokkampalayam (R.V) and (P) Ward 2, Dharmar Puthur ,Maravapalayam",Dhivya,,14,534,2.62,False
10,"Portion) P.U.M.School Edaiyapatti 638702,South facing Building","Kokkampalayam (R.V) and (P) Ward 3, Velayudampalayam,Vaniyamputhur; Kokkampalayam (R.V) and (P) Ward 2, Dharmar Puthur ,Maravapalayam",Gowri Chitra,,127,534,23.78,False
10,"Portion) P.U.M.School Edaiyapatti 638702,South facing Building","Kokkampalayam (R.V) and (P) Ward 3, Velayudampalayam,Vaniyamputhur; Kokkampalayam (R.V) and (P) Ward 2, Dharmar Puthur ,Maravapalayam",Ananthi.S,,1,534,0.19,False
10,"Portion) P.U.M.School Edaiyapatti 638702,South facing Building","Kokkampalayam (R.V) and (P) Ward 3, Velayudampalayam,Vaniyamputhur; Kokkampalayam (R.V) and (P) Ward 2, Dharmar Puthur ,Maravapalayam",Indhirani.C,,1,534,0.19,False
10,"Portion) P.U.M.School Edaiyapatti 638702,South facing Building","Kokkampalayam (R.V) and (P) Ward 3, Velayudampalayam,Vaniyamputhur; Kokkampalayam (R.V) and (P) Ward 2, Dharmar Puthur ,Maravapalayam",Gowri.P,,2,534,0.37,False
10,"Portion) P.U.M.School Edaiyapatti 638702,South facing Building","Kokkampalayam (R.V) and (P) Ward 3, Velayudampalayam,Vaniyamputhur; Kokkampalayam (R.V) and (P) Ward 2, Dharmar Puthur ,Maravapalayam",Mohanraj.M,,1,534,0.19,False
10,"Portion) P.U.M.School Edaiyapatti 638702,South facing Building","Kokkampalayam (R.V) and (P) Ward 3, Velayudampalayam,Vaniyamputhur; Kokkampalayam (R.V) and (P) Ward 2, Dharmar Puthur ,Maravapalayam",Rohini.S,,0,534,0.0,False
10,"Portion) P.U.M.School Edaiyapatti 638702,South facing Building","Kokkampalayam (R.V) and (P) Ward 3, Velayudampalayam,Vaniyamputhur; Kokkampalayam (R.V) and (P) Ward 2, Dharmar Puthur ,Maravapalayam",NOTA,NOTA,4,534,0.75,False
11,"P.U.M.School Edaiyapatti 638702,North facing Building (West Poration)","Kokkampalayam (R.V) and (P) Ward 2, Edaiyapatti",Indirani.T,,216,641,33.7,False
11,"P.U.M.School Edaiyapatti 638702,North facing Building (West Poration)","Kokkampalayam (R.V) and (P) Ward 2, Edaiyapatti",Sathyabama.P,,233,641,36.35,True
11,"P.U.M.School Edaiyapatti 638702,North facing Building (West Poration)","Kokkampalayam (R.V) and (P) Ward 2, Edaiyapatti",Dhivya,,19,641,2.96,False
11,"P.U.M.School Edaiyapatti 638702,North facing Building (West Poration)","Kokkampalayam (R.V) and (P) Ward 2, Edaiyapatti",Gowri Chitra,,169,641,26.37,False
11,"P.U.M.School Edaiyapatti 638702,North facing Building (West Poration)","Kokkampalayam (R.V) and (P) Ward 2, Edaiyapatti",Ananthi.S,,0,641,0.0,False
11,"P.U.M.School Edaiyapatti 638702,North facing Building (West Poration)","Kokkampalayam (R.V) and (P) Ward 2, Edaiyapatti",Indhirani.C,,0,641,0.0,False
11,"P.U.M.School Edaiyapatti 638702,North facing Building (West Poration)","Kokkampalayam (R.V) and (P) Ward 2, Edaiyapatti",Gowri.P,,0,641,0.0,False
11,"P.U.M.School Edaiyapatti 638702,North facing Building (West Poration)","Kokkampalayam (R.V) and (P) Ward 2, Edaiyapatti",Mohanraj.M,,1,641,0.16,False
11,"P.U.M.School Edaiyapatti 638702,North facing Building (West Poration)","Kokkampalayam (R.V) and (P) Ward 2, Edaiyapatti",Rohini.S,,1,641,0.16,False
11,"P.U.M.School Edaiyapatti 638702,North facing Building (West Poration)","Kokkampalayam (R.V) and (P) Ward 2, Edaiyapatti",NOTA,NOTA,2,641,0.31,False
12,"P.U.E.School Karaipalayam 638702,South facing Building","Kokkampalayam (R.V) and (P) Ward 1, Ammapalayam; Kokkampalayam (R.V) and (P) Ward 2, Karaipalayam; Kokkampalayam (R.V) and (P) Ward 6, Kokkampalayam",Indirani.T,,245,739,33.15,False
12,"P.U.E.School Karaipalayam 638702,South facing Building","Kokkampalayam (R.V) and (P) Ward 1, Ammapalayam; Kokkampalayam (R.V) and (P) Ward 2, Karaipalayam; Kokkampalayam (R.V) and (P) Ward 6, Kokkampalayam",Sathyabama.P,,343,739,46.41,True
12,"P.U.E.School Karaipalayam 638702,South facing Building","Kokkampalayam (R.V) and (P) Ward 1, Ammapalayam; Kokkampalayam (R.V) and (P) Ward 2, Karaipalayam; Kokkampalayam (R.V) and (P) Ward 6, Kokkampalayam",Dhivya,,15,739,2.03,False
12,"P.U.E.School Karaipalayam 638702,South facing Building","Kokkampalayam (R.V) and (P) Ward 1, Ammapalayam; Kokkampalayam (R.V) and (P) Ward 2, Karaipalayam; Kokkampalayam (R.V) and (P) Ward 6, Kokkampalayam",Gowri Chitra,,129,739,17.46,False
12,"P.U.E.School Karaipalayam 638702,South facing Building","Kokkampalayam (R.V) and (P) Ward 1, Ammapalayam; Kokkampalayam (R.V) and (P) Ward 2, Karaipalayam; Kokkampalayam (R.V) and (P) Ward 6, Kokkampalayam",Ananthi.S,,0,739,0.0,False
12,"P.U.E.School Karaipalayam 638702,South facing Building","Kokkampalayam (R.V) and (P) Ward 1, Ammapalayam; Kokkampalayam (R.V) and (P) Ward 2, Karaipalayam; Kokkampalayam (R.V) and (P) Ward 6, Kokkampalayam",Indhirani.C,,0,739,0.0,False
12,"P.U.E.School Karaipalayam 638702,South facing Building","Kokkampalayam (R.V) and (P) Ward 1, Ammapalayam; Kokkampalayam (R.V) and (P) Ward 2, Karaipalayam; Kokkampalayam (R.V) and (P) Ward 6, Kokkampalayam",Gowri.P,,2,739,0.27,False
12,"P.U.E.School Karaipalayam 638702,South facing Building","Kokkampalayam (R.V) and (P) Ward 1, Ammapalayam; Kokkampalayam (R.V) and (P) Ward 2, Karaipalayam; Kokkampalayam (R.V) and (P) Ward 6, Kokkampalayam",Mohanraj.M,,0,739,0.0,False
12,"P.U.E.School Karaipalayam 638702,South facing Building","Kokkampalayam (R.V) and (P) Ward 1, Ammapalayam; Kokkampalayam (R.V) and (P) Ward 2, Karaipalayam; Kokkampalayam (R.V) and (P) Ward 6, Kokkampalayam",Rohini.S,,0,739,0.0,False
12,"P.U.E.School Karaipalayam 638702,South facing Building","Kokkampalayam (R.V) and (P) Ward 1, Ammapalayam; Kokkampalayam (R.V) and (P) Ward 2, Karaipalayam; Kokkampalayam (R.V) and (P) Ward 6, Kokkampalayam",NOTA,NOTA,5,739,0.68,False
13,"Panchayat Union Ele.School, Jothiampatti,North facing building","Kokkampalayam (R.V) and (P) Ward 7, Odakkalpalayam; Jothiyampatti (R.V) and (P), Ramanathapuram W.No.1; Jothiyampatti (R.V) and (P), Jothiyampatti (West) W.No.1",Indirani.T,,167,566,29.51,False
13,"Panchayat Union Ele.School, Jothiampatti,North facing building","Kokkampalayam (R.V) and (P) Ward 7, Odakkalpalayam; Jothiyampatti (R.V) and (P), Ramanathapuram W.No.1; Jothiyampatti (R.V) and (P), Jothiyampatti (West) W.No.1",Sathyabama.P,,326,566,57.6,True
13,"Panchayat Union Ele.School, Jothiampatti,North facing building","Kokkampalayam (R.V) and (P) Ward 7, Odakkalpalayam; Jothiyampatti (R.V) and (P), Ramanathapuram W.No.1; Jothiyampatti (R.V) and (P), Jothiyampatti (West) W.No.1",Dhivya,,15,566,2.65,False
13,"Panchayat Union Ele.School, Jothiampatti,North facing building","Kokkampalayam (R.V) and (P) Ward 7, Odakkalpalayam; Jothiyampatti (R.V) and (P), Ramanathapuram W.No.1; Jothiyampatti (R.V) and (P), Jothiyampatti (West) W.No.1",Gowri Chitra,,57,566,10.07,False
13,"Panchayat Union Ele.School, Jothiampatti,North facing building","Kokkampalayam (R.V) and (P) Ward 7, Odakkalpalayam; Jothiyampatti (R.V) and (P), Ramanathapuram W.No.1; Jothiyampatti (R.V) and (P), Jothiyampatti (West) W.No.1",Ananthi.S,,0,566,0.0,False
13,"Panchayat Union Ele.School, Jothiampatti,North facing building","Kokkampalayam (R.V) and (P) Ward 7, Odakkalpalayam; Jothiyampatti (R.V) and (P), Ramanathapuram W.No.1; Jothiyampatti (R.V) and (P), Jothiyampatti (West) W.No.1",Indhirani.C,,1,566,0.18,False
13,"Panchayat Union Ele.School, Jothiampatti,North facing building","Kokkampalayam (R.V) and (P) Ward 7, Odakkalpalayam; Jothiyampatti (R.V) and (P), Ramanathapuram W.No.1; Jothiyampatti (R.V) and (P), Jothiyampatti (West) W.No.1",Gowri.P,,0,566,0.0,False
13,"Panchayat Union Ele.School, Jothiampatti,North facing building","Kokkampalayam (R.V) and (P) Ward 7, Odakkalpalayam; Jothiyampatti (R.V) and (P), Ramanathapuram W.No.1; Jothiyampatti (R.V) and (P), Jothiyampatti (West) W.No.1",Mohanraj.M,,0,566,0.0,False
13,"Panchayat Union Ele.School, Jothiampatti,North facing building","Kokkampalayam (R.V) and (P) Ward 7, Odakkalpalayam; Jothiyampatti (R.V) and (P), Ramanathapuram W.No.1; Jothiyampatti (R.V) and (P), Jothiyampatti (West) W.No.1",Rohini.S,,0,566,0.0,False
13,"Panchayat Union Ele.School, Jothiampatti,North facing building","Kokkampalayam (R.V) and (P) Ward 7, Odakkalpalayam; Jothiyampatti (R.V) and (P), Ramanathapuram W.No.1; Jothiyampatti (R.V) and (P), Jothiyampatti (West) W.No.1",NOTA,NOTA,0,566,0.0,False
14,"Panchayat Union Elementary School, Jothiampatti, South facing building (West Portion)","Jothiyampatti (R.V) and (P), Jothiyampatti (East) W.No.1; Ruthravathi (T.P) Ganapathipalayam W.No.8; Ruthravathi (T.P) Kaliyapalayam Road Karichi Kattupudur W.No.7",Indirani.T,,87,433,20.09,False
14,"Panchayat Union Elementary School, Jothiampatti, South facing building (West Portion)","Jothiyampatti (R.V) and (P), Jothiyampatti (East) W.No.1; Ruthravathi (T.P) Ganapathipalayam W.No.8; Ruthravathi (T.P) Kaliyapalayam Road Karichi Kattupudur W.No.7",Sathyabama.P,,232,433,53.58,True
14,"Panchayat Union Elementary School, Jothiampatti, South facing building (West Portion)","Jothiyampatti (R.V) and (P), Jothiyampatti (East) W.No.1; Ruthravathi (T.P) Ganapathipalayam W.No.8; Ruthravathi (T.P) Kaliyapalayam Road Karichi Kattupudur W.No.7",Dhivya,,9,433,2.08,False
14,"Panchayat Union Elementary School, Jothiampatti, South facing building (West Portion)","Jothiyampatti (R.V) and (P), Jothiyampatti (East) W.No.1; Ruthravathi (T.P) Ganapathipalayam W.No.8; Ruthravathi (T.P) Kaliyapalayam Road Karichi Kattupudur W.No.7",Gowri Chitra,,97,433,22.4,False
14,"Panchayat Union Elementary School, Jothiampatti, South facing building (West Portion)","Jothiyampatti (R.V) and (P), Jothiyampatti (East) W.No.1; Ruthravathi (T.P) Ganapathipalayam W.No.8; Ruthravathi (T.P) Kaliyapalayam Road Karichi Kattupudur W.No.7",Ananthi.S,,1,433,0.23,False
14,"Panchayat Union Elementary School, Jothiampatti, South facing building (West Portion)","Jothiyampatti (R.V) and (P), Jothiyampatti (East) W.No.1; Ruthravathi (T.P) Ganapathipalayam W.No.8; Ruthravathi (T.P) Kaliyapalayam Road Karichi Kattupudur W.No.7",Indhirani.C,,0,433,0.0,False
14,"Panchayat Union Elementary School, Jothiampatti, South facing building (West Portion)","Jothiyampatti (R.V) and (P), Jothiyampatti (East) W.No.1; Ruthravathi (T.P) Ganapathipalayam W.No.8; Ruthravathi (T.P) Kaliyapalayam Road Karichi Kattupudur W.No.7",Gowri.P,,0,433,0.0,False
14,"Panchayat Union Elementary School, Jothiampatti, South facing building (West Portion)","Jothiyampatti (R.V) and (P), Jothiyampatti (East) W.No.1; Ruthravathi (T.P) Ganapathipalayam W.No.8; Ruthravathi (T.P) Kaliyapalayam Road Karichi Kattupudur W.No.7",Mohanraj.M,,0,433,0.0,False
14,"Panchayat Union Elementary School, Jothiampatti, South facing building (West Portion)","Jothiyampatti (R.V) and (P), Jothiyampatti (East) W.No.1; Ruthravathi (T.P) Ganapathipalayam W.No.8; Ruthravathi (T.P) Kaliyapalayam Road Karichi Kattupudur W.No.7",Rohini.S,,3,433,0.69,False
14,"Panchayat Union Elementary School, Jothiampatti, South facing building (West Portion)","Jothiyampatti (R.V) and (P), Jothiyampatti (East) W.No.1; Ruthravathi (T.P) Ganapathipalayam W.No.8; Ruthravathi (T.P) Kaliyapalayam Road Karichi Kattupudur W.No.7",NOTA,NOTA,4,433,0.92,False
15,"Panchayat Union Middle School, Pudurutharavathi,West facing building","Ruthravathi (T.P) Arijana Street Karichakattupudur W.No.7; Ruthravathi (T.P) Athidravidar Street Karichakattupudur W.No.7; Ruthravathi (T.P) Kovai Road (Karichakattupudur) W.No.7 & 11; Ruthravathi (R.V) and (P) Vinayakar Kovil Street (Palaiya Ruthravathi) W.No.1; Ruthravathi (T.P)Ganapathipalayam, Eswaran Kovil Street W.No o.8",Indirani.T,,163,585,27.86,False
15,"Panchayat Union Middle School, Pudurutharavathi,West facing building","Ruthravathi (T.P) Arijana Street Karichakattupudur W.No.7; Ruthravathi (T.P) Athidravidar Street Karichakattupudur W.No.7; Ruthravathi (T.P) Kovai Road (Karichakattupudur) W.No.7 & 11; Ruthravathi (R.V) and (P) Vinayakar Kovil Street (Palaiya Ruthravathi) W.No.1; Ruthravathi (T.P)Ganapathipalayam, Eswaran Kovil Street W.No o.8",Sathyabama.P,,305,585,52.14,True
15,"Panchayat Union Middle School, Pudurutharavathi,West facing building","Ruthravathi (T.P) Arijana Street Karichakattupudur W.No.7; Ruthravathi (T.P) Athidravidar Street Karichakattupudur W.No.7; Ruthravathi (T.P) Kovai Road (Karichakattupudur) W.No.7 & 11; Ruthravathi (R.V) and (P) Vinayakar Kovil Street (Palaiya Ruthravathi) W.No.1; Ruthravathi (T.P)Ganapathipalayam, Eswaran Kovil Street W.No o.8",Dhivya,,15,585,2.56,False
15,"Panchayat Union Middle School, Pudurutharavathi,West facing building","Ruthravathi (T.P) Arijana Street Karichakattupudur W.No.7; Ruthravathi (T.P) Athidravidar Street Karichakattupudur W.No.7; Ruthravathi (T.P) Kovai Road (Karichakattupudur) W.No.7 & 11; Ruthravathi (R.V) and (P) Vinayakar Kovil Street (Palaiya Ruthravathi) W.No.1; Ruthravathi (T.P)Ganapathipalayam, Eswaran Kovil Street W.No o.8",Gowri Chitra,,98,585,16.75,False
15,"Panchayat Union Middle School, Pudurutharavathi,West facing building","Ruthravathi (T.P) Arijana Street Karichakattupudur W.No.7; Ruthravathi (T.P) Athidravidar Street Karichakattupudur W.No.7; Ruthravathi (T.P) Kovai Road (Karichakattupudur) W.No.7 & 11; Ruthravathi (R.V) and (P) Vinayakar Kovil Street (Palaiya Ruthravathi) W.No.1; Ruthravathi (T.P)Ganapathipalayam, Eswaran Kovil Street W.No o.8",Ananthi.S,,0,585,0.0,False
15,"Panchayat Union Middle School, Pudurutharavathi,West facing building","Ruthravathi (T.P) Arijana Street Karichakattupudur W.No.7; Ruthravathi (T.P) Athidravidar Street Karichakattupudur W.No.7; Ruthravathi (T.P) Kovai Road (Karichakattupudur) W.No.7 & 11; Ruthravathi (R.V) and (P) Vinayakar Kovil Street (Palaiya Ruthravathi) W.No.1; Ruthravathi (T.P)Ganapathipalayam, Eswaran Kovil Street W.No o.8",Indhirani.C,,0,585,0.0,False
15,"Panchayat Union Middle School, Pudurutharavathi,West facing building","Ruthravathi (T.P) Arijana Street Karichakattupudur W.No.7; Ruthravathi (T.P) Athidravidar Street Karichakattupudur W.No.7; Ruthravathi (T.P) Kovai Road (Karichakattupudur) W.No.7 & 11; Ruthravathi (R.V) and (P) Vinayakar Kovil Street (Palaiya Ruthravathi) W.No.1; Ruthravathi (T.P)Ganapathipalayam, Eswaran Kovil Street W.No o.8",Gowri.P,,1,585,0.17,False
15,"Panchayat Union Middle School, Pudurutharavathi,West facing building","Ruthravathi (T.P) Arijana Street Karichakattupudur W.No.7; Ruthravathi (T.P) Athidravidar Street Karichakattupudur W.No.7; Ruthravathi (T.P) Kovai Road (Karichakattupudur) W.No.7 & 11; Ruthravathi (R.V) and (P) Vinayakar Kovil Street (Palaiya Ruthravathi) W.No.1; Ruthravathi (T.P)Ganapathipalayam, Eswaran Kovil Street W.No o.8",Mohanraj.M,,0,585,0.0,False
15,"Panchayat Union Middle School, Pudurutharavathi,West facing building","Ruthravathi (T.P) Arijana Street Karichakattupudur W.No.7; Ruthravathi (T.P) Athidravidar Street Karichakattupudur W.No.7; Ruthravathi (T.P) Kovai Road (Karichakattupudur) W.No.7 & 11; Ruthravathi (R.V) and (P) Vinayakar Kovil Street (Palaiya Ruthravathi) W.No.1; Ruthravathi (T.P)Ganapathipalayam, Eswaran Kovil Street W.No o.8",Rohini.S,,0,585,0.0,False
15,"Panchayat Union Middle School, Pudurutharavathi,West facing building","Ruthravathi (T.P) Arijana Street Karichakattupudur W.No.7; Ruthravathi (T.P) Athidravidar Street Karichakattupudur W.No.7; Ruthravathi (T.P) Kovai Road (Karichakattupudur) W.No.7 & 11; Ruthravathi (R.V) and (P) Vinayakar Kovil Street (Palaiya Ruthravathi) W.No.1; Ruthravathi (T.P)Ganapathipalayam, Eswaran Kovil Street W.No o.8",NOTA,NOTA,3,585,0.51,False
16,"Panchayat Union Middle School, Pudurutharavathi,North facing building (East side)","Ruthravathi (T.P), MariyammanKovilStreet (PudhuRuthravathi) W.No.1; Ruthravathi (T.P), Arambapalli Street Pudhu Ruthravathi W.No.1; Ruthravathi (T.P) Kathangkanni Street W.No.2; Ruthravathi (R.V)and (P) Vinayakar Kovil Street (Sengalipalayam) W.No .2; Ruthravathi (T.P), Sottapalayam Jothiyampatti Road W.No.3",Indirani.T,,137,779,17.59,False
16,"Panchayat Union Middle School, Pudurutharavathi,North facing building (East side)","Ruthravathi (T.P), MariyammanKovilStreet (PudhuRuthravathi) W.No.1; Ruthravathi (T.P), Arambapalli Street Pudhu Ruthravathi W.No.1; Ruthravathi (T.P) Kathangkanni Street W.No.2; Ruthravathi (R.V)and (P) Vinayakar Kovil Street (Sengalipalayam) W.No .2; Ruthravathi (T.P), Sottapalayam Jothiyampatti Road W.No.3",Sathyabama.P,,526,779,67.52,True
16,"Panchayat Union Middle School, Pudurutharavathi,North facing building (East side)","Ruthravathi (T.P), MariyammanKovilStreet (PudhuRuthravathi) W.No.1; Ruthravathi (T.P), Arambapalli Street Pudhu Ruthravathi W.No.1; Ruthravathi (T.P) Kathangkanni Street W.No.2; Ruthravathi (R.V)and (P) Vinayakar Kovil Street (Sengalipalayam) W.No .2; Ruthravathi (T.P), Sottapalayam Jothiyampatti Road W.No.3",Dhivya,,24,779,3.08,False
16,"Panchayat Union Middle School, Pudurutharavathi,North facing building (East side)","Ruthravathi (T.P), MariyammanKovilStreet (PudhuRuthravathi) W.No.1; Ruthravathi (T.P), Arambapalli Street Pudhu Ruthravathi W.No.1; Ruthravathi (T.P) Kathangkanni Street W.No.2; Ruthravathi (R.V)and (P) Vinayakar Kovil Street (Sengalipalayam) W.No .2; Ruthravathi (T.P), Sottapalayam Jothiyampatti Road W.No.3",Gowri Chitra,,87,779,11.17,False
16,"Panchayat Union Middle School, Pudurutharavathi,North facing building (East side)","Ruthravathi (T.P), MariyammanKovilStreet (PudhuRuthravathi) W.No.1; Ruthravathi (T.P), Arambapalli Street Pudhu Ruthravathi W.No.1; Ruthravathi (T.P) Kathangkanni Street W.No.2; Ruthravathi (R.V)and (P) Vinayakar Kovil Street (Sengalipalayam) W.No .2; Ruthravathi (T.P), Sottapalayam Jothiyampatti Road W.No.3",Ananthi.S,,0,779,0.0,False
16,"Panchayat Union Middle School, Pudurutharavathi,North facing building (East side)","Ruthravathi (T.P), MariyammanKovilStreet (PudhuRuthravathi) W.No.1; Ruthravathi (T.P), Arambapalli Street Pudhu Ruthravathi W.No.1; Ruthravathi (T.P) Kathangkanni Street W.No.2; Ruthravathi (R.V)and (P) Vinayakar Kovil Street (Sengalipalayam) W.No .2; Ruthravathi (T.P), Sottapalayam Jothiyampatti Road W.No.3",Indhirani.C,,0,779,0.0,False
16,"Panchayat Union Middle School, Pudurutharavathi,North facing building (East side)","Ruthravathi (T.P), MariyammanKovilStreet (PudhuRuthravathi) W.No.1; Ruthravathi (T.P), Arambapalli Street Pudhu Ruthravathi W.No.1; Ruthravathi (T.P) Kathangkanni Street W.No.2; Ruthravathi (R.V)and (P) Vinayakar Kovil Street (Sengalipalayam) W.No .2; Ruthravathi (T.P), Sottapalayam Jothiyampatti Road W.No.3",Gowri.P,,0,779,0.0,False
16,"Panchayat Union Middle School, Pudurutharavathi,North facing building (East side)","Ruthravathi (T.P), MariyammanKovilStreet (PudhuRuthravathi) W.No.1; Ruthravathi (T.P), Arambapalli Street Pudhu Ruthravathi W.No.1; Ruthravathi (T.P) Kathangkanni Street W.No.2; Ruthravathi (R.V)and (P) Vinayakar Kovil Street (Sengalipalayam) W.No .2; Ruthravathi (T.P), Sottapalayam Jothiyampatti Road W.No.3",Mohanraj.M,,1,779,0.13,False
16,"Panchayat Union Middle School, Pudurutharavathi,North facing building (East side)","Ruthravathi (T.P), MariyammanKovilStreet (PudhuRuthravathi) W.No.1; Ruthravathi (T.P), Arambapalli Street Pudhu Ruthravathi W.No.1; Ruthravathi (T.P) Kathangkanni Street W.No.2; Ruthravathi (R.V)and (P) Vinayakar Kovil Street (Sengalipalayam) W.No .2; Ruthravathi (T.P), Sottapalayam Jothiyampatti Road W.No.3",Rohini.S,,1,779,0.13,False
16,"Panchayat Union Middle School, Pudurutharavathi,North facing building (East side)","Ruthravathi (T.P), MariyammanKovilStreet (PudhuRuthravathi) W.No.1; Ruthravathi (T.P), Arambapalli Street Pudhu Ruthravathi W.No.1; Ruthravathi (T.P) Kathangkanni Street W.No.2; Ruthravathi (R.V)and (P) Vinayakar Kovil Street (Sengalipalayam) W.No .2; Ruthravathi (T.P), Sottapalayam Jothiyampatti Road W.No.3",NOTA,NOTA,3,779,0.39,False
17,"Panchayat Union Ele.School, Sedapalayam,West facing building (South side)","Ruthravathi (T.P) Vinayakar Kovil Street (Sedapalayam) W.No.3; Ruthravathi (T.P), MainStreet Sodapalayam W.No.3; Ruthravathi (T.P), BajanaiKovil Street Sodapalayam W.No.3; Ruthravathi (T.P) Sowdamman Kovil Street(Pudhu Navakombu) W.No.4; Ruthravathi (T.P) Podarampalayam Main Street (East) W.No.5",Indirani.T,,155,611,25.37,False
17,"Panchayat Union Ele.School, Sedapalayam,West facing building (South side)","Ruthravathi (T.P) Vinayakar Kovil Street (Sedapalayam) W.No.3; Ruthravathi (T.P), MainStreet Sodapalayam W.No.3; Ruthravathi (T.P), BajanaiKovil Street Sodapalayam W.No.3; Ruthravathi (T.P) Sowdamman Kovil Street(Pudhu Navakombu) W.No.4; Ruthravathi (T.P) Podarampalayam Main Street (East) W.No.5",Sathyabama.P,,256,611,41.9,True
17,"Panchayat Union Ele.School, Sedapalayam,West facing building (South side)","Ruthravathi (T.P) Vinayakar Kovil Street (Sedapalayam) W.No.3; Ruthravathi (T.P), MainStreet Sodapalayam W.No.3; Ruthravathi (T.P), BajanaiKovil Street Sodapalayam W.No.3; Ruthravathi (T.P) Sowdamman Kovil Street(Pudhu Navakombu) W.No.4; Ruthravathi (T.P) Podarampalayam Main Street (East) W.No.5",Dhivya,,10,611,1.64,False
17,"Panchayat Union Ele.School, Sedapalayam,West facing building (South side)","Ruthravathi (T.P) Vinayakar Kovil Street (Sedapalayam) W.No.3; Ruthravathi (T.P), MainStreet Sodapalayam W.No.3; Ruthravathi (T.P), BajanaiKovil Street Sodapalayam W.No.3; Ruthravathi (T.P) Sowdamman Kovil Street(Pudhu Navakombu) W.No.4; Ruthravathi (T.P) Podarampalayam Main Street (East) W.No.5",Gowri Chitra,,184,611,30.11,False
17,"Panchayat Union Ele.School, Sedapalayam,West facing building (South side)","Ruthravathi (T.P) Vinayakar Kovil Street (Sedapalayam) W.No.3; Ruthravathi (T.P), MainStreet Sodapalayam W.No.3; Ruthravathi (T.P), BajanaiKovil Street Sodapalayam W.No.3; Ruthravathi (T.P) Sowdamman Kovil Street(Pudhu Navakombu) W.No.4; Ruthravathi (T.P) Podarampalayam Main Street (East) W.No.5",Ananthi.S,,0,611,0.0,False
17,"Panchayat Union Ele.School, Sedapalayam,West facing building (South side)","Ruthravathi (T.P) Vinayakar Kovil Street (Sedapalayam) W.No.3; Ruthravathi (T.P), MainStreet Sodapalayam W.No.3; Ruthravathi (T.P), BajanaiKovil Street Sodapalayam W.No.3; Ruthravathi (T.P) Sowdamman Kovil Street(Pudhu Navakombu) W.No.4; Ruthravathi (T.P) Podarampalayam Main Street (East) W.No.5",Indhirani.C,,1,611,0.16,False
17,"Panchayat Union Ele.School, Sedapalayam,West facing building (South side)","Ruthravathi (T.P) Vinayakar Kovil Street (Sedapalayam) W.No.3; Ruthravathi (T.P), MainStreet Sodapalayam W.No.3; Ruthravathi (T.P), BajanaiKovil Street Sodapalayam W.No.3; Ruthravathi (T.P) Sowdamman Kovil Street(Pudhu Navakombu) W.No.4; Ruthravathi (T.P) Podarampalayam Main Street (East) W.No.5",Gowri.P,,0,611,0.0,False
17,"Panchayat Union Ele.School, Sedapalayam,West facing building (South side)","Ruthravathi (T.P) Vinayakar Kovil Street (Sedapalayam) W.No.3; Ruthravathi (T.P), MainStreet Sodapalayam W.No.3; Ruthravathi (T.P), BajanaiKovil Street Sodapalayam W.No.3; Ruthravathi (T.P) Sowdamman Kovil Street(Pudhu Navakombu) W.No.4; Ruthravathi (T.P) Podarampalayam Main Street (East) W.No.5",Mohanraj.M,,1,611,0.16,False
17,"Panchayat Union Ele.School, Sedapalayam,West facing building (South side)","Ruthravathi (T.P) Vinayakar Kovil Street (Sedapalayam) W.No.3; Ruthravathi (T.P), MainStreet Sodapalayam W.No.3; Ruthravathi (T.P), BajanaiKovil Street Sodapalayam W.No.3; Ruthravathi (T.P) Sowdamman Kovil Street(Pudhu Navakombu) W.No.4; Ruthravathi (T.P) Podarampalayam Main Street (East) W.No.5",Rohini.S,,1,611,0.16,False
17,"Panchayat Union Ele.School, Sedapalayam,West facing building (South side)","Ruthravathi (T.P) Vinayakar Kovil Street (Sedapalayam) W.No.3; Ruthravathi (T.P), MainStreet Sodapalayam W.No.3; Ruthravathi (T.P), BajanaiKovil Street Sodapalayam W.No.3; Ruthravathi (T.P) Sowdamman Kovil Street(Pudhu Navakombu) W.No.4; Ruthravathi (T.P) Podarampalayam Main Street (East) W.No.5",NOTA,NOTA,3,611,0.49,False
18,"Panchayat Union Ele.School, Sedapalayam,West facing building North Side638702",Ruthravathi (T.P) Makaliyamman Kovil Street(Sedapalayam) W.No.3; Ruthravathi (T.P) Kundadam Sedapalayam Road W.No.9; Ruthravathi (T.P) Navakombu Harijana Street W.No.4,Indirani.T,,135,549,24.59,False
18,"Panchayat Union Ele.School, Sedapalayam,West facing building North Side638702",Ruthravathi (T.P) Makaliyamman Kovil Street(Sedapalayam) W.No.3; Ruthravathi (T.P) Kundadam Sedapalayam Road W.No.9; Ruthravathi (T.P) Navakombu Harijana Street W.No.4,Sathyabama.P,,285,549,51.91,True
18,"Panchayat Union Ele.School, Sedapalayam,West facing building North Side638702",Ruthravathi (T.P) Makaliyamman Kovil Street(Sedapalayam) W.No.3; Ruthravathi (T.P) Kundadam Sedapalayam Road W.No.9; Ruthravathi (T.P) Navakombu Harijana Street W.No.4,Dhivya,,8,549,1.46,False
18,"Panchayat Union Ele.School, Sedapalayam,West facing building North Side638702",Ruthravathi (T.P) Makaliyamman Kovil Street(Sedapalayam) W.No.3; Ruthravathi (T.P) Kundadam Sedapalayam Road W.No.9; Ruthravathi (T.P) Navakombu Harijana Street W.No.4,Gowri Chitra,,120,549,21.86,False
18,"Panchayat Union Ele.School, Sedapalayam,West facing building North Side638702",Ruthravathi (T.P) Makaliyamman Kovil Street(Sedapalayam) W.No.3; Ruthravathi (T.P) Kundadam Sedapalayam Road W.No.9; Ruthravathi (T.P) Navakombu Harijana Street W.No.4,Ananthi.S,,0,549,0.0,False
18,"Panchayat Union Ele.School, Sedapalayam,West facing building North Side638702",Ruthravathi (T.P) Makaliyamman Kovil Street(Sedapalayam) W.No.3; Ruthravathi (T.P) Kundadam Sedapalayam Road W.No.9; Ruthravathi (T.P) Navakombu Harijana Street W.No.4,Indhirani.C,,0,549,0.0,False
18,"Panchayat Union Ele.School, Sedapalayam,West facing building North Side638702",Ruthravathi (T.P) Makaliyamman Kovil Street(Sedapalayam) W.No.3; Ruthravathi (T.P) Kundadam Sedapalayam Road W.No.9; Ruthravathi (T.P) Navakombu Harijana Street W.No.4,Gowri.P,,0,549,0.0,False
18,"Panchayat Union Ele.School, Sedapalayam,West facing building North Side638702",Ruthravathi (T.P) Makaliyamman Kovil Street(Sedapalayam) W.No.3; Ruthravathi (T.P) Kundadam Sedapalayam Road W.No.9; Ruthravathi (T.P) Navakombu Harijana Street W.No.4,Mohanraj.M,,0,549,0.0,False
18,"Panchayat Union Ele.School, Sedapalayam,West facing building North Side638702",Ruthravathi (T.P) Makaliyamman Kovil Street(Sedapalayam) W.No.3; Ruthravathi (T.P) Kundadam Sedapalayam Road W.No.9; Ruthravathi (T.P) Navakombu Harijana Street W.No.4,Rohini.S,,1,549,0.18,False
18,"Panchayat Union Ele.School, Sedapalayam,West facing building North Side638702",Ruthravathi (T.P) Makaliyamman Kovil Street(Sedapalayam) W.No.3; Ruthravathi (T.P) Kundadam Sedapalayam Road W.No.9; Ruthravathi (T.P) Navakombu Harijana Street W.No.4,NOTA,NOTA,0,549,0.0,False
19,"Govt.Higher Sec.School, Kundadam,South facing building (West side)",Ruthravathi (T.P) Navakombu Athidravidar Street W.No.4; Ruthravathi (T.P) Navakombu Main Street W.No.4; Ruthravathi (T.P) Uthiyuur Road W.No.10; Ruthravathi (T.P) Sowdamman Kovil Road W.No.10; Ruthravathi (T.P) Kamarajapuram W.No.11; Ruthravathi (T.P) Kovai Road W.No.11,Indirani.T,,206,606,33.99,False
19,"Govt.Higher Sec.School, Kundadam,South facing building (West side)",Ruthravathi (T.P) Navakombu Athidravidar Street W.No.4; Ruthravathi (T.P) Navakombu Main Street W.No.4; Ruthravathi (T.P) Uthiyuur Road W.No.10; Ruthravathi (T.P) Sowdamman Kovil Road W.No.10; Ruthravathi (T.P) Kamarajapuram W.No.11; Ruthravathi (T.P) Kovai Road W.No.11,Sathyabama.P,,262,606,43.23,True
19,"Govt.Higher Sec.School, Kundadam,South facing building (West side)",Ruthravathi (T.P) Navakombu Athidravidar Street W.No.4; Ruthravathi (T.P) Navakombu Main Street W.No.4; Ruthravathi (T.P) Uthiyuur Road W.No.10; Ruthravathi (T.P) Sowdamman Kovil Road W.No.10; Ruthravathi (T.P) Kamarajapuram W.No.11; Ruthravathi (T.P) Kovai Road W.No.11,Dhivya,,14,606,2.31,False
19,"Govt.Higher Sec.School, Kundadam,South facing building (West side)",Ruthravathi (T.P) Navakombu Athidravidar Street W.No.4; Ruthravathi (T.P) Navakombu Main Street W.No.4; Ruthravathi (T.P) Uthiyuur Road W.No.10; Ruthravathi (T.P) Sowdamman Kovil Road W.No.10; Ruthravathi (T.P) Kamarajapuram W.No.11; Ruthravathi (T.P) Kovai Road W.No.11,Gowri Chitra,,122,606,20.13,False
19,"Govt.Higher Sec.School, Kundadam,South facing building (West side)",Ruthravathi (T.P) Navakombu Athidravidar Street W.No.4; Ruthravathi (T.P) Navakombu Main Street W.No.4; Ruthravathi (T.P) Uthiyuur Road W.No.10; Ruthravathi (T.P) Sowdamman Kovil Road W.No.10; Ruthravathi (T.P) Kamarajapuram W.No.11; Ruthravathi (T.P) Kovai Road W.No.11,Ananthi.S,,0,606,0.0,False
19,"Govt.Higher Sec.School, Kundadam,South facing building (West side)",Ruthravathi (T.P) Navakombu Athidravidar Street W.No.4; Ruthravathi (T.P) Navakombu Main Street W.No.4; Ruthravathi (T.P) Uthiyuur Road W.No.10; Ruthravathi (T.P) Sowdamman Kovil Road W.No.10; Ruthravathi (T.P) Kamarajapuram W.No.11; Ruthravathi (T.P) Kovai Road W.No.11,Indhirani.C,,0,606,0.0,False
19,"Govt.Higher Sec.School, Kundadam,South facing building (West side)",Ruthravathi (T.P) Navakombu Athidravidar Street W.No.4; Ruthravathi (T.P) Navakombu Main Street W.No.4; Ruthravathi (T.P) Uthiyuur Road W.No.10; Ruthravathi (T.P) Sowdamman Kovil Road W.No.10; Ruthravathi (T.P) Kamarajapuram W.No.11; Ruthravathi (T.P) Kovai Road W.No.11,Gowri.P,,0,606,0.0,False
19,"Govt.Higher Sec.School, Kundadam,South facing building (West side)",Ruthravathi (T.P) Navakombu Athidravidar Street W.No.4; Ruthravathi (T.P) Navakombu Main Street W.No.4; Ruthravathi (T.P) Uthiyuur Road W.No.10; Ruthravathi (T.P) Sowdamman Kovil Road W.No.10; Ruthravathi (T.P) Kamarajapuram W.No.11; Ruthravathi (T.P) Kovai Road W.No.11,Mohanraj.M,,0,606,0.0,False
19,"Govt.Higher Sec.School, Kundadam,South facing building (West side)",Ruthravathi (T.P) Navakombu Athidravidar Street W.No.4; Ruthravathi (T.P) Navakombu Main Street W.No.4; Ruthravathi (T.P) Uthiyuur Road W.No.10; Ruthravathi (T.P) Sowdamman Kovil Road W.No.10; Ruthravathi (T.P) Kamarajapuram W.No.11; Ruthravathi (T.P) Kovai Road W.No.11,Rohini.S,,1,606,0.17,False
19,"Govt.Higher Sec.School, Kundadam,South facing building (West side)",Ruthravathi (T.P) Navakombu Athidravidar Street W.No.4; Ruthravathi (T.P) Navakombu Main Street W.No.4; Ruthravathi (T.P) Uthiyuur Road W.No.10; Ruthravathi (T.P) Sowdamman Kovil Road W.No.10; Ruthravathi (T.P) Kamarajapuram W.No.11; Ruthravathi (T.P) Kovai Road W.No.11,NOTA,NOTA,1,606,0.17,False
20,"Govt.Higher Sec.School, Kundadam,West facing building (Center Portion)",Ruthravathi (T.P) Vadukanatha Kovil Street W.No.14; Ruthravathi (T.P) Sedapalayam Road W.No.9; Ruthravathi (T.P) Kudadam Uthiyuur Road W.No.10; Ruthravathi (T.P) Kovai Road West W.No.11; Ruthravathi (T.P) Sangappalayam Mariyamman Kovil Street W.No.14,Indirani.T,,175,515,33.98,False
20,"Govt.Higher Sec.School, Kundadam,West facing building (Center Portion)",Ruthravathi (T.P) Vadukanatha Kovil Street W.No.14; Ruthravathi (T.P) Sedapalayam Road W.No.9; Ruthravathi (T.P) Kudadam Uthiyuur Road W.No.10; Ruthravathi (T.P) Kovai Road West W.No.11; Ruthravathi (T.P) Sangappalayam Mariyamman Kovil Street W.No.14,Sathyabama.P,,199,515,38.64,True
20,"Govt.Higher Sec.School, Kundadam,West facing building (Center Portion)",Ruthravathi (T.P) Vadukanatha Kovil Street W.No.14; Ruthravathi (T.P) Sedapalayam Road W.No.9; Ruthravathi (T.P) Kudadam Uthiyuur Road W.No.10; Ruthravathi (T.P) Kovai Road West W.No.11; Ruthravathi (T.P) Sangappalayam Mariyamman Kovil Street W.No.14,Dhivya,,22,515,4.27,False
20,"Govt.Higher Sec.School, Kundadam,West facing building (Center Portion)",Ruthravathi (T.P) Vadukanatha Kovil Street W.No.14; Ruthravathi (T.P) Sedapalayam Road W.No.9; Ruthravathi (T.P) Kudadam Uthiyuur Road W.No.10; Ruthravathi (T.P) Kovai Road West W.No.11; Ruthravathi (T.P) Sangappalayam Mariyamman Kovil Street W.No.14,Gowri Chitra,,115,515,22.33,False
20,"Govt.Higher Sec.School, Kundadam,West facing building (Center Portion)",Ruthravathi (T.P) Vadukanatha Kovil Street W.No.14; Ruthravathi (T.P) Sedapalayam Road W.No.9; Ruthravathi (T.P) Kudadam Uthiyuur Road W.No.10; Ruthravathi (T.P) Kovai Road West W.No.11; Ruthravathi (T.P) Sangappalayam Mariyamman Kovil Street W.No.14,Ananthi.S,,0,515,0.0,False
20,"Govt.Higher Sec.School, Kundadam,West facing building (Center Portion)",Ruthravathi (T.P) Vadukanatha Kovil Street W.No.14; Ruthravathi (T.P) Sedapalayam Road W.No.9; Ruthravathi (T.P) Kudadam Uthiyuur Road W.No.10; Ruthravathi (T.P) Kovai Road West W.No.11; Ruthravathi (T.P) Sangappalayam Mariyamman Kovil Street W.No.14,Indhirani.C,,0,515,0.0,False
20,"Govt.Higher Sec.School, Kundadam,West facing building (Center Portion)",Ruthravathi (T.P) Vadukanatha Kovil Street W.No.14; Ruthravathi (T.P) Sedapalayam Road W.No.9; Ruthravathi (T.P) Kudadam Uthiyuur Road W.No.10; Ruthravathi (T.P) Kovai Road West W.No.11; Ruthravathi (T.P) Sangappalayam Mariyamman Kovil Street W.No.14,Gowri.P,,0,515,0.0,False
20,"Govt.Higher Sec.School, Kundadam,West facing building (Center Portion)",Ruthravathi (T.P) Vadukanatha Kovil Street W.No.14; Ruthravathi (T.P) Sedapalayam Road W.No.9; Ruthravathi (T.P) Kudadam Uthiyuur Road W.No.10; Ruthravathi (T.P) Kovai Road West W.No.11; Ruthravathi (T.P) Sangappalayam Mariyamman Kovil Street W.No.14,Mohanraj.M,,0,515,0.0,False
20,"Govt.Higher Sec.School, Kundadam,West facing building (Center Portion)",Ruthravathi (T.P) Vadukanatha Kovil Street W.No.14; Ruthravathi (T.P) Sedapalayam Road W.No.9; Ruthravathi (T.P) Kudadam Uthiyuur Road W.No.10; Ruthravathi (T.P) Kovai Road West W.No.11; Ruthravathi (T.P) Sangappalayam Mariyamman Kovil Street W.No.14,Rohini.S,,1,515,0.19,False
20,"Govt.Higher Sec.School, Kundadam,West facing building (Center Portion)",Ruthravathi (T.P) Vadukanatha Kovil Street W.No.14; Ruthravathi (T.P) Sedapalayam Road W.No.9; Ruthravathi (T.P) Kudadam Uthiyuur Road W.No.10; Ruthravathi (T.P) Kovai Road West W.No.11; Ruthravathi (T.P) Sangappalayam Mariyamman Kovil Street W.No.14,NOTA,NOTA,3,515,0.58,False
21,"Panchayat Union Ele.School, Muthanampatti-638702,East facing building (South Portion)",Ruthravathi (T.P) Sangappalayam Arijana Street W.No.14; Ruthravathi (T.P) Sangappalayam Nallur Road W.No.13; Ruthravathi (T.P) Kadalaikattu Puthur Ward No 15; Ruthravathi (T.P) Ammapalayam Arijana Street W.No.13; Ruthravathi (T.P) Ammapalayam Therkkuvalavu W.No.13; Ruthravathi (T.P) Ammapalayam Vadakkuvalavu W.No.13,Indirani.T,,139,516,26.94,False
21,"Panchayat Union Ele.School, Muthanampatti-638702,East facing building (South Portion)",Ruthravathi (T.P) Sangappalayam Arijana Street W.No.14; Ruthravathi (T.P) Sangappalayam Nallur Road W.No.13; Ruthravathi (T.P) Kadalaikattu Puthur Ward No 15; Ruthravathi (T.P) Ammapalayam Arijana Street W.No.13; Ruthravathi (T.P) Ammapalayam Therkkuvalavu W.No.13; Ruthravathi (T.P) Ammapalayam Vadakkuvalavu W.No.13,Sathyabama.P,,250,516,48.45,True
21,"Panchayat Union Ele.School, Muthanampatti-638702,East facing building (South Portion)",Ruthravathi (T.P) Sangappalayam Arijana Street W.No.14; Ruthravathi (T.P) Sangappalayam Nallur Road W.No.13; Ruthravathi (T.P) Kadalaikattu Puthur Ward No 15; Ruthravathi (T.P) Ammapalayam Arijana Street W.No.13; Ruthravathi (T.P) Ammapalayam Therkkuvalavu W.No.13; Ruthravathi (T.P) Ammapalayam Vadakkuvalavu W.No.13,Dhivya,,10,516,1.94,False
21,"Panchayat Union Ele.School, Muthanampatti-638702,East facing building (South Portion)",Ruthravathi (T.P) Sangappalayam Arijana Street W.No.14; Ruthravathi (T.P) Sangappalayam Nallur Road W.No.13; Ruthravathi (T.P) Kadalaikattu Puthur Ward No 15; Ruthravathi (T.P) Ammapalayam Arijana Street W.No.13; Ruthravathi (T.P) Ammapalayam Therkkuvalavu W.No.13; Ruthravathi (T.P) Ammapalayam Vadakkuvalavu W.No.13,Gowri Chitra,,112,516,21.71,False
21,"Panchayat Union Ele.School, Muthanampatti-638702,East facing building (South Portion)",Ruthravathi (T.P) Sangappalayam Arijana Street W.No.14; Ruthravathi (T.P) Sangappalayam Nallur Road W.No.13; Ruthravathi (T.P) Kadalaikattu Puthur Ward No 15; Ruthravathi (T.P) Ammapalayam Arijana Street W.No.13; Ruthravathi (T.P) Ammapalayam Therkkuvalavu W.No.13; Ruthravathi (T.P) Ammapalayam Vadakkuvalavu W.No.13,Ananthi.S,,1,516,0.19,False
21,"Panchayat Union Ele.School, Muthanampatti-638702,East facing building (South Portion)",Ruthravathi (T.P) Sangappalayam Arijana Street W.No.14; Ruthravathi (T.P) Sangappalayam Nallur Road W.No.13; Ruthravathi (T.P) Kadalaikattu Puthur Ward No 15; Ruthravathi (T.P) Ammapalayam Arijana Street W.No.13; Ruthravathi (T.P) Ammapalayam Therkkuvalavu W.No.13; Ruthravathi (T.P) Ammapalayam Vadakkuvalavu W.No.13,Indhirani.C,,0,516,0.0,False
21,"Panchayat Union Ele.School, Muthanampatti-638702,East facing building (South Portion)",Ruthravathi (T.P) Sangappalayam Arijana Street W.No.14; Ruthravathi (T.P) Sangappalayam Nallur Road W.No.13; Ruthravathi (T.P) Kadalaikattu Puthur Ward No 15; Ruthravathi (T.P) Ammapalayam Arijana Street W.No.13; Ruthravathi (T.P) Ammapalayam Therkkuvalavu W.No.13; Ruthravathi (T.P) Ammapalayam Vadakkuvalavu W.No.13,Gowri.P,,0,516,0.0,False
21,"Panchayat Union Ele.School, Muthanampatti-638702,East facing building (South Portion)",Ruthravathi (T.P) Sangappalayam Arijana Street W.No.14; Ruthravathi (T.P) Sangappalayam Nallur Road W.No.13; Ruthravathi (T.P) Kadalaikattu Puthur Ward No 15; Ruthravathi (T.P) Ammapalayam Arijana Street W.No.13; Ruthravathi (T.P) Ammapalayam Therkkuvalavu W.No.13; Ruthravathi (T.P) Ammapalayam Vadakkuvalavu W.No.13,Mohanraj.M,,0,516,0.0,False
21,"Panchayat Union Ele.School, Muthanampatti-638702,East facing building (South Portion)",Ruthravathi (T.P) Sangappalayam Arijana Street W.No.14; Ruthravathi (T.P) Sangappalayam Nallur Road W.No.13; Ruthravathi (T.P) Kadalaikattu Puthur Ward No 15; Ruthravathi (T.P) Ammapalayam Arijana Street W.No.13; Ruthravathi (T.P) Ammapalayam Therkkuvalavu W.No.13; Ruthravathi (T.P) Ammapalayam Vadakkuvalavu W.No.13,Rohini.S,,3,516,0.58,False
21,"Panchayat Union Ele.School, Muthanampatti-638702,East facing building (South Portion)",Ruthravathi (T.P) Sangappalayam Arijana Street W.No.14; Ruthravathi (T.P) Sangappalayam Nallur Road W.No.13; Ruthravathi (T.P) Kadalaikattu Puthur Ward No 15; Ruthravathi (T.P) Ammapalayam Arijana Street W.No.13; Ruthravathi (T.P) Ammapalayam Therkkuvalavu W.No.13; Ruthravathi (T.P) Ammapalayam Vadakkuvalavu W.No.13,NOTA,NOTA,1,516,0.19,False
22,"Panchayat Union Ele.School, Muthanampatti-638702,East facing building (North Portion)","Ruthravathi (T.P) Nallur Vinayakar Kovil Street W.No.15; Ruthravathi (T.P), Muthanampatti vinayakar KovilStreet W.No.12; Ruthravathi (T.P), Muthanampatti ArijanaStreet W.No.12; Ruthravathi (T.P) Sungiliyampalayam VeeramathiKovil Street W.No.15; Ruthravathi (T.P) Sungiliyampalayam ArijanaStreet W.No.15",Indirani.T,,241,779,30.94,False
22,"Panchayat Union Ele.School, Muthanampatti-638702,East facing building (North Portion)","Ruthravathi (T.P) Nallur Vinayakar Kovil Street W.No.15; Ruthravathi (T.P), Muthanampatti vinayakar KovilStreet W.No.12; Ruthravathi (T.P), Muthanampatti ArijanaStreet W.No.12; Ruthravathi (T.P) Sungiliyampalayam VeeramathiKovil Street W.No.15; Ruthravathi (T.P) Sungiliyampalayam ArijanaStreet W.No.15",Sathyabama.P,,351,779,45.06,True
22,"Panchayat Union Ele.School, Muthanampatti-638702,East facing building (North Portion)","Ruthravathi (T.P) Nallur Vinayakar Kovil Street W.No.15; Ruthravathi (T.P), Muthanampatti vinayakar KovilStreet W.No.12; Ruthravathi (T.P), Muthanampatti ArijanaStreet W.No.12; Ruthravathi (T.P) Sungiliyampalayam VeeramathiKovil Street W.No.15; Ruthravathi (T.P) Sungiliyampalayam ArijanaStreet W.No.15",Dhivya,,27,779,3.47,False
22,"Panchayat Union Ele.School, Muthanampatti-638702,East facing building (North Portion)","Ruthravathi (T.P) Nallur Vinayakar Kovil Street W.No.15; Ruthravathi (T.P), Muthanampatti vinayakar KovilStreet W.No.12; Ruthravathi (T.P), Muthanampatti ArijanaStreet W.No.12; Ruthravathi (T.P) Sungiliyampalayam VeeramathiKovil Street W.No.15; Ruthravathi (T.P) Sungiliyampalayam ArijanaStreet W.No.15",Gowri Chitra,,153,779,19.64,False
22,"Panchayat Union Ele.School, Muthanampatti-638702,East facing building (North Portion)","Ruthravathi (T.P) Nallur Vinayakar Kovil Street W.No.15; Ruthravathi (T.P), Muthanampatti vinayakar KovilStreet W.No.12; Ruthravathi (T.P), Muthanampatti ArijanaStreet W.No.12; Ruthravathi (T.P) Sungiliyampalayam VeeramathiKovil Street W.No.15; Ruthravathi (T.P) Sungiliyampalayam ArijanaStreet W.No.15",Ananthi.S,,0,779,0.0,False
22,"Panchayat Union Ele.School, Muthanampatti-638702,East facing building (North Portion)","Ruthravathi (T.P) Nallur Vinayakar Kovil Street W.No.15; Ruthravathi (T.P), Muthanampatti vinayakar KovilStreet W.No.12; Ruthravathi (T.P), Muthanampatti ArijanaStreet W.No.12; Ruthravathi (T.P) Sungiliyampalayam VeeramathiKovil Street W.No.15; Ruthravathi (T.P) Sungiliyampalayam ArijanaStreet W.No.15",Indhirani.C,,0,779,0.0,False
22,"Panchayat Union Ele.School, Muthanampatti-638702,East facing building (North Portion)","Ruthravathi (T.P) Nallur Vinayakar Kovil Street W.No.15; Ruthravathi (T.P), Muthanampatti vinayakar KovilStreet W.No.12; Ruthravathi (T.P), Muthanampatti ArijanaStreet W.No.12; Ruthravathi (T.P) Sungiliyampalayam VeeramathiKovil Street W.No.15; Ruthravathi (T.P) Sungiliyampalayam ArijanaStreet W.No.15",Gowri.P,,1,779,0.13,False
22,"Panchayat Union Ele.School, Muthanampatti-638702,East facing building (North Portion)","Ruthravathi (T.P) Nallur Vinayakar Kovil Street W.No.15; Ruthravathi (T.P), Muthanampatti vinayakar KovilStreet W.No.12; Ruthravathi (T.P), Muthanampatti ArijanaStreet W.No.12; Ruthravathi (T.P) Sungiliyampalayam VeeramathiKovil Street W.No.15; Ruthravathi (T.P) Sungiliyampalayam ArijanaStreet W.No.15",Mohanraj.M,,1,779,0.13,False
22,"Panchayat Union Ele.School, Muthanampatti-638702,East facing building (North Portion)","Ruthravathi (T.P) Nallur Vinayakar Kovil Street W.No.15; Ruthravathi (T.P), Muthanampatti vinayakar KovilStreet W.No.12; Ruthravathi (T.P), Muthanampatti ArijanaStreet W.No.12; Ruthravathi (T.P) Sungiliyampalayam VeeramathiKovil Street W.No.15; Ruthravathi (T.P) Sungiliyampalayam ArijanaStreet W.No.15",Rohini.S,,1,779,0.13,False
22,"Panchayat Union Ele.School, Muthanampatti-638702,East facing building (North Portion)","Ruthravathi (T.P) Nallur Vinayakar Kovil Street W.No.15; Ruthravathi (T.P), Muthanampatti vinayakar KovilStreet W.No.12; Ruthravathi (T.P), Muthanampatti ArijanaStreet W.No.12; Ruthravathi (T.P) Sungiliyampalayam VeeramathiKovil Street W.No.15; Ruthravathi (T.P) Sungiliyampalayam ArijanaStreet W.No.15",NOTA,NOTA,4,779,0.51,False
23,"Panchayat Union Elementary School,Ammapalayam, East facing Building (South Portion)","Nanthavanampalayam (R.V) and (P), Kalipalayam W.No.4; Nanthavanampalayam (R.V) and (P), Ammapalayam W.No.5; OVERSEAS ELECTORS",Indirani.T,,147,548,26.82,False
23,"Panchayat Union Elementary School,Ammapalayam, East facing Building (South Portion)","Nanthavanampalayam (R.V) and (P), Kalipalayam W.No.4; Nanthavanampalayam (R.V) and (P), Ammapalayam W.No.5; OVERSEAS ELECTORS",Sathyabama.P,,254,548,46.35,True
23,"Panchayat Union Elementary School,Ammapalayam, East facing Building (South Portion)","Nanthavanampalayam (R.V) and (P), Kalipalayam W.No.4; Nanthavanampalayam (R.V) and (P), Ammapalayam W.No.5; OVERSEAS ELECTORS",Dhivya,,16,548,2.92,False
23,"Panchayat Union Elementary School,Ammapalayam, East facing Building (South Portion)","Nanthavanampalayam (R.V) and (P), Kalipalayam W.No.4; Nanthavanampalayam (R.V) and (P), Ammapalayam W.No.5; OVERSEAS ELECTORS",Gowri Chitra,,124,548,22.63,False
23,"Panchayat Union Elementary School,Ammapalayam, East facing Building (South Portion)","Nanthavanampalayam (R.V) and (P), Kalipalayam W.No.4; Nanthavanampalayam (R.V) and (P), Ammapalayam W.No.5; OVERSEAS ELECTORS",Ananthi.S,,1,548,0.18,False
23,"Panchayat Union Elementary School,Ammapalayam, East facing Building (South Portion)","Nanthavanampalayam (R.V) and (P), Kalipalayam W.No.4; Nanthavanampalayam (R.V) and (P), Ammapalayam W.No.5; OVERSEAS ELECTORS",Indhirani.C,,0,548,0.0,False
23,"Panchayat Union Elementary School,Ammapalayam, East facing Building (South Portion)","Nanthavanampalayam (R.V) and (P), Kalipalayam W.No.4; Nanthavanampalayam (R.V) and (P), Ammapalayam W.No.5; OVERSEAS ELECTORS",Gowri.P,,0,548,0.0,False
23,"Panchayat Union Elementary School,Ammapalayam, East facing Building (South Portion)","Nanthavanampalayam (R.V) and (P), Kalipalayam W.No.4; Nanthavanampalayam (R.V) and (P), Ammapalayam W.No.5; OVERSEAS ELECTORS",Mohanraj.M,,1,548,0.18,False
23,"Panchayat Union Elementary School,Ammapalayam, East facing Building (South Portion)","Nanthavanampalayam (R.V) and (P), Kalipalayam W.No.4; Nanthavanampalayam (R.V) and (P), Ammapalayam W.No.5; OVERSEAS ELECTORS",Rohini.S,,1,548,0.18,False
23,"Panchayat Union Elementary School,Ammapalayam, East facing Building (South Portion)","Nanthavanampalayam (R.V) and (P), Kalipalayam W.No.4; Nanthavanampalayam (R.V) and (P), Ammapalayam W.No.5; OVERSEAS ELECTORS",NOTA,NOTA,4,548,0.73,False
24,"Panchayat Union Elementary School, Kannikampatti, East Facing Building (South Portion)","Nanthavanampalayam (R.V) and (P), Thangayipudur W.No.3; Nanthavanampalayam (R.V) and (P), Kannikampatti W.No.6",Indirani.T,,130,447,29.08,False
24,"Panchayat Union Elementary School, Kannikampatti, East Facing Building (South Portion)","Nanthavanampalayam (R.V) and (P), Thangayipudur W.No.3; Nanthavanampalayam (R.V) and (P), Kannikampatti W.No.6",Sathyabama.P,,161,447,36.02,True
24,"Panchayat Union Elementary School, Kannikampatti, East Facing Building (South Portion)","Nanthavanampalayam (R.V) and (P), Thangayipudur W.No.3; Nanthavanampalayam (R.V) and (P), Kannikampatti W.No.6",Dhivya,,14,447,3.13,False
24,"Panchayat Union Elementary School, Kannikampatti, East Facing Building (South Portion)","Nanthavanampalayam (R.V) and (P), Thangayipudur W.No.3; Nanthavanampalayam (R.V) and (P), Kannikampatti W.No.6",Gowri Chitra,,134,447,29.98,False
24,"Panchayat Union Elementary School, Kannikampatti, East Facing Building (South Portion)","Nanthavanampalayam (R.V) and (P), Thangayipudur W.No.3; Nanthavanampalayam (R.V) and (P), Kannikampatti W.No.6",Ananthi.S,,0,447,0.0,False
24,"Panchayat Union Elementary School, Kannikampatti, East Facing Building (South Portion)","Nanthavanampalayam (R.V) and (P), Thangayipudur W.No.3; Nanthavanampalayam (R.V) and (P), Kannikampatti W.No.6",Indhirani.C,,1,447,0.22,False
24,"Panchayat Union Elementary School, Kannikampatti, East Facing Building (South Portion)","Nanthavanampalayam (R.V) and (P), Thangayipudur W.No.3; Nanthavanampalayam (R.V) and (P), Kannikampatti W.No.6",Gowri.P,,1,447,0.22,False
24,"Panchayat Union Elementary School, Kannikampatti, East Facing Building (South Portion)","Nanthavanampalayam (R.V) and (P), Thangayipudur W.No.3; Nanthavanampalayam (R.V) and (P), Kannikampatti W.No.6",Mohanraj.M,,1,447,0.22,False
24,"Panchayat Union Elementary School, Kannikampatti, East Facing Building (South Portion)","Nanthavanampalayam (R.V) and (P), Thangayipudur W.No.3; Nanthavanampalayam (R.V) and (P), Kannikampatti W.No.6",Rohini.S,,0,447,0.0,False
24,"Panchayat Union Elementary School, Kannikampatti, East Facing Building (South Portion)","Nanthavanampalayam (R.V) and (P), Thangayipudur W.No.3; Nanthavanampalayam (R.V) and (P), Kannikampatti W.No.6",NOTA,NOTA,5,447,1.12,False
25,"PUMS, Eragampatti-638702,North Facing Building","Eragampatti (R.V) Sadaiyapalayam (P), Easwara chetti palayam W.No.3; Eragampatti (R.V) Sadaiyapalayam (P), Senbaga gounda palayam; Eragampatti (R.V) Sadaiyapalayam (P), Chandirapuram Thirumalapuram",Indirani.T,,249,654,38.07,False
25,"PUMS, Eragampatti-638702,North Facing Building","Eragampatti (R.V) Sadaiyapalayam (P), Easwara chetti palayam W.No.3; Eragampatti (R.V) Sadaiyapalayam (P), Senbaga gounda palayam; Eragampatti (R.V) Sadaiyapalayam (P), Chandirapuram Thirumalapuram",Sathyabama.P,,279,654,42.66,True
25,"PUMS, Eragampatti-638702,North Facing Building","Eragampatti (R.V) Sadaiyapalayam (P), Easwara chetti palayam W.No.3; Eragampatti (R.V) Sadaiyapalayam (P), Senbaga gounda palayam; Eragampatti (R.V) Sadaiyapalayam (P), Chandirapuram Thirumalapuram",Dhivya,,19,654,2.91,False
25,"PUMS, Eragampatti-638702,North Facing Building","Eragampatti (R.V) Sadaiyapalayam (P), Easwara chetti palayam W.No.3; Eragampatti (R.V) Sadaiyapalayam (P), Senbaga gounda palayam; Eragampatti (R.V) Sadaiyapalayam (P), Chandirapuram Thirumalapuram",Gowri Chitra,,96,654,14.68,False
25,"PUMS, Eragampatti-638702,North Facing Building","Eragampatti (R.V) Sadaiyapalayam (P), Easwara chetti palayam W.No.3; Eragampatti (R.V) Sadaiyapalayam (P), Senbaga gounda palayam; Eragampatti (R.V) Sadaiyapalayam (P), Chandirapuram Thirumalapuram",Ananthi.S,,1,654,0.15,False
25,"PUMS, Eragampatti-638702,North Facing Building","Eragampatti (R.V) Sadaiyapalayam (P), Easwara chetti palayam W.No.3; Eragampatti (R.V) Sadaiyapalayam (P), Senbaga gounda palayam; Eragampatti (R.V) Sadaiyapalayam (P), Chandirapuram Thirumalapuram",Indhirani.C,,0,654,0.0,False
25,"PUMS, Eragampatti-638702,North Facing Building","Eragampatti (R.V) Sadaiyapalayam (P), Easwara chetti palayam W.No.3; Eragampatti (R.V) Sadaiyapalayam (P), Senbaga gounda palayam; Eragampatti (R.V) Sadaiyapalayam (P), Chandirapuram Thirumalapuram",Gowri.P,,1,654,0.15,False
25,"PUMS, Eragampatti-638702,North Facing Building","Eragampatti (R.V) Sadaiyapalayam (P), Easwara chetti palayam W.No.3; Eragampatti (R.V) Sadaiyapalayam (P), Senbaga gounda palayam; Eragampatti (R.V) Sadaiyapalayam (P), Chandirapuram Thirumalapuram",Mohanraj.M,,0,654,0.0,False
25,"PUMS, Eragampatti-638702,North Facing Building","Eragampatti (R.V) Sadaiyapalayam (P), Easwara chetti palayam W.No.3; Eragampatti (R.V) Sadaiyapalayam (P), Senbaga gounda palayam; Eragampatti (R.V) Sadaiyapalayam (P), Chandirapuram Thirumalapuram",Rohini.S,,2,654,0.31,False
25,"PUMS, Eragampatti-638702,North Facing Building","Eragampatti (R.V) Sadaiyapalayam (P), Easwara chetti palayam W.No.3; Eragampatti (R.V) Sadaiyapalayam (P), Senbaga gounda palayam; Eragampatti (R.V) Sadaiyapalayam (P), Chandirapuram Thirumalapuram",NOTA,NOTA,7,654,1.07,False
26,"W.No.4 PUMS, Eragampatti - 638702,East facing building (North side)","Eragampatti (R.V) Sadaiyapalayam (P), Erakampatti Narayanapuram W.No.4; Eragampatti (R.V) Sadaiyapalayam (P), Chettipalayam W.No.4",Indirani.T,,214,560,38.21,False
26,"W.No.4 PUMS, Eragampatti - 638702,East facing building (North side)","Eragampatti (R.V) Sadaiyapalayam (P), Erakampatti Narayanapuram W.No.4; Eragampatti (R.V) Sadaiyapalayam (P), Chettipalayam W.No.4",Sathyabama.P,,221,560,39.46,True
26,"W.No.4 PUMS, Eragampatti - 638702,East facing building (North side)","Eragampatti (R.V) Sadaiyapalayam (P), Erakampatti Narayanapuram W.No.4; Eragampatti (R.V) Sadaiyapalayam (P), Chettipalayam W.No.4",Dhivya,,9,560,1.61,False
26,"W.No.4 PUMS, Eragampatti - 638702,East facing building (North side)","Eragampatti (R.V) Sadaiyapalayam (P), Erakampatti Narayanapuram W.No.4; Eragampatti (R.V) Sadaiyapalayam (P), Chettipalayam W.No.4",Gowri Chitra,,103,560,18.39,False
26,"W.No.4 PUMS, Eragampatti - 638702,East facing building (North side)","Eragampatti (R.V) Sadaiyapalayam (P), Erakampatti Narayanapuram W.No.4; Eragampatti (R.V) Sadaiyapalayam (P), Chettipalayam W.No.4",Ananthi.S,,0,560,0.0,False
26,"W.No.4 PUMS, Eragampatti - 638702,East facing building (North side)","Eragampatti (R.V) Sadaiyapalayam (P), Erakampatti Narayanapuram W.No.4; Eragampatti (R.V) Sadaiyapalayam (P), Chettipalayam W.No.4",Indhirani.C,,0,560,0.0,False
26,"W.No.4 PUMS, Eragampatti - 638702,East facing building (North side)","Eragampatti (R.V) Sadaiyapalayam (P), Erakampatti Narayanapuram W.No.4; Eragampatti (R.V) Sadaiyapalayam (P), Chettipalayam W.No.4",Gowri.P,,1,560,0.18,False
26,"W.No.4 PUMS, Eragampatti - 638702,East facing building (North side)","Eragampatti (R.V) Sadaiyapalayam (P), Erakampatti Narayanapuram W.No.4; Eragampatti (R.V) Sadaiyapalayam (P), Chettipalayam W.No.4",Mohanraj.M,,1,560,0.18,False
26,"W.No.4 PUMS, Eragampatti - 638702,East facing building (North side)","Eragampatti (R.V) Sadaiyapalayam (P), Erakampatti Narayanapuram W.No.4; Eragampatti (R.V) Sadaiyapalayam (P), Chettipalayam W.No.4",Rohini.S,,7,560,1.25,False
26,"W.No.4 PUMS, Eragampatti - 638702,East facing building (North side)","Eragampatti (R.V) Sadaiyapalayam (P), Erakampatti Narayanapuram W.No.4; Eragampatti (R.V) Sadaiyapalayam (P), Chettipalayam W.No.4",NOTA,NOTA,4,560,0.71,False
27,"Panchayat Union Ele.School Ottapalayam 638702,North Facing Tiled Building Western Side","Eragampatti (R.V) Sadaiyapalayam (P), Velliyam palayam W.No.1; Eragampatti (R.V) Sadaiyapalayam (P), Singaripalayam west W.No.1; Eragampatti (R.V) Sadaiyapalayam (P), Ootappalayam W.No.1",Indirani.T,,154,615,25.04,False
27,"Panchayat Union Ele.School Ottapalayam 638702,North Facing Tiled Building Western Side","Eragampatti (R.V) Sadaiyapalayam (P), Velliyam palayam W.No.1; Eragampatti (R.V) Sadaiyapalayam (P), Singaripalayam west W.No.1; Eragampatti (R.V) Sadaiyapalayam (P), Ootappalayam W.No.1",Sathyabama.P,,343,615,55.77,True
27,"Panchayat Union Ele.School Ottapalayam 638702,North Facing Tiled Building Western Side","Eragampatti (R.V) Sadaiyapalayam (P), Velliyam palayam W.No.1; Eragampatti (R.V) Sadaiyapalayam (P), Singaripalayam west W.No.1; Eragampatti (R.V) Sadaiyapalayam (P), Ootappalayam W.No.1",Dhivya,,18,615,2.93,False
27,"Panchayat Union Ele.School Ottapalayam 638702,North Facing Tiled Building Western Side","Eragampatti (R.V) Sadaiyapalayam (P), Velliyam palayam W.No.1; Eragampatti (R.V) Sadaiyapalayam (P), Singaripalayam west W.No.1; Eragampatti (R.V) Sadaiyapalayam (P), Ootappalayam W.No.1",Gowri Chitra,,93,615,15.12,False
27,"Panchayat Union Ele.School Ottapalayam 638702,North Facing Tiled Building Western Side","Eragampatti (R.V) Sadaiyapalayam (P), Velliyam palayam W.No.1; Eragampatti (R.V) Sadaiyapalayam (P), Singaripalayam west W.No.1; Eragampatti (R.V) Sadaiyapalayam (P), Ootappalayam W.No.1",Ananthi.S,,1,615,0.16,False
27,"Panchayat Union Ele.School Ottapalayam 638702,North Facing Tiled Building Western Side","Eragampatti (R.V) Sadaiyapalayam (P), Velliyam palayam W.No.1; Eragampatti (R.V) Sadaiyapalayam (P), Singaripalayam west W.No.1; Eragampatti (R.V) Sadaiyapalayam (P), Ootappalayam W.No.1",Indhirani.C,,0,615,0.0,False
27,"Panchayat Union Ele.School Ottapalayam 638702,North Facing Tiled Building Western Side","Eragampatti (R.V) Sadaiyapalayam (P), Velliyam palayam W.No.1; Eragampatti (R.V) Sadaiyapalayam (P), Singaripalayam west W.No.1; Eragampatti (R.V) Sadaiyapalayam (P), Ootappalayam W.No.1",Gowri.P,,0,615,0.0,False
27,"Panchayat Union Ele.School Ottapalayam 638702,North Facing Tiled Building Western Side","Eragampatti (R.V) Sadaiyapalayam (P), Velliyam palayam W.No.1; Eragampatti (R.V) Sadaiyapalayam (P), Singaripalayam west W.No.1; Eragampatti (R.V) Sadaiyapalayam (P), Ootappalayam W.No.1",Mohanraj.M,,1,615,0.16,False
27,"Panchayat Union Ele.School Ottapalayam 638702,North Facing Tiled Building Western Side","Eragampatti (R.V) Sadaiyapalayam (P), Velliyam palayam W.No.1; Eragampatti (R.V) Sadaiyapalayam (P), Singaripalayam west W.No.1; Eragampatti (R.V) Sadaiyapalayam (P), Ootappalayam W.No.1",Rohini.S,,1,615,0.16,False
27,"Panchayat Union Ele.School Ottapalayam 638702,North Facing Tiled Building Western Side","Eragampatti (R.V) Sadaiyapalayam (P), Velliyam palayam W.No.1; Eragampatti (R.V) Sadaiyapalayam (P), Singaripalayam west W.No.1; Eragampatti (R.V) Sadaiyapalayam (P), Ootappalayam W.No.1",NOTA,NOTA,4,615,0.65,False
28,"Panchayat Union Ele.School Ottapalayam 638702,North Facing","Eragampatti (R.V) Sadaiyapalayam (P), Sadaiyampalayam W.No.1; Eragampatti (R.V) Sadaiyapalayam (P), Singaripalayam East W.No.1",Indirani.T,,114,581,19.62,False
28,"Panchayat Union Ele.School Ottapalayam 638702,North Facing","Eragampatti (R.V) Sadaiyapalayam (P), Sadaiyampalayam W.No.1; Eragampatti (R.V) Sadaiyapalayam (P), Singaripalayam East W.No.1",Sathyabama.P,,350,581,60.24,True
28,"Panchayat Union Ele.School Ottapalayam 638702,North Facing","Eragampatti (R.V) Sadaiyapalayam (P), Sadaiyampalayam W.No.1; Eragampatti (R.V) Sadaiyapalayam (P), Singaripalayam East W.No.1",Dhivya,,18,581,3.1,False
28,"Panchayat Union Ele.School Ottapalayam 638702,North Facing","Eragampatti (R.V) Sadaiyapalayam (P), Sadaiyampalayam W.No.1; Eragampatti (R.V) Sadaiyapalayam (P), Singaripalayam East W.No.1",Gowri Chitra,,94,581,16.18,False
28,"Panchayat Union Ele.School Ottapalayam 638702,North Facing","Eragampatti (R.V) Sadaiyapalayam (P), Sadaiyampalayam W.No.1; Eragampatti (R.V) Sadaiyapalayam (P), Singaripalayam East W.No.1",Ananthi.S,,0,581,0.0,False
28,"Panchayat Union Ele.School Ottapalayam 638702,North Facing","Eragampatti (R.V) Sadaiyapalayam (P), Sadaiyampalayam W.No.1; Eragampatti (R.V) Sadaiyapalayam (P), Singaripalayam East W.No.1",Indhirani.C,,0,581,0.0,False
28,"Panchayat Union Ele.School Ottapalayam 638702,North Facing","Eragampatti (R.V) Sadaiyapalayam (P), Sadaiyampalayam W.No.1; Eragampatti (R.V) Sadaiyapalayam (P), Singaripalayam East W.No.1",Gowri.P,,0,581,0.0,False
28,"Panchayat Union Ele.School Ottapalayam 638702,North Facing","Eragampatti (R.V) Sadaiyapalayam (P), Sadaiyampalayam W.No.1; Eragampatti (R.V) Sadaiyapalayam (P), Singaripalayam East W.No.1",Mohanraj.M,,0,581,0.0,False
28,"Panchayat Union Ele.School Ottapalayam 638702,North Facing","Eragampatti (R.V) Sadaiyapalayam (P), Sadaiyampalayam W.No.1; Eragampatti (R.V) Sadaiyapalayam (P), Singaripalayam East W.No.1",Rohini.S,,1,581,0.17,False
28,"Panchayat Union Ele.School Ottapalayam 638702,North Facing","Eragampatti (R.V) Sadaiyapalayam (P), Sadaiyampalayam W.No.1; Eragampatti (R.V) Sadaiyapalayam (P), Singaripalayam East W.No.1",NOTA,NOTA,4,581,0.69,False
29,"Tiled Building (Eastern Side) P.U.M.School, Manoorpalayam-641","Manoorpalayam (R.V) Sadaiyampalayam (P), Pettaikalai palayam W.No.2",Indirani.T,,149,648,22.99,False
29,"Tiled Building (Eastern Side) P.U.M.School, Manoorpalayam-641","Manoorpalayam (R.V) Sadaiyampalayam (P), Pettaikalai palayam W.No.2",Sathyabama.P,,356,648,54.94,True
29,"Tiled Building (Eastern Side) P.U.M.School, Manoorpalayam-641","Manoorpalayam (R.V) Sadaiyampalayam (P), Pettaikalai palayam W.No.2",Dhivya,,13,648,2.01,False
29,"Tiled Building (Eastern Side) P.U.M.School, Manoorpalayam-641","Manoorpalayam (R.V) Sadaiyampalayam (P), Pettaikalai palayam W.No.2",Gowri Chitra,,124,648,19.14,False
29,"Tiled Building (Eastern Side) P.U.M.School, Manoorpalayam-641","Manoorpalayam (R.V) Sadaiyampalayam (P), Pettaikalai palayam W.No.2",Ananthi.S,,0,648,0.0,False
29,"Tiled Building (Eastern Side) P.U.M.School, Manoorpalayam-641","Manoorpalayam (R.V) Sadaiyampalayam (P), Pettaikalai palayam W.No.2",Indhirani.C,,0,648,0.0,False
29,"Tiled Building (Eastern Side) P.U.M.School, Manoorpalayam-641","Manoorpalayam (R.V) Sadaiyampalayam (P), Pettaikalai palayam W.No.2",Gowri.P,,1,648,0.15,False
29,"Tiled Building (Eastern Side) P.U.M.School, Manoorpalayam-641","Manoorpalayam (R.V) Sadaiyampalayam (P), Pettaikalai palayam W.No.2",Mohanraj.M,,1,648,0.15,False
29,"Tiled Building (Eastern Side) P.U.M.School, Manoorpalayam-641","Manoorpalayam (R.V) Sadaiyampalayam (P), Pettaikalai palayam W.No.2",Rohini.S,,2,648,0.31,False
29,"Tiled Building (Eastern Side) P.U.M.School, Manoorpalayam-641","Manoorpalayam (R.V) Sadaiyampalayam (P), Pettaikalai palayam W.No.2",NOTA,NOTA,2,648,0.31,False
30,"671,Building facing West P.U.M.School, Manoorpalayam-641 671,Building facing East","Manoorpalayam (R.V) Sadaiyampalayam (P), Kolanthapalayam W.No.2; Manoorpalayam (R.V) Sadaiyampalayam (P), Manurpalayam w.no.2",Indirani.T,,181,614,29.48,False
30,"671,Building facing West P.U.M.School, Manoorpalayam-641 671,Building facing East","Manoorpalayam (R.V) Sadaiyampalayam (P), Kolanthapalayam W.No.2; Manoorpalayam (R.V) Sadaiyampalayam (P), Manurpalayam w.no.2",Sathyabama.P,,296,614,48.21,True
30,"671,Building facing West P.U.M.School, Manoorpalayam-641 671,Building facing East","Manoorpalayam (R.V) Sadaiyampalayam (P), Kolanthapalayam W.No.2; Manoorpalayam (R.V) Sadaiyampalayam (P), Manurpalayam w.no.2",Dhivya,,12,614,1.95,False
30,"671,Building facing West P.U.M.School, Manoorpalayam-641 671,Building facing East","Manoorpalayam (R.V) Sadaiyampalayam (P), Kolanthapalayam W.No.2; Manoorpalayam (R.V) Sadaiyampalayam (P), Manurpalayam w.no.2",Gowri Chitra,,120,614,19.54,False
30,"671,Building facing West P.U.M.School, Manoorpalayam-641 671,Building facing East","Manoorpalayam (R.V) Sadaiyampalayam (P), Kolanthapalayam W.No.2; Manoorpalayam (R.V) Sadaiyampalayam (P), Manurpalayam w.no.2",Ananthi.S,,0,614,0.0,False
30,"671,Building facing West P.U.M.School, Manoorpalayam-641 671,Building facing East","Manoorpalayam (R.V) Sadaiyampalayam (P), Kolanthapalayam W.No.2; Manoorpalayam (R.V) Sadaiyampalayam (P), Manurpalayam w.no.2",Indhirani.C,,0,614,0.0,False
30,"671,Building facing West P.U.M.School, Manoorpalayam-641 671,Building facing East","Manoorpalayam (R.V) Sadaiyampalayam (P), Kolanthapalayam W.No.2; Manoorpalayam (R.V) Sadaiyampalayam (P), Manurpalayam w.no.2",Gowri.P,,1,614,0.16,False
30,"671,Building facing West P.U.M.School, Manoorpalayam-641 671,Building facing East","Manoorpalayam (R.V) Sadaiyampalayam (P), Kolanthapalayam W.No.2; Manoorpalayam (R.V) Sadaiyampalayam (P), Manurpalayam w.no.2",Mohanraj.M,,0,614,0.0,False
30,"671,Building facing West P.U.M.School, Manoorpalayam-641 671,Building facing East","Manoorpalayam (R.V) Sadaiyampalayam (P), Kolanthapalayam W.No.2; Manoorpalayam (R.V) Sadaiyampalayam (P), Manurpalayam w.no.2",Rohini.S,,1,614,0.16,False
30,"671,Building facing West P.U.M.School, Manoorpalayam-641 671,Building facing East","Manoorpalayam (R.V) Sadaiyampalayam (P), Kolanthapalayam W.No.2; Manoorpalayam (R.V) Sadaiyampalayam (P), Manurpalayam w.no.2",NOTA,NOTA,3,614,0.49,False
31,"P.U.E.School, West Sadayapalayam,South facing building","Manoorpalayam (R.V) Sadaiyampalayam (P), West sadaiyampalayam w.no.4",Indirani.T,,107,494,21.66,False
31,"P.U.E.School, West Sadayapalayam,South facing building","Manoorpalayam (R.V) Sadaiyampalayam (P), West sadaiyampalayam w.no.4",Sathyabama.P,,226,494,45.75,True
31,"P.U.E.School, West Sadayapalayam,South facing building","Manoorpalayam (R.V) Sadaiyampalayam (P), West sadaiyampalayam w.no.4",Dhivya,,11,494,2.23,False
31,"P.U.E.School, West Sadayapalayam,South facing building","Manoorpalayam (R.V) Sadaiyampalayam (P), West sadaiyampalayam w.no.4",Gowri Chitra,,144,494,29.15,False
31,"P.U.E.School, West Sadayapalayam,South facing building","Manoorpalayam (R.V) Sadaiyampalayam (P), West sadaiyampalayam w.no.4",Ananthi.S,,2,494,0.4,False
31,"P.U.E.School, West Sadayapalayam,South facing building","Manoorpalayam (R.V) Sadaiyampalayam (P), West sadaiyampalayam w.no.4",Indhirani.C,,2,494,0.4,False
31,"P.U.E.School, West Sadayapalayam,South facing building","Manoorpalayam (R.V) Sadaiyampalayam (P), West sadaiyampalayam w.no.4",Gowri.P,,0,494,0.0,False
31,"P.U.E.School, West Sadayapalayam,South facing building","Manoorpalayam (R.V) Sadaiyampalayam (P), West sadaiyampalayam w.no.4",Mohanraj.M,,0,494,0.0,False
31,"P.U.E.School, West Sadayapalayam,South facing building","Manoorpalayam (R.V) Sadaiyampalayam (P), West sadaiyampalayam w.no.4",Rohini.S,,0,494,0.0,False
31,"P.U.E.School, West Sadayapalayam,South facing building","Manoorpalayam (R.V) Sadaiyampalayam (P), West sadaiyampalayam w.no.4",NOTA,NOTA,2,494,0.4,False
32,"Village Porverty Reduction Committee Building, Karuppattipalayam, East Facing Building","Manoorpalayam (R.V) Sadaiyampalayam (P), Karuppatti palayam W.No.2",Indirani.T,,144,514,28.02,False
32,"Village Porverty Reduction Committee Building, Karuppattipalayam, East Facing Building","Manoorpalayam (R.V) Sadaiyampalayam (P), Karuppatti palayam W.No.2",Sathyabama.P,,252,514,49.03,True
32,"Village Porverty Reduction Committee Building, Karuppattipalayam, East Facing Building","Manoorpalayam (R.V) Sadaiyampalayam (P), Karuppatti palayam W.No.2",Dhivya,,9,514,1.75,False
32,"Village Porverty Reduction Committee Building, Karuppattipalayam, East Facing Building","Manoorpalayam (R.V) Sadaiyampalayam (P), Karuppatti palayam W.No.2",Gowri Chitra,,102,514,19.84,False
32,"Village Porverty Reduction Committee Building, Karuppattipalayam, East Facing Building","Manoorpalayam (R.V) Sadaiyampalayam (P), Karuppatti palayam W.No.2",Ananthi.S,,0,514,0.0,False
32,"Village Porverty Reduction Committee Building, Karuppattipalayam, East Facing Building","Manoorpalayam (R.V) Sadaiyampalayam (P), Karuppatti palayam W.No.2",Indhirani.C,,0,514,0.0,False
32,"Village Porverty Reduction Committee Building, Karuppattipalayam, East Facing Building","Manoorpalayam (R.V) Sadaiyampalayam (P), Karuppatti palayam W.No.2",Gowri.P,,0,514,0.0,False
32,"Village Porverty Reduction Committee Building, Karuppattipalayam, East Facing Building","Manoorpalayam (R.V) Sadaiyampalayam (P), Karuppatti palayam W.No.2",Mohanraj.M,,0,514,0.0,False
32,"Village Porverty Reduction Committee Building, Karuppattipalayam, East Facing Building","Manoorpalayam (R.V) Sadaiyampalayam (P), Karuppatti palayam W.No.2",Rohini.S,,1,514,0.19,False
32,"Village Porverty Reduction Committee Building, Karuppattipalayam, East Facing Building","Manoorpalayam (R.V) Sadaiyampalayam (P), Karuppatti palayam W.No.2",NOTA,NOTA,6,514,1.17,False
33,"P.U.E.S, Thottianthurai,Building facing East","Manoorpalayam (R.V) Sadaiyampalayam (P), Niraiyur W.No.3; Manoorpalayam (R.V) Sadaiyampalayam (P), Kallivalasu Udaiyarpalayam",Indirani.T,,148,700,21.14,False
33,"P.U.E.S, Thottianthurai,Building facing East","Manoorpalayam (R.V) Sadaiyampalayam (P), Niraiyur W.No.3; Manoorpalayam (R.V) Sadaiyampalayam (P), Kallivalasu Udaiyarpalayam",Sathyabama.P,,354,700,50.57,True
33,"P.U.E.S, Thottianthurai,Building facing East","Manoorpalayam (R.V) Sadaiyampalayam (P), Niraiyur W.No.3; Manoorpalayam (R.V) Sadaiyampalayam (P), Kallivalasu Udaiyarpalayam",Dhivya,,12,700,1.71,False
33,"P.U.E.S, Thottianthurai,Building facing East","Manoorpalayam (R.V) Sadaiyampalayam (P), Niraiyur W.No.3; Manoorpalayam (R.V) Sadaiyampalayam (P), Kallivalasu Udaiyarpalayam",Gowri Chitra,,179,700,25.57,False
33,"P.U.E.S, Thottianthurai,Building facing East","Manoorpalayam (R.V) Sadaiyampalayam (P), Niraiyur W.No.3; Manoorpalayam (R.V) Sadaiyampalayam (P), Kallivalasu Udaiyarpalayam",Ananthi.S,,0,700,0.0,False
33,"P.U.E.S, Thottianthurai,Building facing East","Manoorpalayam (R.V) Sadaiyampalayam (P), Niraiyur W.No.3; Manoorpalayam (R.V) Sadaiyampalayam (P), Kallivalasu Udaiyarpalayam",Indhirani.C,,0,700,0.0,False
33,"P.U.E.S, Thottianthurai,Building facing East","Manoorpalayam (R.V) Sadaiyampalayam (P), Niraiyur W.No.3; Manoorpalayam (R.V) Sadaiyampalayam (P), Kallivalasu Udaiyarpalayam",Gowri.P,,0,700,0.0,False
33,"P.U.E.S, Thottianthurai,Building facing East","Manoorpalayam (R.V) Sadaiyampalayam (P), Niraiyur W.No.3; Manoorpalayam (R.V) Sadaiyampalayam (P), Kallivalasu Udaiyarpalayam",Mohanraj.M,,0,700,0.0,False
33,"P.U.E.S, Thottianthurai,Building facing East","Manoorpalayam (R.V) Sadaiyampalayam (P), Niraiyur W.No.3; Manoorpalayam (R.V) Sadaiyampalayam (P), Kallivalasu Udaiyarpalayam",Rohini.S,,3,700,0.43,False
33,"P.U.E.S, Thottianthurai,Building facing East","Manoorpalayam (R.V) Sadaiyampalayam (P), Niraiyur W.No.3; Manoorpalayam (R.V) Sadaiyampalayam (P), Kallivalasu Udaiyarpalayam",NOTA,NOTA,4,700,0.57,False
34,"W.No.3 P.U.E.S, Thottianthurai,Building facing North","Manoorpalayam (R.V) Sadaiyampalayam (P), Thottiyanthurai W.No.3",Indirani.T,,159,486,32.72,False
34,"W.No.3 P.U.E.S, Thottianthurai,Building facing North","Manoorpalayam (R.V) Sadaiyampalayam (P), Thottiyanthurai W.No.3",Sathyabama.P,,191,486,39.3,True
34,"W.No.3 P.U.E.S, Thottianthurai,Building facing North","Manoorpalayam (R.V) Sadaiyampalayam (P), Thottiyanthurai W.No.3",Dhivya,,12,486,2.47,False
34,"W.No.3 P.U.E.S, Thottianthurai,Building facing North","Manoorpalayam (R.V) Sadaiyampalayam (P), Thottiyanthurai W.No.3",Gowri Chitra,,120,486,24.69,False
34,"W.No.3 P.U.E.S, Thottianthurai,Building facing North","Manoorpalayam (R.V) Sadaiyampalayam (P), Thottiyanthurai W.No.3",Ananthi.S,,0,486,0.0,False
34,"W.No.3 P.U.E.S, Thottianthurai,Building facing North","Manoorpalayam (R.V) Sadaiyampalayam (P), Thottiyanthurai W.No.3",Indhirani.C,,0,486,0.0,False
34,"W.No.3 P.U.E.S, Thottianthurai,Building facing North","Manoorpalayam (R.V) Sadaiyampalayam (P), Thottiyanthurai W.No.3",Gowri.P,,0,486,0.0,False
34,"W.No.3 P.U.E.S, Thottianthurai,Building facing North","Manoorpalayam (R.V) Sadaiyampalayam (P), Thottiyanthurai W.No.3",Mohanraj.M,,0,486,0.0,False
34,"W.No.3 P.U.E.S, Thottianthurai,Building facing North","Manoorpalayam (R.V) Sadaiyampalayam (P), Thottiyanthurai W.No.3",Rohini.S,,0,486,0.0,False
34,"W.No.3 P.U.E.S, Thottianthurai,Building facing North","Manoorpalayam (R.V) Sadaiyampalayam (P), Thottiyanthurai W.No.3",NOTA,NOTA,4,486,0.82,False
35,"Panchayat Union Ele.School, Muthaiampatti 638702,North facing building","Muthiyampatti (R.V) and (P), Muthiyampatti W.No.1",Indirani.T,,196,730,26.85,False
35,"Panchayat Union Ele.School, Muthaiampatti 638702,North facing building","Muthiyampatti (R.V) and (P), Muthiyampatti W.No.1",Sathyabama.P,,365,730,50.0,True
35,"Panchayat Union Ele.School, Muthaiampatti 638702,North facing building","Muthiyampatti (R.V) and (P), Muthiyampatti W.No.1",Dhivya,,23,730,3.15,False
35,"Panchayat Union Ele.School, Muthaiampatti 638702,North facing building","Muthiyampatti (R.V) and (P), Muthiyampatti W.No.1",Gowri Chitra,,135,730,18.49,False
35,"Panchayat Union Ele.School, Muthaiampatti 638702,North facing building","Muthiyampatti (R.V) and (P), Muthiyampatti W.No.1",Ananthi.S,,3,730,0.41,False
35,"Panchayat Union Ele.School, Muthaiampatti 638702,North facing building","Muthiyampatti (R.V) and (P), Muthiyampatti W.No.1",Indhirani.C,,0,730,0.0,False
35,"Panchayat Union Ele.School, Muthaiampatti 638702,North facing building","Muthiyampatti (R.V) and (P), Muthiyampatti W.No.1",Gowri.P,,0,730,0.0,False
35,"Panchayat Union Ele.School, Muthaiampatti 638702,North facing building","Muthiyampatti (R.V) and (P), Muthiyampatti W.No.1",Mohanraj.M,,0,730,0.0,False
35,"Panchayat Union Ele.School, Muthaiampatti 638702,North facing building","Muthiyampatti (R.V) and (P), Muthiyampatti W.No.1",Rohini.S,,1,730,0.14,False
35,"Panchayat Union Ele.School, Muthaiampatti 638702,North facing building","Muthiyampatti (R.V) and (P), Muthiyampatti W.No.1",NOTA,NOTA,7,730,0.96,False
36,"Anganwadi Center, Muthaiampatti 638702,North facing building (Separate Poration)","Muthiyampatti (R.V) and (P), Nallipalayam puthur W.No.2; Muthiyampatti (R.V) and (P), Nalliyampalayam W.No.3; Periyakumara palayam (R.V) and (P), Periyakumarapalayamn East W.No.2",Indirani.T,,69,240,28.75,False
36,"Anganwadi Center, Muthaiampatti 638702,North facing building (Separate Poration)","Muthiyampatti (R.V) and (P), Nallipalayam puthur W.No.2; Muthiyampatti (R.V) and (P), Nalliyampalayam W.No.3; Periyakumara palayam (R.V) and (P), Periyakumarapalayamn East W.No.2",Sathyabama.P,,108,240,45.0,True
36,"Anganwadi Center, Muthaiampatti 638702,North facing building (Separate Poration)","Muthiyampatti (R.V) and (P), Nallipalayam puthur W.No.2; Muthiyampatti (R.V) and (P), Nalliyampalayam W.No.3; Periyakumara palayam (R.V) and (P), Periyakumarapalayamn East W.No.2",Dhivya,,3,240,1.25,False
36,"Anganwadi Center, Muthaiampatti 638702,North facing building (Separate Poration)","Muthiyampatti (R.V) and (P), Nallipalayam puthur W.No.2; Muthiyampatti (R.V) and (P), Nalliyampalayam W.No.3; Periyakumara palayam (R.V) and (P), Periyakumarapalayamn East W.No.2",Gowri Chitra,,58,240,24.17,False
36,"Anganwadi Center, Muthaiampatti 638702,North facing building (Separate Poration)","Muthiyampatti (R.V) and (P), Nallipalayam puthur W.No.2; Muthiyampatti (R.V) and (P), Nalliyampalayam W.No.3; Periyakumara palayam (R.V) and (P), Periyakumarapalayamn East W.No.2",Ananthi.S,,0,240,0.0,False
36,"Anganwadi Center, Muthaiampatti 638702,North facing building (Separate Poration)","Muthiyampatti (R.V) and (P), Nallipalayam puthur W.No.2; Muthiyampatti (R.V) and (P), Nalliyampalayam W.No.3; Periyakumara palayam (R.V) and (P), Periyakumarapalayamn East W.No.2",Indhirani.C,,0,240,0.0,False
36,"Anganwadi Center, Muthaiampatti 638702,North facing building (Separate Poration)","Muthiyampatti (R.V) and (P), Nallipalayam puthur W.No.2; Muthiyampatti (R.V) and (P), Nalliyampalayam W.No.3; Periyakumara palayam (R.V) and (P), Periyakumarapalayamn East W.No.2",Gowri.P,,0,240,0.0,False
36,"Anganwadi Center, Muthaiampatti 638702,North facing building (Separate Poration)","Muthiyampatti (R.V) and (P), Nallipalayam puthur W.No.2; Muthiyampatti (R.V) and (P), Nalliyampalayam W.No.3; Periyakumara palayam (R.V) and (P), Periyakumarapalayamn East W.No.2",Mohanraj.M,,0,240,0.0,False
36,"Anganwadi Center, Muthaiampatti 638702,North facing building (Separate Poration)","Muthiyampatti (R.V) and (P), Nallipalayam puthur W.No.2; Muthiyampatti (R.V) and (P), Nalliyampalayam W.No.3; Periyakumara palayam (R.V) and (P), Periyakumarapalayamn East W.No.2",Rohini.S,,2,240,0.83,False
36,"Anganwadi Center, Muthaiampatti 638702,North facing building (Separate Poration)","Muthiyampatti (R.V) and (P), Nallipalayam puthur W.No.2; Muthiyampatti (R.V) and (P), Nalliyampalayam W.No.3; Periyakumara palayam (R.V) and (P), Periyakumarapalayamn East W.No.2",NOTA,NOTA,0,240,0.0,False
37,"Panchayat Union Middle School, Periyakumarapalayam, East facing Building (South Portion) W.No.1","Periyakumara palayam (R.V) and (P), Periyakumara palayam Maiyam W.No.1; Periyakumara palayam (R.V) and (P), Periyakumara palayam west W.No.1; Periyakumara palayam (R.V) and (P), Periyakumara palayam Theinkilakku",Indirani.T,,158,608,25.99,False
37,"Panchayat Union Middle School, Periyakumarapalayam, East facing Building (South Portion) W.No.1","Periyakumara palayam (R.V) and (P), Periyakumara palayam Maiyam W.No.1; Periyakumara palayam (R.V) and (P), Periyakumara palayam west W.No.1; Periyakumara palayam (R.V) and (P), Periyakumara palayam Theinkilakku",Sathyabama.P,,275,608,45.23,True
37,"Panchayat Union Middle School, Periyakumarapalayam, East facing Building (South Portion) W.No.1","Periyakumara palayam (R.V) and (P), Periyakumara palayam Maiyam W.No.1; Periyakumara palayam (R.V) and (P), Periyakumara palayam west W.No.1; Periyakumara palayam (R.V) and (P), Periyakumara palayam Theinkilakku",Dhivya,,21,608,3.45,False
37,"Panchayat Union Middle School, Periyakumarapalayam, East facing Building (South Portion) W.No.1","Periyakumara palayam (R.V) and (P), Periyakumara palayam Maiyam W.No.1; Periyakumara palayam (R.V) and (P), Periyakumara palayam west W.No.1; Periyakumara palayam (R.V) and (P), Periyakumara palayam Theinkilakku",Gowri Chitra,,147,608,24.18,False
37,"Panchayat Union Middle School, Periyakumarapalayam, East facing Building (South Portion) W.No.1","Periyakumara palayam (R.V) and (P), Periyakumara palayam Maiyam W.No.1; Periyakumara palayam (R.V) and (P), Periyakumara palayam west W.No.1; Periyakumara palayam (R.V) and (P), Periyakumara palayam Theinkilakku",Ananthi.S,,2,608,0.33,False
37,"Panchayat Union Middle School, Periyakumarapalayam, East facing Building (South Portion) W.No.1","Periyakumara palayam (R.V) and (P), Periyakumara palayam Maiyam W.No.1; Periyakumara palayam (R.V) and (P), Periyakumara palayam west W.No.1; Periyakumara palayam (R.V) and (P), Periyakumara palayam Theinkilakku",Indhirani.C,,0,608,0.0,False
37,"Panchayat Union Middle School, Periyakumarapalayam, East facing Building (South Portion) W.No.1","Periyakumara palayam (R.V) and (P), Periyakumara palayam Maiyam W.No.1; Periyakumara palayam (R.V) and (P), Periyakumara palayam west W.No.1; Periyakumara palayam (R.V) and (P), Periyakumara palayam Theinkilakku",Gowri.P,,1,608,0.16,False
37,"Panchayat Union Middle School, Periyakumarapalayam, East facing Building (South Portion) W.No.1","Periyakumara palayam (R.V) and (P), Periyakumara palayam Maiyam W.No.1; Periyakumara palayam (R.V) and (P), Periyakumara palayam west W.No.1; Periyakumara palayam (R.V) and (P), Periyakumara palayam Theinkilakku",Mohanraj.M,,0,608,0.0,False
37,"Panchayat Union Middle School, Periyakumarapalayam, East facing Building (South Portion) W.No.1","Periyakumara palayam (R.V) and (P), Periyakumara palayam Maiyam W.No.1; Periyakumara palayam (R.V) and (P), Periyakumara palayam west W.No.1; Periyakumara palayam (R.V) and (P), Periyakumara palayam Theinkilakku",Rohini.S,,2,608,0.33,False
37,"Panchayat Union Middle School, Periyakumarapalayam, East facing Building (South Portion) W.No.1","Periyakumara palayam (R.V) and (P), Periyakumara palayam Maiyam W.No.1; Periyakumara palayam (R.V) and (P), Periyakumara palayam west W.No.1; Periyakumara palayam (R.V) and (P), Periyakumara palayam Theinkilakku",NOTA,NOTA,2,608,0.33,False
38,"Panchayat Union Middle School, Periyakumarapalayam,Building W.No.3 All Voters facing East (North side)","Periyakumara palayam (R.V) and (P), Periyakumarapalayam Vadamerkku; Poyeekumara palayam (R.V) and (P), Mutur chinna Poolavadi W.No.2",Indirani.T,,284,855,33.22,False
38,"Panchayat Union Middle School, Periyakumarapalayam,Building W.No.3 All Voters facing East (North side)","Periyakumara palayam (R.V) and (P), Periyakumarapalayam Vadamerkku; Poyeekumara palayam (R.V) and (P), Mutur chinna Poolavadi W.No.2",Sathyabama.P,,430,855,50.29,True
38,"Panchayat Union Middle School, Periyakumarapalayam,Building W.No.3 All Voters facing East (North side)","Periyakumara palayam (R.V) and (P), Periyakumarapalayam Vadamerkku; Poyeekumara palayam (R.V) and (P), Mutur chinna Poolavadi W.No.2",Dhivya,,22,855,2.57,False
38,"Panchayat Union Middle School, Periyakumarapalayam,Building W.No.3 All Voters facing East (North side)","Periyakumara palayam (R.V) and (P), Periyakumarapalayam Vadamerkku; Poyeekumara palayam (R.V) and (P), Mutur chinna Poolavadi W.No.2",Gowri Chitra,,101,855,11.81,False
38,"Panchayat Union Middle School, Periyakumarapalayam,Building W.No.3 All Voters facing East (North side)","Periyakumara palayam (R.V) and (P), Periyakumarapalayam Vadamerkku; Poyeekumara palayam (R.V) and (P), Mutur chinna Poolavadi W.No.2",Ananthi.S,,2,855,0.23,False
38,"Panchayat Union Middle School, Periyakumarapalayam,Building W.No.3 All Voters facing East (North side)","Periyakumara palayam (R.V) and (P), Periyakumarapalayam Vadamerkku; Poyeekumara palayam (R.V) and (P), Mutur chinna Poolavadi W.No.2",Indhirani.C,,0,855,0.0,False
38,"Panchayat Union Middle School, Periyakumarapalayam,Building W.No.3 All Voters facing East (North side)","Periyakumara palayam (R.V) and (P), Periyakumarapalayam Vadamerkku; Poyeekumara palayam (R.V) and (P), Mutur chinna Poolavadi W.No.2",Gowri.P,,1,855,0.12,False
38,"Panchayat Union Middle School, Periyakumarapalayam,Building W.No.3 All Voters facing East (North side)","Periyakumara palayam (R.V) and (P), Periyakumarapalayam Vadamerkku; Poyeekumara palayam (R.V) and (P), Mutur chinna Poolavadi W.No.2",Mohanraj.M,,4,855,0.47,False
38,"Panchayat Union Middle School, Periyakumarapalayam,Building W.No.3 All Voters facing East (North side)","Periyakumara palayam (R.V) and (P), Periyakumarapalayam Vadamerkku; Poyeekumara palayam (R.V) and (P), Mutur chinna Poolavadi W.No.2",Rohini.S,,1,855,0.12,False
38,"Panchayat Union Middle School, Periyakumarapalayam,Building W.No.3 All Voters facing East (North side)","Periyakumara palayam (R.V) and (P), Periyakumarapalayam Vadamerkku; Poyeekumara palayam (R.V) and (P), Mutur chinna Poolavadi W.No.2",NOTA,NOTA,10,855,1.17,False
39,"Panchayat Union Ele.School, Kuppanaickenpatti-642201,Building facing South","Navanari (R.V) and (p), Kuppanayakkanpatti w.no.1",Indirani.T,,147,530,27.74,False
39,"Panchayat Union Ele.School, Kuppanaickenpatti-642201,Building facing South","Navanari (R.V) and (p), Kuppanayakkanpatti w.no.1",Sathyabama.P,,259,530,48.87,True
39,"Panchayat Union Ele.School, Kuppanaickenpatti-642201,Building facing South","Navanari (R.V) and (p), Kuppanayakkanpatti w.no.1",Dhivya,,6,530,1.13,False
39,"Panchayat Union Ele.School, Kuppanaickenpatti-642201,Building facing South","Navanari (R.V) and (p), Kuppanayakkanpatti w.no.1",Gowri Chitra,,116,530,21.89,False
39,"Panchayat Union Ele.School, Kuppanaickenpatti-642201,Building facing South","Navanari (R.V) and (p), Kuppanayakkanpatti w.no.1",Ananthi.S,,1,530,0.19,False
39,"Panchayat Union Ele.School, Kuppanaickenpatti-642201,Building facing South","Navanari (R.V) and (p), Kuppanayakkanpatti w.no.1",Indhirani.C,,0,530,0.0,False
39,"Panchayat Union Ele.School, Kuppanaickenpatti-642201,Building facing South","Navanari (R.V) and (p), Kuppanayakkanpatti w.no.1",Gowri.P,,0,530,0.0,False
39,"Panchayat Union Ele.School, Kuppanaickenpatti-642201,Building facing South","Navanari (R.V) and (p), Kuppanayakkanpatti w.no.1",Mohanraj.M,,1,530,0.19,False
39,"Panchayat Union Ele.School, Kuppanaickenpatti-642201,Building facing South","Navanari (R.V) and (p), Kuppanayakkanpatti w.no.1",Rohini.S,,0,530,0.0,False
39,"Panchayat Union Ele.School, Kuppanaickenpatti-642201,Building facing South","Navanari (R.V) and (p), Kuppanayakkanpatti w.no.1",NOTA,NOTA,0,530,0.0,False
40,"Panchayat Union Elementary School, Kallipalayam, North facing","Navanari (R.V)and (P), Navanari W.No.2; Navanari (R.V) and (P), Kallipalayam W.No.3",Indirani.T,,137,496,27.62,False
40,"Panchayat Union Elementary School, Kallipalayam, North facing","Navanari (R.V)and (P), Navanari W.No.2; Navanari (R.V) and (P), Kallipalayam W.No.3",Sathyabama.P,,275,496,55.44,True
40,"Panchayat Union Elementary School, Kallipalayam, North facing","Navanari (R.V)and (P), Navanari W.No.2; Navanari (R.V) and (P), Kallipalayam W.No.3",Dhivya,,8,496,1.61,False
40,"Panchayat Union Elementary School, Kallipalayam, North facing","Navanari (R.V)and (P), Navanari W.No.2; Navanari (R.V) and (P), Kallipalayam W.No.3",Gowri Chitra,,70,496,14.11,False
40,"Panchayat Union Elementary School, Kallipalayam, North facing","Navanari (R.V)and (P), Navanari W.No.2; Navanari (R.V) and (P), Kallipalayam W.No.3",Ananthi.S,,0,496,0.0,False
40,"Panchayat Union Elementary School, Kallipalayam, North facing","Navanari (R.V)and (P), Navanari W.No.2; Navanari (R.V) and (P), Kallipalayam W.No.3",Indhirani.C,,1,496,0.2,False
40,"Panchayat Union Elementary School, Kallipalayam, North facing","Navanari (R.V)and (P), Navanari W.No.2; Navanari (R.V) and (P), Kallipalayam W.No.3",Gowri.P,,1,496,0.2,False
40,"Panchayat Union Elementary School, Kallipalayam, North facing","Navanari (R.V)and (P), Navanari W.No.2; Navanari (R.V) and (P), Kallipalayam W.No.3",Mohanraj.M,,0,496,0.0,False
40,"Panchayat Union Elementary School, Kallipalayam, North facing","Navanari (R.V)and (P), Navanari W.No.2; Navanari (R.V) and (P), Kallipalayam W.No.3",Rohini.S,,0,496,0.0,False
40,"Panchayat Union Elementary School, Kallipalayam, North facing","Navanari (R.V)and (P), Navanari W.No.2; Navanari (R.V) and (P), Kallipalayam W.No.3",NOTA,NOTA,4,496,0.81,False
41,"Tiled Building (West Portion) PUES, Bellampatti-638702 ,Building facing west","Bellampatti (R.V) and (P), Bellampatti Kilakku street Merkkunstreet W.No; Bellampatti (R.V) and (P), Devangu chettiyar street Mathari street W.No",Indirani.T,,243,820,29.63,False
41,"Tiled Building (West Portion) PUES, Bellampatti-638702 ,Building facing west","Bellampatti (R.V) and (P), Bellampatti Kilakku street Merkkunstreet W.No; Bellampatti (R.V) and (P), Devangu chettiyar street Mathari street W.No",Sathyabama.P,,370,820,45.12,True
41,"Tiled Building (West Portion) PUES, Bellampatti-638702 ,Building facing west","Bellampatti (R.V) and (P), Bellampatti Kilakku street Merkkunstreet W.No; Bellampatti (R.V) and (P), Devangu chettiyar street Mathari street W.No",Dhivya,,27,820,3.29,False
41,"Tiled Building (West Portion) PUES, Bellampatti-638702 ,Building facing west","Bellampatti (R.V) and (P), Bellampatti Kilakku street Merkkunstreet W.No; Bellampatti (R.V) and (P), Devangu chettiyar street Mathari street W.No",Gowri Chitra,,174,820,21.22,False
41,"Tiled Building (West Portion) PUES, Bellampatti-638702 ,Building facing west","Bellampatti (R.V) and (P), Bellampatti Kilakku street Merkkunstreet W.No; Bellampatti (R.V) and (P), Devangu chettiyar street Mathari street W.No",Ananthi.S,,1,820,0.12,False
41,"Tiled Building (West Portion) PUES, Bellampatti-638702 ,Building facing west","Bellampatti (R.V) and (P), Bellampatti Kilakku street Merkkunstreet W.No; Bellampatti (R.V) and (P), Devangu chettiyar street Mathari street W.No",Indhirani.C,,1,820,0.12,False
41,"Tiled Building (West Portion) PUES, Bellampatti-638702 ,Building facing west","Bellampatti (R.V) and (P), Bellampatti Kilakku street Merkkunstreet W.No; Bellampatti (R.V) and (P), Devangu chettiyar street Mathari street W.No",Gowri.P,,0,820,0.0,False
41,"Tiled Building (West Portion) PUES, Bellampatti-638702 ,Building facing west","Bellampatti (R.V) and (P), Bellampatti Kilakku street Merkkunstreet W.No; Bellampatti (R.V) and (P), Devangu chettiyar street Mathari street W.No",Mohanraj.M,,0,820,0.0,False
41,"Tiled Building (West Portion) PUES, Bellampatti-638702 ,Building facing west","Bellampatti (R.V) and (P), Bellampatti Kilakku street Merkkunstreet W.No; Bellampatti (R.V) and (P), Devangu chettiyar street Mathari street W.No",Rohini.S,,1,820,0.12,False
41,"Tiled Building (West Portion) PUES, Bellampatti-638702 ,Building facing west","Bellampatti (R.V) and (P), Bellampatti Kilakku street Merkkunstreet W.No; Bellampatti (R.V) and (P), Devangu chettiyar street Mathari street W.No",NOTA,NOTA,3,820,0.37,False
42,"Panchayat Union Ele School, Bellampatti-638702,Building facing North","Bellampatti (R.V) and (P), Bellamatti Veeramathikovilstreet W.No.2; Bellampatti (R.V) and (P), Molavalasu W.No.2; Bellampatti (R.V) and (P), Maravapalayam W.No.2; Maruthur (R.V) and (P), Maruthur Kaspa W.No.1",Indirani.T,,122,538,22.68,False
42,"Panchayat Union Ele School, Bellampatti-638702,Building facing North","Bellampatti (R.V) and (P), Bellamatti Veeramathikovilstreet W.No.2; Bellampatti (R.V) and (P), Molavalasu W.No.2; Bellampatti (R.V) and (P), Maravapalayam W.No.2; Maruthur (R.V) and (P), Maruthur Kaspa W.No.1",Sathyabama.P,,325,538,60.41,True
42,"Panchayat Union Ele School, Bellampatti-638702,Building facing North","Bellampatti (R.V) and (P), Bellamatti Veeramathikovilstreet W.No.2; Bellampatti (R.V) and (P), Molavalasu W.No.2; Bellampatti (R.V) and (P), Maravapalayam W.No.2; Maruthur (R.V) and (P), Maruthur Kaspa W.No.1",Dhivya,,8,538,1.49,False
42,"Panchayat Union Ele School, Bellampatti-638702,Building facing North","Bellampatti (R.V) and (P), Bellamatti Veeramathikovilstreet W.No.2; Bellampatti (R.V) and (P), Molavalasu W.No.2; Bellampatti (R.V) and (P), Maravapalayam W.No.2; Maruthur (R.V) and (P), Maruthur Kaspa W.No.1",Gowri Chitra,,77,538,14.31,False
42,"Panchayat Union Ele School, Bellampatti-638702,Building facing North","Bellampatti (R.V) and (P), Bellamatti Veeramathikovilstreet W.No.2; Bellampatti (R.V) and (P), Molavalasu W.No.2; Bellampatti (R.V) and (P), Maravapalayam W.No.2; Maruthur (R.V) and (P), Maruthur Kaspa W.No.1",Ananthi.S,,1,538,0.19,False
42,"Panchayat Union Ele School, Bellampatti-638702,Building facing North","Bellampatti (R.V) and (P), Bellamatti Veeramathikovilstreet W.No.2; Bellampatti (R.V) and (P), Molavalasu W.No.2; Bellampatti (R.V) and (P), Maravapalayam W.No.2; Maruthur (R.V) and (P), Maruthur Kaspa W.No.1",Indhirani.C,,0,538,0.0,False
42,"Panchayat Union Ele School, Bellampatti-638702,Building facing North","Bellampatti (R.V) and (P), Bellamatti Veeramathikovilstreet W.No.2; Bellampatti (R.V) and (P), Molavalasu W.No.2; Bellampatti (R.V) and (P), Maravapalayam W.No.2; Maruthur (R.V) and (P), Maruthur Kaspa W.No.1",Gowri.P,,0,538,0.0,False
42,"Panchayat Union Ele School, Bellampatti-638702,Building facing North","Bellampatti (R.V) and (P), Bellamatti Veeramathikovilstreet W.No.2; Bellampatti (R.V) and (P), Molavalasu W.No.2; Bellampatti (R.V) and (P), Maravapalayam W.No.2; Maruthur (R.V) and (P), Maruthur Kaspa W.No.1",Mohanraj.M,,0,538,0.0,False
42,"Panchayat Union Ele School, Bellampatti-638702,Building facing North","Bellampatti (R.V) and (P), Bellamatti Veeramathikovilstreet W.No.2; Bellampatti (R.V) and (P), Molavalasu W.No.2; Bellampatti (R.V) and (P), Maravapalayam W.No.2; Maruthur (R.V) and (P), Maruthur Kaspa W.No.1",Rohini.S,,0,538,0.0,False
42,"Panchayat Union Ele School, Bellampatti-638702,Building facing North","Bellampatti (R.V) and (P), Bellamatti Veeramathikovilstreet W.No.2; Bellampatti (R.V) and (P), Molavalasu W.No.2; Bellampatti (R.V) and (P), Maravapalayam W.No.2; Maruthur (R.V) and (P), Maruthur Kaspa W.No.1",NOTA,NOTA,5,538,0.93,False
43,"Panchayat Union Ele.School, Marudur-642206,Building facing North","Maruthur (R.V) and (P), Thangayee Puthu W.No.2; Maruthur (R.V) and (P), Nagalingapuram W.No.3; Maruthur (R.V) and (P), Nochipalayam W.No.4; Maruthur (R.V) and (P), Sengattupalayam W.No.5",Indirani.T,,162,755,21.46,False
43,"Panchayat Union Ele.School, Marudur-642206,Building facing North","Maruthur (R.V) and (P), Thangayee Puthu W.No.2; Maruthur (R.V) and (P), Nagalingapuram W.No.3; Maruthur (R.V) and (P), Nochipalayam W.No.4; Maruthur (R.V) and (P), Sengattupalayam W.No.5",Sathyabama.P,,419,755,55.5,True
43,"Panchayat Union Ele.School, Marudur-642206,Building facing North","Maruthur (R.V) and (P), Thangayee Puthu W.No.2; Maruthur (R.V) and (P), Nagalingapuram W.No.3; Maruthur (R.V) and (P), Nochipalayam W.No.4; Maruthur (R.V) and (P), Sengattupalayam W.No.5",Dhivya,,16,755,2.12,False
43,"Panchayat Union Ele.School, Marudur-642206,Building facing North","Maruthur (R.V) and (P), Thangayee Puthu W.No.2; Maruthur (R.V) and (P), Nagalingapuram W.No.3; Maruthur (R.V) and (P), Nochipalayam W.No.4; Maruthur (R.V) and (P), Sengattupalayam W.No.5",Gowri Chitra,,150,755,19.87,False
43,"Panchayat Union Ele.School, Marudur-642206,Building facing North","Maruthur (R.V) and (P), Thangayee Puthu W.No.2; Maruthur (R.V) and (P), Nagalingapuram W.No.3; Maruthur (R.V) and (P), Nochipalayam W.No.4; Maruthur (R.V) and (P), Sengattupalayam W.No.5",Ananthi.S,,1,755,0.13,False
43,"Panchayat Union Ele.School, Marudur-642206,Building facing North","Maruthur (R.V) and (P), Thangayee Puthu W.No.2; Maruthur (R.V) and (P), Nagalingapuram W.No.3; Maruthur (R.V) and (P), Nochipalayam W.No.4; Maruthur (R.V) and (P), Sengattupalayam W.No.5",Indhirani.C,,0,755,0.0,False
43,"Panchayat Union Ele.School, Marudur-642206,Building facing North","Maruthur (R.V) and (P), Thangayee Puthu W.No.2; Maruthur (R.V) and (P), Nagalingapuram W.No.3; Maruthur (R.V) and (P), Nochipalayam W.No.4; Maruthur (R.V) and (P), Sengattupalayam W.No.5",Gowri.P,,0,755,0.0,False
43,"Panchayat Union Ele.School, Marudur-642206,Building facing North","Maruthur (R.V) and (P), Thangayee Puthu W.No.2; Maruthur (R.V) and (P), Nagalingapuram W.No.3; Maruthur (R.V) and (P), Nochipalayam W.No.4; Maruthur (R.V) and (P), Sengattupalayam W.No.5",Mohanraj.M,,0,755,0.0,False
43,"Panchayat Union Ele.School, Marudur-642206,Building facing North","Maruthur (R.V) and (P), Thangayee Puthu W.No.2; Maruthur (R.V) and (P), Nagalingapuram W.No.3; Maruthur (R.V) and (P), Nochipalayam W.No.4; Maruthur (R.V) and (P), Sengattupalayam W.No.5",Rohini.S,,3,755,0.4,False
43,"Panchayat Union Ele.School, Marudur-642206,Building facing North","Maruthur (R.V) and (P), Thangayee Puthu W.No.2; Maruthur (R.V) and (P), Nagalingapuram W.No.3; Maruthur (R.V) and (P), Nochipalayam W.No.4; Maruthur (R.V) and (P), Sengattupalayam W.No.5",NOTA,NOTA,4,755,0.53,False
44,"Panchayat Union Elementary School,Angitholuvu,East facing","Ponnapuram (R.V) and (P), Anghitholuvu W.No.1; OVERSEAS ELECTORS",Indirani.T,,139,486,28.6,False
44,"Panchayat Union Elementary School,Angitholuvu,East facing","Ponnapuram (R.V) and (P), Anghitholuvu W.No.1; OVERSEAS ELECTORS",Sathyabama.P,,267,486,54.94,True
44,"Panchayat Union Elementary School,Angitholuvu,East facing","Ponnapuram (R.V) and (P), Anghitholuvu W.No.1; OVERSEAS ELECTORS",Dhivya,,5,486,1.03,False
44,"Panchayat Union Elementary School,Angitholuvu,East facing","Ponnapuram (R.V) and (P), Anghitholuvu W.No.1; OVERSEAS ELECTORS",Gowri Chitra,,65,486,13.37,False
44,"Panchayat Union Elementary School,Angitholuvu,East facing","Ponnapuram (R.V) and (P), Anghitholuvu W.No.1; OVERSEAS ELECTORS",Ananthi.S,,1,486,0.21,False
44,"Panchayat Union Elementary School,Angitholuvu,East facing","Ponnapuram (R.V) and (P), Anghitholuvu W.No.1; OVERSEAS ELECTORS",Indhirani.C,,0,486,0.0,False
44,"Panchayat Union Elementary School,Angitholuvu,East facing","Ponnapuram (R.V) and (P), Anghitholuvu W.No.1; OVERSEAS ELECTORS",Gowri.P,,1,486,0.21,False
44,"Panchayat Union Elementary School,Angitholuvu,East facing","Ponnapuram (R.V) and (P), Anghitholuvu W.No.1; OVERSEAS ELECTORS",Mohanraj.M,,2,486,0.41,False
44,"Panchayat Union Elementary School,Angitholuvu,East facing","Ponnapuram (R.V) and (P), Anghitholuvu W.No.1; OVERSEAS ELECTORS",Rohini.S,,4,486,0.82,False
44,"Panchayat Union Elementary School,Angitholuvu,East facing","Ponnapuram (R.V) and (P), Anghitholuvu W.No.1; OVERSEAS ELECTORS",NOTA,NOTA,2,486,0.41,False
45,"Tiled Building P.U.E.S, Pethampatti,Building","Ponnapuram (R.V) and (P), Panapalayam Ward No 2",Indirani.T,,170,736,23.1,False
45,"Tiled Building P.U.E.S, Pethampatti,Building","Ponnapuram (R.V) and (P), Panapalayam Ward No 2",Sathyabama.P,,461,736,62.64,True
45,"Tiled Building P.U.E.S, Pethampatti,Building","Ponnapuram (R.V) and (P), Panapalayam Ward No 2",Dhivya,,12,736,1.63,False
45,"Tiled Building P.U.E.S, Pethampatti,Building","Ponnapuram (R.V) and (P), Panapalayam Ward No 2",Gowri Chitra,,85,736,11.55,False
45,"Tiled Building P.U.E.S, Pethampatti,Building","Ponnapuram (R.V) and (P), Panapalayam Ward No 2",Ananthi.S,,1,736,0.14,False
45,"Tiled Building P.U.E.S, Pethampatti,Building","Ponnapuram (R.V) and (P), Panapalayam Ward No 2",Indhirani.C,,1,736,0.14,False
45,"Tiled Building P.U.E.S, Pethampatti,Building","Ponnapuram (R.V) and (P), Panapalayam Ward No 2",Gowri.P,,0,736,0.0,False
45,"Tiled Building P.U.E.S, Pethampatti,Building","Ponnapuram (R.V) and (P), Panapalayam Ward No 2",Mohanraj.M,,0,736,0.0,False
45,"Tiled Building P.U.E.S, Pethampatti,Building","Ponnapuram (R.V) and (P), Panapalayam Ward No 2",Rohini.S,,1,736,0.14,False
45,"Tiled Building P.U.E.S, Pethampatti,Building","Ponnapuram (R.V) and (P), Panapalayam Ward No 2",NOTA,NOTA,5,736,0.68,False
46,"facing North (East Portion) P.U.E.S, Bommanaickenpatti,North facing Tiled Building","Ponnapuram (R.V) and (P), Pethampatty Ward No 3; Munduvelampatti (R.V) Pottikampalayam (P), Bommanaickenpatti W.No1",Indirani.T,,148,535,27.66,False
46,"facing North (East Portion) P.U.E.S, Bommanaickenpatti,North facing Tiled Building","Ponnapuram (R.V) and (P), Pethampatty Ward No 3; Munduvelampatti (R.V) Pottikampalayam (P), Bommanaickenpatti W.No1",Sathyabama.P,,248,535,46.36,True
46,"facing North (East Portion) P.U.E.S, Bommanaickenpatti,North facing Tiled Building","Ponnapuram (R.V) and (P), Pethampatty Ward No 3; Munduvelampatti (R.V) Pottikampalayam (P), Bommanaickenpatti W.No1",Dhivya,,19,535,3.55,False
46,"facing North (East Portion) P.U.E.S, Bommanaickenpatti,North facing Tiled Building","Ponnapuram (R.V) and (P), Pethampatty Ward No 3; Munduvelampatti (R.V) Pottikampalayam (P), Bommanaickenpatti W.No1",Gowri Chitra,,117,535,21.87,False
46,"facing North (East Portion) P.U.E.S, Bommanaickenpatti,North facing Tiled Building","Ponnapuram (R.V) and (P), Pethampatty Ward No 3; Munduvelampatti (R.V) Pottikampalayam (P), Bommanaickenpatti W.No1",Ananthi.S,,0,535,0.0,False
46,"facing North (East Portion) P.U.E.S, Bommanaickenpatti,North facing Tiled Building","Ponnapuram (R.V) and (P), Pethampatty Ward No 3; Munduvelampatti (R.V) Pottikampalayam (P), Bommanaickenpatti W.No1",Indhirani.C,,0,535,0.0,False
46,"facing North (East Portion) P.U.E.S, Bommanaickenpatti,North facing Tiled Building","Ponnapuram (R.V) and (P), Pethampatty Ward No 3; Munduvelampatti (R.V) Pottikampalayam (P), Bommanaickenpatti W.No1",Gowri.P,,0,535,0.0,False
46,"facing North (East Portion) P.U.E.S, Bommanaickenpatti,North facing Tiled Building","Ponnapuram (R.V) and (P), Pethampatty Ward No 3; Munduvelampatti (R.V) Pottikampalayam (P), Bommanaickenpatti W.No1",Mohanraj.M,,0,535,0.0,False
46,"facing North (East Portion) P.U.E.S, Bommanaickenpatti,North facing Tiled Building","Ponnapuram (R.V) and (P), Pethampatty Ward No 3; Munduvelampatti (R.V) Pottikampalayam (P), Bommanaickenpatti W.No1",Rohini.S,,1,535,0.19,False
46,"facing North (East Portion) P.U.E.S, Bommanaickenpatti,North facing Tiled Building","Ponnapuram (R.V) and (P), Pethampatty Ward No 3; Munduvelampatti (R.V) Pottikampalayam (P), Bommanaickenpatti W.No1",NOTA,NOTA,2,535,0.37,False
47,"Panchayat Union Elementary School, Erukkalampalayam, East facing Building","Munduvelampatti (R.V) Pottikampalayam (P), Nallore W.No.1; Munduvelampatti (R.V) Pottikampalayam (P), Erukalampalayam W.No.1",Indirani.T,,130,487,26.69,False
47,"Panchayat Union Elementary School, Erukkalampalayam, East facing Building","Munduvelampatti (R.V) Pottikampalayam (P), Nallore W.No.1; Munduvelampatti (R.V) Pottikampalayam (P), Erukalampalayam W.No.1",Sathyabama.P,,278,487,57.08,True
47,"Panchayat Union Elementary School, Erukkalampalayam, East facing Building","Munduvelampatti (R.V) Pottikampalayam (P), Nallore W.No.1; Munduvelampatti (R.V) Pottikampalayam (P), Erukalampalayam W.No.1",Dhivya,,16,487,3.29,False
47,"Panchayat Union Elementary School, Erukkalampalayam, East facing Building","Munduvelampatti (R.V) Pottikampalayam (P), Nallore W.No.1; Munduvelampatti (R.V) Pottikampalayam (P), Erukalampalayam W.No.1",Gowri Chitra,,55,487,11.29,False
47,"Panchayat Union Elementary School, Erukkalampalayam, East facing Building","Munduvelampatti (R.V) Pottikampalayam (P), Nallore W.No.1; Munduvelampatti (R.V) Pottikampalayam (P), Erukalampalayam W.No.1",Ananthi.S,,1,487,0.21,False
47,"Panchayat Union Elementary School, Erukkalampalayam, East facing Building","Munduvelampatti (R.V) Pottikampalayam (P), Nallore W.No.1; Munduvelampatti (R.V) Pottikampalayam (P), Erukalampalayam W.No.1",Indhirani.C,,0,487,0.0,False
47,"Panchayat Union Elementary School, Erukkalampalayam, East facing Building","Munduvelampatti (R.V) Pottikampalayam (P), Nallore W.No.1; Munduvelampatti (R.V) Pottikampalayam (P), Erukalampalayam W.No.1",Gowri.P,,0,487,0.0,False
47,"Panchayat Union Elementary School, Erukkalampalayam, East facing Building","Munduvelampatti (R.V) Pottikampalayam (P), Nallore W.No.1; Munduvelampatti (R.V) Pottikampalayam (P), Erukalampalayam W.No.1",Mohanraj.M,,1,487,0.21,False
47,"Panchayat Union Elementary School, Erukkalampalayam, East facing Building","Munduvelampatti (R.V) Pottikampalayam (P), Nallore W.No.1; Munduvelampatti (R.V) Pottikampalayam (P), Erukalampalayam W.No.1",Rohini.S,,2,487,0.41,False
47,"Panchayat Union Elementary School, Erukkalampalayam, East facing Building","Munduvelampatti (R.V) Pottikampalayam (P), Nallore W.No.1; Munduvelampatti (R.V) Pottikampalayam (P), Erukalampalayam W.No.1",NOTA,NOTA,4,487,0.82,False
48,"Govt High School, Pottickampalayam,South facing building (West Portion)","Munduvelampatti (R.V) Pottikampalayam (P), Kangeyampalayam Ward No 2; Munduvelampatti (R.V) Pottikampalayam (P), Potikanpalayam Ward No 2",Indirani.T,,183,558,32.8,False
48,"Govt High School, Pottickampalayam,South facing building (West Portion)","Munduvelampatti (R.V) Pottikampalayam (P), Kangeyampalayam Ward No 2; Munduvelampatti (R.V) Pottikampalayam (P), Potikanpalayam Ward No 2",Sathyabama.P,,294,558,52.69,True
48,"Govt High School, Pottickampalayam,South facing building (West Portion)","Munduvelampatti (R.V) Pottikampalayam (P), Kangeyampalayam Ward No 2; Munduvelampatti (R.V) Pottikampalayam (P), Potikanpalayam Ward No 2",Dhivya,,11,558,1.97,False
48,"Govt High School, Pottickampalayam,South facing building (West Portion)","Munduvelampatti (R.V) Pottikampalayam (P), Kangeyampalayam Ward No 2; Munduvelampatti (R.V) Pottikampalayam (P), Potikanpalayam Ward No 2",Gowri Chitra,,65,558,11.65,False
48,"Govt High School, Pottickampalayam,South facing building (West Portion)","Munduvelampatti (R.V) Pottikampalayam (P), Kangeyampalayam Ward No 2; Munduvelampatti (R.V) Pottikampalayam (P), Potikanpalayam Ward No 2",Ananthi.S,,2,558,0.36,False
48,"Govt High School, Pottickampalayam,South facing building (West Portion)","Munduvelampatti (R.V) Pottikampalayam (P), Kangeyampalayam Ward No 2; Munduvelampatti (R.V) Pottikampalayam (P), Potikanpalayam Ward No 2",Indhirani.C,,0,558,0.0,False
48,"Govt High School, Pottickampalayam,South facing building (West Portion)","Munduvelampatti (R.V) Pottikampalayam (P), Kangeyampalayam Ward No 2; Munduvelampatti (R.V) Pottikampalayam (P), Potikanpalayam Ward No 2",Gowri.P,,0,558,0.0,False
48,"Govt High School, Pottickampalayam,South facing building (West Portion)","Munduvelampatti (R.V) Pottikampalayam (P), Kangeyampalayam Ward No 2; Munduvelampatti (R.V) Pottikampalayam (P), Potikanpalayam Ward No 2",Mohanraj.M,,0,558,0.0,False
48,"Govt High School, Pottickampalayam,South facing building (West Portion)","Munduvelampatti (R.V) Pottikampalayam (P), Kangeyampalayam Ward No 2; Munduvelampatti (R.V) Pottikampalayam (P), Potikanpalayam Ward No 2",Rohini.S,,1,558,0.18,False
48,"Govt High School, Pottickampalayam,South facing building (West Portion)","Munduvelampatti (R.V) Pottikampalayam (P), Kangeyampalayam Ward No 2; Munduvelampatti (R.V) Pottikampalayam (P), Potikanpalayam Ward No 2",NOTA,NOTA,2,558,0.36,False
49,"Govt High School, Pottickampalayam,South facing building (East Portion)","Munduvelampatti (R.V) Pottikampalayam (P), Popanayakanpalayam Ward No 2; Munduvelampatti (R.V) Pottikampalayam (P), Chandrapuram W.No.3",Indirani.T,,188,531,35.4,False
49,"Govt High School, Pottickampalayam,South facing building (East Portion)","Munduvelampatti (R.V) Pottikampalayam (P), Popanayakanpalayam Ward No 2; Munduvelampatti (R.V) Pottikampalayam (P), Chandrapuram W.No.3",Sathyabama.P,,276,531,51.98,True
49,"Govt High School, Pottickampalayam,South facing building (East Portion)","Munduvelampatti (R.V) Pottikampalayam (P), Popanayakanpalayam Ward No 2; Munduvelampatti (R.V) Pottikampalayam (P), Chandrapuram W.No.3",Dhivya,,7,531,1.32,False
49,"Govt High School, Pottickampalayam,South facing building (East Portion)","Munduvelampatti (R.V) Pottikampalayam (P), Popanayakanpalayam Ward No 2; Munduvelampatti (R.V) Pottikampalayam (P), Chandrapuram W.No.3",Gowri Chitra,,53,531,9.98,False
49,"Govt High School, Pottickampalayam,South facing building (East Portion)","Munduvelampatti (R.V) Pottikampalayam (P), Popanayakanpalayam Ward No 2; Munduvelampatti (R.V) Pottikampalayam (P), Chandrapuram W.No.3",Ananthi.S,,0,531,0.0,False
49,"Govt High School, Pottickampalayam,South facing building (East Portion)","Munduvelampatti (R.V) Pottikampalayam (P), Popanayakanpalayam Ward No 2; Munduvelampatti (R.V) Pottikampalayam (P), Chandrapuram W.No.3",Indhirani.C,,2,531,0.38,False
49,"Govt High School, Pottickampalayam,South facing building (East Portion)","Munduvelampatti (R.V) Pottikampalayam (P), Popanayakanpalayam Ward No 2; Munduvelampatti (R.V) Pottikampalayam (P), Chandrapuram W.No.3",Gowri.P,,1,531,0.19,False
49,"Govt High School, Pottickampalayam,South facing building (East Portion)","Munduvelampatti (R.V) Pottikampalayam (P), Popanayakanpalayam Ward No 2; Munduvelampatti (R.V) Pottikampalayam (P), Chandrapuram W.No.3",Mohanraj.M,,0,531,0.0,False
49,"Govt High School, Pottickampalayam,South facing building (East Portion)","Munduvelampatti (R.V) Pottikampalayam (P), Popanayakanpalayam Ward No 2; Munduvelampatti (R.V) Pottikampalayam (P), Chandrapuram W.No.3",Rohini.S,,0,531,0.0,False
49,"Govt High School, Pottickampalayam,South facing building (East Portion)","Munduvelampatti (R.V) Pottikampalayam (P), Popanayakanpalayam Ward No 2; Munduvelampatti (R.V) Pottikampalayam (P), Chandrapuram W.No.3",NOTA,NOTA,4,531,0.75,False
50,"Panchayat Union Ele.School, Munduvelampatti,Tiled building W,No.3 All Voters facing East","Munduvelampatti (R.V) Pottikampalayam (P), Sithur Mundu Vellapan South; Munduvelampatti (R.V) Pottikampalayam (P), Munduvellappan W.No.4",Indirani.T,,216,890,24.27,False
50,"Panchayat Union Ele.School, Munduvelampatti,Tiled building W,No.3 All Voters facing East","Munduvelampatti (R.V) Pottikampalayam (P), Sithur Mundu Vellapan South; Munduvelampatti (R.V) Pottikampalayam (P), Munduvellappan W.No.4",Sathyabama.P,,517,890,58.09,True
50,"Panchayat Union Ele.School, Munduvelampatti,Tiled building W,No.3 All Voters facing East","Munduvelampatti (R.V) Pottikampalayam (P), Sithur Mundu Vellapan South; Munduvelampatti (R.V) Pottikampalayam (P), Munduvellappan W.No.4",Dhivya,,29,890,3.26,False
50,"Panchayat Union Ele.School, Munduvelampatti,Tiled building W,No.3 All Voters facing East","Munduvelampatti (R.V) Pottikampalayam (P), Sithur Mundu Vellapan South; Munduvelampatti (R.V) Pottikampalayam (P), Munduvellappan W.No.4",Gowri Chitra,,117,890,13.15,False
50,"Panchayat Union Ele.School, Munduvelampatti,Tiled building W,No.3 All Voters facing East","Munduvelampatti (R.V) Pottikampalayam (P), Sithur Mundu Vellapan South; Munduvelampatti (R.V) Pottikampalayam (P), Munduvellappan W.No.4",Ananthi.S,,2,890,0.22,False
50,"Panchayat Union Ele.School, Munduvelampatti,Tiled building W,No.3 All Voters facing East","Munduvelampatti (R.V) Pottikampalayam (P), Sithur Mundu Vellapan South; Munduvelampatti (R.V) Pottikampalayam (P), Munduvellappan W.No.4",Indhirani.C,,1,890,0.11,False
50,"Panchayat Union Ele.School, Munduvelampatti,Tiled building W,No.3 All Voters facing East","Munduvelampatti (R.V) Pottikampalayam (P), Sithur Mundu Vellapan South; Munduvelampatti (R.V) Pottikampalayam (P), Munduvellappan W.No.4",Gowri.P,,0,890,0.0,False
50,"Panchayat Union Ele.School, Munduvelampatti,Tiled building W,No.3 All Voters facing East","Munduvelampatti (R.V) Pottikampalayam (P), Sithur Mundu Vellapan South; Munduvelampatti (R.V) Pottikampalayam (P), Munduvellappan W.No.4",Mohanraj.M,,1,890,0.11,False
50,"Panchayat Union Ele.School, Munduvelampatti,Tiled building W,No.3 All Voters facing East","Munduvelampatti (R.V) Pottikampalayam (P), Sithur Mundu Vellapan South; Munduvelampatti (R.V) Pottikampalayam (P), Munduvellappan W.No.4",Rohini.S,,3,890,0.34,False
50,"Panchayat Union Ele.School, Munduvelampatti,Tiled building W,No.3 All Voters facing East","Munduvelampatti (R.V) Pottikampalayam (P), Sithur Mundu Vellapan South; Munduvelampatti (R.V) Pottikampalayam (P), Munduvellappan W.No.4",NOTA,NOTA,4,890,0.45,False
51,"P.U.E.School, Naranapuram- 638657,Building facing East","Munduvelampatti (R.V) Pottikampalayam (P), Kariyakalipudur W.no.4; Naranapuram (R.V) and (P), Narayanapuram East W.No.2",Indirani.T,,242,571,42.38,True
51,"P.U.E.School, Naranapuram- 638657,Building facing East","Munduvelampatti (R.V) Pottikampalayam (P), Kariyakalipudur W.no.4; Naranapuram (R.V) and (P), Narayanapuram East W.No.2",Sathyabama.P,,187,571,32.75,False
51,"P.U.E.School, Naranapuram- 638657,Building facing East","Munduvelampatti (R.V) Pottikampalayam (P), Kariyakalipudur W.no.4; Naranapuram (R.V) and (P), Narayanapuram East W.No.2",Dhivya,,12,571,2.1,False
51,"P.U.E.School, Naranapuram- 638657,Building facing East","Munduvelampatti (R.V) Pottikampalayam (P), Kariyakalipudur W.no.4; Naranapuram (R.V) and (P), Narayanapuram East W.No.2",Gowri Chitra,,129,571,22.59,False
51,"P.U.E.School, Naranapuram- 638657,Building facing East","Munduvelampatti (R.V) Pottikampalayam (P), Kariyakalipudur W.no.4; Naranapuram (R.V) and (P), Narayanapuram East W.No.2",Ananthi.S,,0,571,0.0,False
51,"P.U.E.School, Naranapuram- 638657,Building facing East","Munduvelampatti (R.V) Pottikampalayam (P), Kariyakalipudur W.no.4; Naranapuram (R.V) and (P), Narayanapuram East W.No.2",Indhirani.C,,0,571,0.0,False
51,"P.U.E.School, Naranapuram- 638657,Building facing East","Munduvelampatti (R.V) Pottikampalayam (P), Kariyakalipudur W.no.4; Naranapuram (R.V) and (P), Narayanapuram East W.No.2",Gowri.P,,0,571,0.0,False
51,"P.U.E.School, Naranapuram- 638657,Building facing East","Munduvelampatti (R.V) Pottikampalayam (P), Kariyakalipudur W.no.4; Naranapuram (R.V) and (P), Narayanapuram East W.No.2",Mohanraj.M,,0,571,0.0,False
51,"P.U.E.School, Naranapuram- 638657,Building facing East","Munduvelampatti (R.V) Pottikampalayam (P), Kariyakalipudur W.no.4; Naranapuram (R.V) and (P), Narayanapuram East W.No.2",Rohini.S,,0,571,0.0,False
51,"P.U.E.School, Naranapuram- 638657,Building facing East","Munduvelampatti (R.V) Pottikampalayam (P), Kariyakalipudur W.no.4; Naranapuram (R.V) and (P), Narayanapuram East W.No.2",NOTA,NOTA,1,571,0.18,False
52,"Panchayat Union Elementary School, Naranapuram, East facing","Naranapuram (R.V) and (P), Narayanapuram West W.No.2",Indirani.T,,113,365,30.96,False
52,"Panchayat Union Elementary School, Naranapuram, East facing","Naranapuram (R.V) and (P), Narayanapuram West W.No.2",Sathyabama.P,,171,365,46.85,True
52,"Panchayat Union Elementary School, Naranapuram, East facing","Naranapuram (R.V) and (P), Narayanapuram West W.No.2",Dhivya,,8,365,2.19,False
52,"Panchayat Union Elementary School, Naranapuram, East facing","Naranapuram (R.V) and (P), Narayanapuram West W.No.2",Gowri Chitra,,65,365,17.81,False
52,"Panchayat Union Elementary School, Naranapuram, East facing","Naranapuram (R.V) and (P), Narayanapuram West W.No.2",Ananthi.S,,0,365,0.0,False
52,"Panchayat Union Elementary School, Naranapuram, East facing","Naranapuram (R.V) and (P), Narayanapuram West W.No.2",Indhirani.C,,2,365,0.55,False
52,"Panchayat Union Elementary School, Naranapuram, East facing","Naranapuram (R.V) and (P), Narayanapuram West W.No.2",Gowri.P,,0,365,0.0,False
52,"Panchayat Union Elementary School, Naranapuram, East facing","Naranapuram (R.V) and (P), Narayanapuram West W.No.2",Mohanraj.M,,1,365,0.27,False
52,"Panchayat Union Elementary School, Naranapuram, East facing","Naranapuram (R.V) and (P), Narayanapuram West W.No.2",Rohini.S,,1,365,0.27,False
52,"Panchayat Union Elementary School, Naranapuram, East facing","Naranapuram (R.V) and (P), Narayanapuram West W.No.2",NOTA,NOTA,4,365,1.1,False
53,"Building (North Portion) P.U.M School,Ponnapuram,East","Ponnapuram (R.V) and (P), Vavipalayam Kallipalayam W.No.3",Indirani.T,,150,546,27.47,False
53,"Building (North Portion) P.U.M School,Ponnapuram,East","Ponnapuram (R.V) and (P), Vavipalayam Kallipalayam W.No.3",Sathyabama.P,,206,546,37.73,True
53,"Building (North Portion) P.U.M School,Ponnapuram,East","Ponnapuram (R.V) and (P), Vavipalayam Kallipalayam W.No.3",Dhivya,,16,546,2.93,False
53,"Building (North Portion) P.U.M School,Ponnapuram,East","Ponnapuram (R.V) and (P), Vavipalayam Kallipalayam W.No.3",Gowri Chitra,,160,546,29.3,False
53,"Building (North Portion) P.U.M School,Ponnapuram,East","Ponnapuram (R.V) and (P), Vavipalayam Kallipalayam W.No.3",Ananthi.S,,0,546,0.0,False
53,"Building (North Portion) P.U.M School,Ponnapuram,East","Ponnapuram (R.V) and (P), Vavipalayam Kallipalayam W.No.3",Indhirani.C,,0,546,0.0,False
53,"Building (North Portion) P.U.M School,Ponnapuram,East","Ponnapuram (R.V) and (P), Vavipalayam Kallipalayam W.No.3",Gowri.P,,1,546,0.18,False
53,"Building (North Portion) P.U.M School,Ponnapuram,East","Ponnapuram (R.V) and (P), Vavipalayam Kallipalayam W.No.3",Mohanraj.M,,1,546,0.18,False
53,"Building (North Portion) P.U.M School,Ponnapuram,East","Ponnapuram (R.V) and (P), Vavipalayam Kallipalayam W.No.3",Rohini.S,,4,546,0.73,False
53,"Building (North Portion) P.U.M School,Ponnapuram,East","Ponnapuram (R.V) and (P), Vavipalayam Kallipalayam W.No.3",NOTA,NOTA,8,546,1.47,False
54,"Facing Terraced Building South Side P.U.M School,Ponnapuram,South","Ponnapuram (R.V) and (P), Dasarpatti W.No.4; Ponnapuram (R.V) and (P), Ponnapuram W.No.3",Indirani.T,,188,588,31.97,False
54,"Facing Terraced Building South Side P.U.M School,Ponnapuram,South","Ponnapuram (R.V) and (P), Dasarpatti W.No.4; Ponnapuram (R.V) and (P), Ponnapuram W.No.3",Sathyabama.P,,215,588,36.56,True
54,"Facing Terraced Building South Side P.U.M School,Ponnapuram,South","Ponnapuram (R.V) and (P), Dasarpatti W.No.4; Ponnapuram (R.V) and (P), Ponnapuram W.No.3",Dhivya,,17,588,2.89,False
54,"Facing Terraced Building South Side P.U.M School,Ponnapuram,South","Ponnapuram (R.V) and (P), Dasarpatti W.No.4; Ponnapuram (R.V) and (P), Ponnapuram W.No.3",Gowri Chitra,,158,588,26.87,False
54,"Facing Terraced Building South Side P.U.M School,Ponnapuram,South","Ponnapuram (R.V) and (P), Dasarpatti W.No.4; Ponnapuram (R.V) and (P), Ponnapuram W.No.3",Ananthi.S,,0,588,0.0,False
54,"Facing Terraced Building South Side P.U.M School,Ponnapuram,South","Ponnapuram (R.V) and (P), Dasarpatti W.No.4; Ponnapuram (R.V) and (P), Ponnapuram W.No.3",Indhirani.C,,0,588,0.0,False
54,"Facing Terraced Building South Side P.U.M School,Ponnapuram,South","Ponnapuram (R.V) and (P), Dasarpatti W.No.4; Ponnapuram (R.V) and (P), Ponnapuram W.No.3",Gowri.P,,0,588,0.0,False
54,"Facing Terraced Building South Side P.U.M School,Ponnapuram,South","Ponnapuram (R.V) and (P), Dasarpatti W.No.4; Ponnapuram (R.V) and (P), Ponnapuram W.No.3",Mohanraj.M,,1,588,0.17,False
54,"Facing Terraced Building South Side P.U.M School,Ponnapuram,South","Ponnapuram (R.V) and (P), Dasarpatti W.No.4; Ponnapuram (R.V) and (P), Ponnapuram W.No.3",Rohini.S,,1,588,0.17,False
54,"Facing Terraced Building South Side P.U.M School,Ponnapuram,South","Ponnapuram (R.V) and (P), Dasarpatti W.No.4; Ponnapuram (R.V) and (P), Ponnapuram W.No.3",NOTA,NOTA,8,588,1.36,False
55,"Facing Building ( Middle Portion) P.U.E.S, Nattukkalpalayam,Building facing South","Ponnapuram (R.V) and (P), Karingalyvalasu Ward No 4; Ponnapuram (R.V) and (P), Nattukalpalayam Ward No 4; Chinnakampalayam (T.P) Kumarapalayam East School Street Ward No 12; Chinnakampalayam (T.P) Kumarapalayam West School Street Ward No 12",Indirani.T,,184,845,21.78,False
55,"Facing Building ( Middle Portion) P.U.E.S, Nattukkalpalayam,Building facing South","Ponnapuram (R.V) and (P), Karingalyvalasu Ward No 4; Ponnapuram (R.V) and (P), Nattukalpalayam Ward No 4; Chinnakampalayam (T.P) Kumarapalayam East School Street Ward No 12; Chinnakampalayam (T.P) Kumarapalayam West School Street Ward No 12",Sathyabama.P,,459,845,54.32,True
55,"Facing Building ( Middle Portion) P.U.E.S, Nattukkalpalayam,Building facing South","Ponnapuram (R.V) and (P), Karingalyvalasu Ward No 4; Ponnapuram (R.V) and (P), Nattukalpalayam Ward No 4; Chinnakampalayam (T.P) Kumarapalayam East School Street Ward No 12; Chinnakampalayam (T.P) Kumarapalayam West School Street Ward No 12",Dhivya,,41,845,4.85,False
55,"Facing Building ( Middle Portion) P.U.E.S, Nattukkalpalayam,Building facing South","Ponnapuram (R.V) and (P), Karingalyvalasu Ward No 4; Ponnapuram (R.V) and (P), Nattukalpalayam Ward No 4; Chinnakampalayam (T.P) Kumarapalayam East School Street Ward No 12; Chinnakampalayam (T.P) Kumarapalayam West School Street Ward No 12",Gowri Chitra,,138,845,16.33,False
55,"Facing Building ( Middle Portion) P.U.E.S, Nattukkalpalayam,Building facing South","Ponnapuram (R.V) and (P), Karingalyvalasu Ward No 4; Ponnapuram (R.V) and (P), Nattukalpalayam Ward No 4; Chinnakampalayam (T.P) Kumarapalayam East School Street Ward No 12; Chinnakampalayam (T.P) Kumarapalayam West School Street Ward No 12",Ananthi.S,,2,845,0.24,False
55,"Facing Building ( Middle Portion) P.U.E.S, Nattukkalpalayam,Building facing South","Ponnapuram (R.V) and (P), Karingalyvalasu Ward No 4; Ponnapuram (R.V) and (P), Nattukalpalayam Ward No 4; Chinnakampalayam (T.P) Kumarapalayam East School Street Ward No 12; Chinnakampalayam (T.P) Kumarapalayam West School Street Ward No 12",Indhirani.C,,0,845,0.0,False
55,"Facing Building ( Middle Portion) P.U.E.S, Nattukkalpalayam,Building facing South","Ponnapuram (R.V) and (P), Karingalyvalasu Ward No 4; Ponnapuram (R.V) and (P), Nattukalpalayam Ward No 4; Chinnakampalayam (T.P) Kumarapalayam East School Street Ward No 12; Chinnakampalayam (T.P) Kumarapalayam West School Street Ward No 12",Gowri.P,,0,845,0.0,False
55,"Facing Building ( Middle Portion) P.U.E.S, Nattukkalpalayam,Building facing South","Ponnapuram (R.V) and (P), Karingalyvalasu Ward No 4; Ponnapuram (R.V) and (P), Nattukalpalayam Ward No 4; Chinnakampalayam (T.P) Kumarapalayam East School Street Ward No 12; Chinnakampalayam (T.P) Kumarapalayam West School Street Ward No 12",Mohanraj.M,,5,845,0.59,False
55,"Facing Building ( Middle Portion) P.U.E.S, Nattukkalpalayam,Building facing South","Ponnapuram (R.V) and (P), Karingalyvalasu Ward No 4; Ponnapuram (R.V) and (P), Nattukalpalayam Ward No 4; Chinnakampalayam (T.P) Kumarapalayam East School Street Ward No 12; Chinnakampalayam (T.P) Kumarapalayam West School Street Ward No 12",Rohini.S,,3,845,0.36,False
55,"Facing Building ( Middle Portion) P.U.E.S, Nattukkalpalayam,Building facing South","Ponnapuram (R.V) and (P), Karingalyvalasu Ward No 4; Ponnapuram (R.V) and (P), Nattukalpalayam Ward No 4; Chinnakampalayam (T.P) Kumarapalayam East School Street Ward No 12; Chinnakampalayam (T.P) Kumarapalayam West School Street Ward No 12",NOTA,NOTA,13,845,1.54,False
56,"P.U.E.S, Devanallur,North facing Tiled Building (East Side)","Chinnakampalayam (T.P) Kumarapalayam Boyar Street Ward No 12; Chinnakampalayam (T.P) Kumarapalayam Pothu Street Ward No 12; Chinnakampalayam (T.P), Devnallur North Kuditheru Ward No 1; Chinnakampalayam (T.P), Devanallur School Street Ward No 1; Chinnakampalayam (T.P), Devanallur kovil Street Ward No 1; Chinnakampalayam (T.P) Harichana Theru Ward No 2; Chinnakampalayam (T.P), Kottamuthampalayam School Street Ward No 2",Indirani.T,,352,944,37.29,False
56,"P.U.E.S, Devanallur,North facing Tiled Building (East Side)","Chinnakampalayam (T.P) Kumarapalayam Boyar Street Ward No 12; Chinnakampalayam (T.P) Kumarapalayam Pothu Street Ward No 12; Chinnakampalayam (T.P), Devnallur North Kuditheru Ward No 1; Chinnakampalayam (T.P), Devanallur School Street Ward No 1; Chinnakampalayam (T.P), Devanallur kovil Street Ward No 1; Chinnakampalayam (T.P) Harichana Theru Ward No 2; Chinnakampalayam (T.P), Kottamuthampalayam School Street Ward No 2",Sathyabama.P,,416,944,44.07,True
56,"P.U.E.S, Devanallur,North facing Tiled Building (East Side)","Chinnakampalayam (T.P) Kumarapalayam Boyar Street Ward No 12; Chinnakampalayam (T.P) Kumarapalayam Pothu Street Ward No 12; Chinnakampalayam (T.P), Devnallur North Kuditheru Ward No 1; Chinnakampalayam (T.P), Devanallur School Street Ward No 1; Chinnakampalayam (T.P), Devanallur kovil Street Ward No 1; Chinnakampalayam (T.P) Harichana Theru Ward No 2; Chinnakampalayam (T.P), Kottamuthampalayam School Street Ward No 2",Dhivya,,20,944,2.12,False
56,"P.U.E.S, Devanallur,North facing Tiled Building (East Side)","Chinnakampalayam (T.P) Kumarapalayam Boyar Street Ward No 12; Chinnakampalayam (T.P) Kumarapalayam Pothu Street Ward No 12; Chinnakampalayam (T.P), Devnallur North Kuditheru Ward No 1; Chinnakampalayam (T.P), Devanallur School Street Ward No 1; Chinnakampalayam (T.P), Devanallur kovil Street Ward No 1; Chinnakampalayam (T.P) Harichana Theru Ward No 2; Chinnakampalayam (T.P), Kottamuthampalayam School Street Ward No 2",Gowri Chitra,,144,944,15.25,False
56,"P.U.E.S, Devanallur,North facing Tiled Building (East Side)","Chinnakampalayam (T.P) Kumarapalayam Boyar Street Ward No 12; Chinnakampalayam (T.P) Kumarapalayam Pothu Street Ward No 12; Chinnakampalayam (T.P), Devnallur North Kuditheru Ward No 1; Chinnakampalayam (T.P), Devanallur School Street Ward No 1; Chinnakampalayam (T.P), Devanallur kovil Street Ward No 1; Chinnakampalayam (T.P) Harichana Theru Ward No 2; Chinnakampalayam (T.P), Kottamuthampalayam School Street Ward No 2",Ananthi.S,,0,944,0.0,False
56,"P.U.E.S, Devanallur,North facing Tiled Building (East Side)","Chinnakampalayam (T.P) Kumarapalayam Boyar Street Ward No 12; Chinnakampalayam (T.P) Kumarapalayam Pothu Street Ward No 12; Chinnakampalayam (T.P), Devnallur North Kuditheru Ward No 1; Chinnakampalayam (T.P), Devanallur School Street Ward No 1; Chinnakampalayam (T.P), Devanallur kovil Street Ward No 1; Chinnakampalayam (T.P) Harichana Theru Ward No 2; Chinnakampalayam (T.P), Kottamuthampalayam School Street Ward No 2",Indhirani.C,,1,944,0.11,False
56,"P.U.E.S, Devanallur,North facing Tiled Building (East Side)","Chinnakampalayam (T.P) Kumarapalayam Boyar Street Ward No 12; Chinnakampalayam (T.P) Kumarapalayam Pothu Street Ward No 12; Chinnakampalayam (T.P), Devnallur North Kuditheru Ward No 1; Chinnakampalayam (T.P), Devanallur School Street Ward No 1; Chinnakampalayam (T.P), Devanallur kovil Street Ward No 1; Chinnakampalayam (T.P) Harichana Theru Ward No 2; Chinnakampalayam (T.P), Kottamuthampalayam School Street Ward No 2",Gowri.P,,2,944,0.21,False
56,"P.U.E.S, Devanallur,North facing Tiled Building (East Side)","Chinnakampalayam (T.P) Kumarapalayam Boyar Street Ward No 12; Chinnakampalayam (T.P) Kumarapalayam Pothu Street Ward No 12; Chinnakampalayam (T.P), Devnallur North Kuditheru Ward No 1; Chinnakampalayam (T.P), Devanallur School Street Ward No 1; Chinnakampalayam (T.P), Devanallur kovil Street Ward No 1; Chinnakampalayam (T.P) Harichana Theru Ward No 2; Chinnakampalayam (T.P), Kottamuthampalayam School Street Ward No 2",Mohanraj.M,,0,944,0.0,False
56,"P.U.E.S, Devanallur,North facing Tiled Building (East Side)","Chinnakampalayam (T.P) Kumarapalayam Boyar Street Ward No 12; Chinnakampalayam (T.P) Kumarapalayam Pothu Street Ward No 12; Chinnakampalayam (T.P), Devnallur North Kuditheru Ward No 1; Chinnakampalayam (T.P), Devanallur School Street Ward No 1; Chinnakampalayam (T.P), Devanallur kovil Street Ward No 1; Chinnakampalayam (T.P) Harichana Theru Ward No 2; Chinnakampalayam (T.P), Kottamuthampalayam School Street Ward No 2",Rohini.S,,5,944,0.53,False
56,"P.U.E.S, Devanallur,North facing Tiled Building (East Side)","Chinnakampalayam (T.P) Kumarapalayam Boyar Street Ward No 12; Chinnakampalayam (T.P) Kumarapalayam Pothu Street Ward No 12; Chinnakampalayam (T.P), Devnallur North Kuditheru Ward No 1; Chinnakampalayam (T.P), Devanallur School Street Ward No 1; Chinnakampalayam (T.P), Devanallur kovil Street Ward No 1; Chinnakampalayam (T.P) Harichana Theru Ward No 2; Chinnakampalayam (T.P), Kottamuthampalayam School Street Ward No 2",NOTA,NOTA,4,944,0.42,False
57,"Panchayat Union Elementary, School, Kottamuthampalayam- No.2 All Voters 638672, West facing Building","Chinnakampalayam (T.P) Kottamuthampalayam North Kuditheru Street Ward; Chinnakampalayam (T.P), Mariamman Koyil South Street Ward No 2; Chinnakampalayam (T.P), Marriamman Kovil North Street Ward No 3; Chinnakampalayam (T.P), West kuddi Theru Ward No 1",Indirani.T,,297,931,31.9,False
57,"Panchayat Union Elementary, School, Kottamuthampalayam- No.2 All Voters 638672, West facing Building","Chinnakampalayam (T.P) Kottamuthampalayam North Kuditheru Street Ward; Chinnakampalayam (T.P), Mariamman Koyil South Street Ward No 2; Chinnakampalayam (T.P), Marriamman Kovil North Street Ward No 3; Chinnakampalayam (T.P), West kuddi Theru Ward No 1",Sathyabama.P,,449,931,48.23,True
57,"Panchayat Union Elementary, School, Kottamuthampalayam- No.2 All Voters 638672, West facing Building","Chinnakampalayam (T.P) Kottamuthampalayam North Kuditheru Street Ward; Chinnakampalayam (T.P), Mariamman Koyil South Street Ward No 2; Chinnakampalayam (T.P), Marriamman Kovil North Street Ward No 3; Chinnakampalayam (T.P), West kuddi Theru Ward No 1",Dhivya,,29,931,3.11,False
57,"Panchayat Union Elementary, School, Kottamuthampalayam- No.2 All Voters 638672, West facing Building","Chinnakampalayam (T.P) Kottamuthampalayam North Kuditheru Street Ward; Chinnakampalayam (T.P), Mariamman Koyil South Street Ward No 2; Chinnakampalayam (T.P), Marriamman Kovil North Street Ward No 3; Chinnakampalayam (T.P), West kuddi Theru Ward No 1",Gowri Chitra,,148,931,15.9,False
57,"Panchayat Union Elementary, School, Kottamuthampalayam- No.2 All Voters 638672, West facing Building","Chinnakampalayam (T.P) Kottamuthampalayam North Kuditheru Street Ward; Chinnakampalayam (T.P), Mariamman Koyil South Street Ward No 2; Chinnakampalayam (T.P), Marriamman Kovil North Street Ward No 3; Chinnakampalayam (T.P), West kuddi Theru Ward No 1",Ananthi.S,,1,931,0.11,False
57,"Panchayat Union Elementary, School, Kottamuthampalayam- No.2 All Voters 638672, West facing Building","Chinnakampalayam (T.P) Kottamuthampalayam North Kuditheru Street Ward; Chinnakampalayam (T.P), Mariamman Koyil South Street Ward No 2; Chinnakampalayam (T.P), Marriamman Kovil North Street Ward No 3; Chinnakampalayam (T.P), West kuddi Theru Ward No 1",Indhirani.C,,0,931,0.0,False
57,"Panchayat Union Elementary, School, Kottamuthampalayam- No.2 All Voters 638672, West facing Building","Chinnakampalayam (T.P) Kottamuthampalayam North Kuditheru Street Ward; Chinnakampalayam (T.P), Mariamman Koyil South Street Ward No 2; Chinnakampalayam (T.P), Marriamman Kovil North Street Ward No 3; Chinnakampalayam (T.P), West kuddi Theru Ward No 1",Gowri.P,,0,931,0.0,False
57,"Panchayat Union Elementary, School, Kottamuthampalayam- No.2 All Voters 638672, West facing Building","Chinnakampalayam (T.P) Kottamuthampalayam North Kuditheru Street Ward; Chinnakampalayam (T.P), Mariamman Koyil South Street Ward No 2; Chinnakampalayam (T.P), Marriamman Kovil North Street Ward No 3; Chinnakampalayam (T.P), West kuddi Theru Ward No 1",Mohanraj.M,,2,931,0.21,False
57,"Panchayat Union Elementary, School, Kottamuthampalayam- No.2 All Voters 638672, West facing Building","Chinnakampalayam (T.P) Kottamuthampalayam North Kuditheru Street Ward; Chinnakampalayam (T.P), Mariamman Koyil South Street Ward No 2; Chinnakampalayam (T.P), Marriamman Kovil North Street Ward No 3; Chinnakampalayam (T.P), West kuddi Theru Ward No 1",Rohini.S,,2,931,0.21,False
57,"Panchayat Union Elementary, School, Kottamuthampalayam- No.2 All Voters 638672, West facing Building","Chinnakampalayam (T.P) Kottamuthampalayam North Kuditheru Street Ward; Chinnakampalayam (T.P), Mariamman Koyil South Street Ward No 2; Chinnakampalayam (T.P), Marriamman Kovil North Street Ward No 3; Chinnakampalayam (T.P), West kuddi Theru Ward No 1",NOTA,NOTA,3,931,0.32,False
58,"P.U.E.School, Kallivalasu,East facing Tiled Building",Chinnakampalayam (T.P) East Sowndamman Kovil Theru Ward No 15; Chinnakampalayam (T.P) West soundamman Kovil Street Ward No.15; Chinnakampalayam (T.P) S.K School Street Ward No 14; Chinnakampalayam (T.P) S.K School Street Ward No 14; Chinnakampalayam (T.P) S.K West School Street Ward No 14,Indirani.T,,68,545,12.48,False
58,"P.U.E.School, Kallivalasu,East facing Tiled Building",Chinnakampalayam (T.P) East Sowndamman Kovil Theru Ward No 15; Chinnakampalayam (T.P) West soundamman Kovil Street Ward No.15; Chinnakampalayam (T.P) S.K School Street Ward No 14; Chinnakampalayam (T.P) S.K School Street Ward No 14; Chinnakampalayam (T.P) S.K West School Street Ward No 14,Sathyabama.P,,316,545,57.98,True
58,"P.U.E.School, Kallivalasu,East facing Tiled Building",Chinnakampalayam (T.P) East Sowndamman Kovil Theru Ward No 15; Chinnakampalayam (T.P) West soundamman Kovil Street Ward No.15; Chinnakampalayam (T.P) S.K School Street Ward No 14; Chinnakampalayam (T.P) S.K School Street Ward No 14; Chinnakampalayam (T.P) S.K West School Street Ward No 14,Dhivya,,12,545,2.2,False
58,"P.U.E.School, Kallivalasu,East facing Tiled Building",Chinnakampalayam (T.P) East Sowndamman Kovil Theru Ward No 15; Chinnakampalayam (T.P) West soundamman Kovil Street Ward No.15; Chinnakampalayam (T.P) S.K School Street Ward No 14; Chinnakampalayam (T.P) S.K School Street Ward No 14; Chinnakampalayam (T.P) S.K West School Street Ward No 14,Gowri Chitra,,136,545,24.95,False
58,"P.U.E.School, Kallivalasu,East facing Tiled Building",Chinnakampalayam (T.P) East Sowndamman Kovil Theru Ward No 15; Chinnakampalayam (T.P) West soundamman Kovil Street Ward No.15; Chinnakampalayam (T.P) S.K School Street Ward No 14; Chinnakampalayam (T.P) S.K School Street Ward No 14; Chinnakampalayam (T.P) S.K West School Street Ward No 14,Ananthi.S,,1,545,0.18,False
58,"P.U.E.School, Kallivalasu,East facing Tiled Building",Chinnakampalayam (T.P) East Sowndamman Kovil Theru Ward No 15; Chinnakampalayam (T.P) West soundamman Kovil Street Ward No.15; Chinnakampalayam (T.P) S.K School Street Ward No 14; Chinnakampalayam (T.P) S.K School Street Ward No 14; Chinnakampalayam (T.P) S.K West School Street Ward No 14,Indhirani.C,,3,545,0.55,False
58,"P.U.E.School, Kallivalasu,East facing Tiled Building",Chinnakampalayam (T.P) East Sowndamman Kovil Theru Ward No 15; Chinnakampalayam (T.P) West soundamman Kovil Street Ward No.15; Chinnakampalayam (T.P) S.K School Street Ward No 14; Chinnakampalayam (T.P) S.K School Street Ward No 14; Chinnakampalayam (T.P) S.K West School Street Ward No 14,Gowri.P,,0,545,0.0,False
58,"P.U.E.School, Kallivalasu,East facing Tiled Building",Chinnakampalayam (T.P) East Sowndamman Kovil Theru Ward No 15; Chinnakampalayam (T.P) West soundamman Kovil Street Ward No.15; Chinnakampalayam (T.P) S.K School Street Ward No 14; Chinnakampalayam (T.P) S.K School Street Ward No 14; Chinnakampalayam (T.P) S.K West School Street Ward No 14,Mohanraj.M,,1,545,0.18,False
58,"P.U.E.School, Kallivalasu,East facing Tiled Building",Chinnakampalayam (T.P) East Sowndamman Kovil Theru Ward No 15; Chinnakampalayam (T.P) West soundamman Kovil Street Ward No.15; Chinnakampalayam (T.P) S.K School Street Ward No 14; Chinnakampalayam (T.P) S.K School Street Ward No 14; Chinnakampalayam (T.P) S.K West School Street Ward No 14,Rohini.S,,1,545,0.18,False
58,"P.U.E.School, Kallivalasu,East facing Tiled Building",Chinnakampalayam (T.P) East Sowndamman Kovil Theru Ward No 15; Chinnakampalayam (T.P) West soundamman Kovil Street Ward No.15; Chinnakampalayam (T.P) S.K School Street Ward No 14; Chinnakampalayam (T.P) S.K School Street Ward No 14; Chinnakampalayam (T.P) S.K West School Street Ward No 14,NOTA,NOTA,7,545,1.28,False
59,"Panchayat Union Elementary School,Kallivalasu, East facing Tiled Building (North Portion)","Chinnakampalayam (T.P), West Harichana Street Ward No 13; Chinnakampalayam (T.P) Post Office Street Ward No 15; Chinnakampalayam (T.P) Harichana Street Ward No 15; Chinnakampalayam (T.P) Kuditheru Ward No 15; Chinnakampalayam (T.P) S.K Vinayagar Kovil Theru Ward No 14",Indirani.T,,126,388,32.47,False
59,"Panchayat Union Elementary School,Kallivalasu, East facing Tiled Building (North Portion)","Chinnakampalayam (T.P), West Harichana Street Ward No 13; Chinnakampalayam (T.P) Post Office Street Ward No 15; Chinnakampalayam (T.P) Harichana Street Ward No 15; Chinnakampalayam (T.P) Kuditheru Ward No 15; Chinnakampalayam (T.P) S.K Vinayagar Kovil Theru Ward No 14",Sathyabama.P,,160,388,41.24,True
59,"Panchayat Union Elementary School,Kallivalasu, East facing Tiled Building (North Portion)","Chinnakampalayam (T.P), West Harichana Street Ward No 13; Chinnakampalayam (T.P) Post Office Street Ward No 15; Chinnakampalayam (T.P) Harichana Street Ward No 15; Chinnakampalayam (T.P) Kuditheru Ward No 15; Chinnakampalayam (T.P) S.K Vinayagar Kovil Theru Ward No 14",Dhivya,,9,388,2.32,False
59,"Panchayat Union Elementary School,Kallivalasu, East facing Tiled Building (North Portion)","Chinnakampalayam (T.P), West Harichana Street Ward No 13; Chinnakampalayam (T.P) Post Office Street Ward No 15; Chinnakampalayam (T.P) Harichana Street Ward No 15; Chinnakampalayam (T.P) Kuditheru Ward No 15; Chinnakampalayam (T.P) S.K Vinayagar Kovil Theru Ward No 14",Gowri Chitra,,89,388,22.94,False
59,"Panchayat Union Elementary School,Kallivalasu, East facing Tiled Building (North Portion)","Chinnakampalayam (T.P), West Harichana Street Ward No 13; Chinnakampalayam (T.P) Post Office Street Ward No 15; Chinnakampalayam (T.P) Harichana Street Ward No 15; Chinnakampalayam (T.P) Kuditheru Ward No 15; Chinnakampalayam (T.P) S.K Vinayagar Kovil Theru Ward No 14",Ananthi.S,,2,388,0.52,False
59,"Panchayat Union Elementary School,Kallivalasu, East facing Tiled Building (North Portion)","Chinnakampalayam (T.P), West Harichana Street Ward No 13; Chinnakampalayam (T.P) Post Office Street Ward No 15; Chinnakampalayam (T.P) Harichana Street Ward No 15; Chinnakampalayam (T.P) Kuditheru Ward No 15; Chinnakampalayam (T.P) S.K Vinayagar Kovil Theru Ward No 14",Indhirani.C,,0,388,0.0,False
59,"Panchayat Union Elementary School,Kallivalasu, East facing Tiled Building (North Portion)","Chinnakampalayam (T.P), West Harichana Street Ward No 13; Chinnakampalayam (T.P) Post Office Street Ward No 15; Chinnakampalayam (T.P) Harichana Street Ward No 15; Chinnakampalayam (T.P) Kuditheru Ward No 15; Chinnakampalayam (T.P) S.K Vinayagar Kovil Theru Ward No 14",Gowri.P,,0,388,0.0,False
59,"Panchayat Union Elementary School,Kallivalasu, East facing Tiled Building (North Portion)","Chinnakampalayam (T.P), West Harichana Street Ward No 13; Chinnakampalayam (T.P) Post Office Street Ward No 15; Chinnakampalayam (T.P) Harichana Street Ward No 15; Chinnakampalayam (T.P) Kuditheru Ward No 15; Chinnakampalayam (T.P) S.K Vinayagar Kovil Theru Ward No 14",Mohanraj.M,,0,388,0.0,False
59,"Panchayat Union Elementary School,Kallivalasu, East facing Tiled Building (North Portion)","Chinnakampalayam (T.P), West Harichana Street Ward No 13; Chinnakampalayam (T.P) Post Office Street Ward No 15; Chinnakampalayam (T.P) Harichana Street Ward No 15; Chinnakampalayam (T.P) Kuditheru Ward No 15; Chinnakampalayam (T.P) S.K Vinayagar Kovil Theru Ward No 14",Rohini.S,,0,388,0.0,False
59,"Panchayat Union Elementary School,Kallivalasu, East facing Tiled Building (North Portion)","Chinnakampalayam (T.P), West Harichana Street Ward No 13; Chinnakampalayam (T.P) Post Office Street Ward No 15; Chinnakampalayam (T.P) Harichana Street Ward No 15; Chinnakampalayam (T.P) Kuditheru Ward No 15; Chinnakampalayam (T.P) S.K Vinayagar Kovil Theru Ward No 14",NOTA,NOTA,2,388,0.52,False
60,"P.U.M.School, Kangayampalayam,East facing building (South side building)","Chinnakampalayam (T.P), S.k.Kadai Street Ward No 13; Chinnakampalayam (T.P) North Harichan Street Ward No 13 & 15; Chinnakampalayam (T.P) North kuditheru Ward No 12; Chinnakampalayam (T.P) Chandrapuram Ward No 11",Indirani.T,,306,947,32.31,False
60,"P.U.M.School, Kangayampalayam,East facing building (South side building)","Chinnakampalayam (T.P), S.k.Kadai Street Ward No 13; Chinnakampalayam (T.P) North Harichan Street Ward No 13 & 15; Chinnakampalayam (T.P) North kuditheru Ward No 12; Chinnakampalayam (T.P) Chandrapuram Ward No 11",Sathyabama.P,,360,947,38.01,True
60,"P.U.M.School, Kangayampalayam,East facing building (South side building)","Chinnakampalayam (T.P), S.k.Kadai Street Ward No 13; Chinnakampalayam (T.P) North Harichan Street Ward No 13 & 15; Chinnakampalayam (T.P) North kuditheru Ward No 12; Chinnakampalayam (T.P) Chandrapuram Ward No 11",Dhivya,,28,947,2.96,False
60,"P.U.M.School, Kangayampalayam,East facing building (South side building)","Chinnakampalayam (T.P), S.k.Kadai Street Ward No 13; Chinnakampalayam (T.P) North Harichan Street Ward No 13 & 15; Chinnakampalayam (T.P) North kuditheru Ward No 12; Chinnakampalayam (T.P) Chandrapuram Ward No 11",Gowri Chitra,,232,947,24.5,False
60,"P.U.M.School, Kangayampalayam,East facing building (South side building)","Chinnakampalayam (T.P), S.k.Kadai Street Ward No 13; Chinnakampalayam (T.P) North Harichan Street Ward No 13 & 15; Chinnakampalayam (T.P) North kuditheru Ward No 12; Chinnakampalayam (T.P) Chandrapuram Ward No 11",Ananthi.S,,2,947,0.21,False
60,"P.U.M.School, Kangayampalayam,East facing building (South side building)","Chinnakampalayam (T.P), S.k.Kadai Street Ward No 13; Chinnakampalayam (T.P) North Harichan Street Ward No 13 & 15; Chinnakampalayam (T.P) North kuditheru Ward No 12; Chinnakampalayam (T.P) Chandrapuram Ward No 11",Indhirani.C,,4,947,0.42,False
60,"P.U.M.School, Kangayampalayam,East facing building (South side building)","Chinnakampalayam (T.P), S.k.Kadai Street Ward No 13; Chinnakampalayam (T.P) North Harichan Street Ward No 13 & 15; Chinnakampalayam (T.P) North kuditheru Ward No 12; Chinnakampalayam (T.P) Chandrapuram Ward No 11",Gowri.P,,3,947,0.32,False
60,"P.U.M.School, Kangayampalayam,East facing building (South side building)","Chinnakampalayam (T.P), S.k.Kadai Street Ward No 13; Chinnakampalayam (T.P) North Harichan Street Ward No 13 & 15; Chinnakampalayam (T.P) North kuditheru Ward No 12; Chinnakampalayam (T.P) Chandrapuram Ward No 11",Mohanraj.M,,2,947,0.21,False
60,"P.U.M.School, Kangayampalayam,East facing building (South side building)","Chinnakampalayam (T.P), S.k.Kadai Street Ward No 13; Chinnakampalayam (T.P) North Harichan Street Ward No 13 & 15; Chinnakampalayam (T.P) North kuditheru Ward No 12; Chinnakampalayam (T.P) Chandrapuram Ward No 11",Rohini.S,,4,947,0.42,False
60,"P.U.M.School, Kangayampalayam,East facing building (South side building)","Chinnakampalayam (T.P), S.k.Kadai Street Ward No 13; Chinnakampalayam (T.P) North Harichan Street Ward No 13 & 15; Chinnakampalayam (T.P) North kuditheru Ward No 12; Chinnakampalayam (T.P) Chandrapuram Ward No 11",NOTA,NOTA,6,947,0.63,False
61,"P.U.M.School, Chikkinapuram,North facing RCC Building","Chinnakampalayam (T.P), Ranjithapuram East Street Ward No 7; Chinnakampalayam (T.P), Ranjitha Puaram South Street Ward No 7; Chinnakampalayam (T.P), Ranjitha Puram North Street Ward No 7; Chinnakampalayam (T.P), Sikannapuram Boyar Street Ward No 7",Indirani.T,,176,639,27.54,False
61,"P.U.M.School, Chikkinapuram,North facing RCC Building","Chinnakampalayam (T.P), Ranjithapuram East Street Ward No 7; Chinnakampalayam (T.P), Ranjitha Puaram South Street Ward No 7; Chinnakampalayam (T.P), Ranjitha Puram North Street Ward No 7; Chinnakampalayam (T.P), Sikannapuram Boyar Street Ward No 7",Sathyabama.P,,321,639,50.23,True
61,"P.U.M.School, Chikkinapuram,North facing RCC Building","Chinnakampalayam (T.P), Ranjithapuram East Street Ward No 7; Chinnakampalayam (T.P), Ranjitha Puaram South Street Ward No 7; Chinnakampalayam (T.P), Ranjitha Puram North Street Ward No 7; Chinnakampalayam (T.P), Sikannapuram Boyar Street Ward No 7",Dhivya,,19,639,2.97,False
61,"P.U.M.School, Chikkinapuram,North facing RCC Building","Chinnakampalayam (T.P), Ranjithapuram East Street Ward No 7; Chinnakampalayam (T.P), Ranjitha Puaram South Street Ward No 7; Chinnakampalayam (T.P), Ranjitha Puram North Street Ward No 7; Chinnakampalayam (T.P), Sikannapuram Boyar Street Ward No 7",Gowri Chitra,,113,639,17.68,False
61,"P.U.M.School, Chikkinapuram,North facing RCC Building","Chinnakampalayam (T.P), Ranjithapuram East Street Ward No 7; Chinnakampalayam (T.P), Ranjitha Puaram South Street Ward No 7; Chinnakampalayam (T.P), Ranjitha Puram North Street Ward No 7; Chinnakampalayam (T.P), Sikannapuram Boyar Street Ward No 7",Ananthi.S,,1,639,0.16,False
61,"P.U.M.School, Chikkinapuram,North facing RCC Building","Chinnakampalayam (T.P), Ranjithapuram East Street Ward No 7; Chinnakampalayam (T.P), Ranjitha Puaram South Street Ward No 7; Chinnakampalayam (T.P), Ranjitha Puram North Street Ward No 7; Chinnakampalayam (T.P), Sikannapuram Boyar Street Ward No 7",Indhirani.C,,2,639,0.31,False
61,"P.U.M.School, Chikkinapuram,North facing RCC Building","Chinnakampalayam (T.P), Ranjithapuram East Street Ward No 7; Chinnakampalayam (T.P), Ranjitha Puaram South Street Ward No 7; Chinnakampalayam (T.P), Ranjitha Puram North Street Ward No 7; Chinnakampalayam (T.P), Sikannapuram Boyar Street Ward No 7",Gowri.P,,0,639,0.0,False
61,"P.U.M.School, Chikkinapuram,North facing RCC Building","Chinnakampalayam (T.P), Ranjithapuram East Street Ward No 7; Chinnakampalayam (T.P), Ranjitha Puaram South Street Ward No 7; Chinnakampalayam (T.P), Ranjitha Puram North Street Ward No 7; Chinnakampalayam (T.P), Sikannapuram Boyar Street Ward No 7",Mohanraj.M,,0,639,0.0,False
61,"P.U.M.School, Chikkinapuram,North facing RCC Building","Chinnakampalayam (T.P), Ranjithapuram East Street Ward No 7; Chinnakampalayam (T.P), Ranjitha Puaram South Street Ward No 7; Chinnakampalayam (T.P), Ranjitha Puram North Street Ward No 7; Chinnakampalayam (T.P), Sikannapuram Boyar Street Ward No 7",Rohini.S,,2,639,0.31,False
61,"P.U.M.School, Chikkinapuram,North facing RCC Building","Chinnakampalayam (T.P), Ranjithapuram East Street Ward No 7; Chinnakampalayam (T.P), Ranjitha Puaram South Street Ward No 7; Chinnakampalayam (T.P), Ranjitha Puram North Street Ward No 7; Chinnakampalayam (T.P), Sikannapuram Boyar Street Ward No 7",NOTA,NOTA,5,639,0.78,False
62,"P.U.M.School, Chikkinapuram,South facing Building","Chinnakampalayam (T.P), Sikkanapuram Kudditheru Ward No 7,8; Chinnakampalayam (T.P), Sikannapuram South Street Ward No 8; Chinnakampalayam (T.P), Thaneer Panthal Ward No 8; Chinnakampalayam (T.P), Harichana Theru Ward No 8; Chinnakampalayam (T.P), Selampalayam East Theru Ward No 9",Indirani.T,,282,741,38.06,True
62,"P.U.M.School, Chikkinapuram,South facing Building","Chinnakampalayam (T.P), Sikkanapuram Kudditheru Ward No 7,8; Chinnakampalayam (T.P), Sikannapuram South Street Ward No 8; Chinnakampalayam (T.P), Thaneer Panthal Ward No 8; Chinnakampalayam (T.P), Harichana Theru Ward No 8; Chinnakampalayam (T.P), Selampalayam East Theru Ward No 9",Sathyabama.P,,247,741,33.33,False
62,"P.U.M.School, Chikkinapuram,South facing Building","Chinnakampalayam (T.P), Sikkanapuram Kudditheru Ward No 7,8; Chinnakampalayam (T.P), Sikannapuram South Street Ward No 8; Chinnakampalayam (T.P), Thaneer Panthal Ward No 8; Chinnakampalayam (T.P), Harichana Theru Ward No 8; Chinnakampalayam (T.P), Selampalayam East Theru Ward No 9",Dhivya,,9,741,1.21,False
62,"P.U.M.School, Chikkinapuram,South facing Building","Chinnakampalayam (T.P), Sikkanapuram Kudditheru Ward No 7,8; Chinnakampalayam (T.P), Sikannapuram South Street Ward No 8; Chinnakampalayam (T.P), Thaneer Panthal Ward No 8; Chinnakampalayam (T.P), Harichana Theru Ward No 8; Chinnakampalayam (T.P), Selampalayam East Theru Ward No 9",Gowri Chitra,,186,741,25.1,False
62,"P.U.M.School, Chikkinapuram,South facing Building","Chinnakampalayam (T.P), Sikkanapuram Kudditheru Ward No 7,8; Chinnakampalayam (T.P), Sikannapuram South Street Ward No 8; Chinnakampalayam (T.P), Thaneer Panthal Ward No 8; Chinnakampalayam (T.P), Harichana Theru Ward No 8; Chinnakampalayam (T.P), Selampalayam East Theru Ward No 9",Ananthi.S,,1,741,0.13,False
62,"P.U.M.School, Chikkinapuram,South facing Building","Chinnakampalayam (T.P), Sikkanapuram Kudditheru Ward No 7,8; Chinnakampalayam (T.P), Sikannapuram South Street Ward No 8; Chinnakampalayam (T.P), Thaneer Panthal Ward No 8; Chinnakampalayam (T.P), Harichana Theru Ward No 8; Chinnakampalayam (T.P), Selampalayam East Theru Ward No 9",Indhirani.C,,1,741,0.13,False
62,"P.U.M.School, Chikkinapuram,South facing Building","Chinnakampalayam (T.P), Sikkanapuram Kudditheru Ward No 7,8; Chinnakampalayam (T.P), Sikannapuram South Street Ward No 8; Chinnakampalayam (T.P), Thaneer Panthal Ward No 8; Chinnakampalayam (T.P), Harichana Theru Ward No 8; Chinnakampalayam (T.P), Selampalayam East Theru Ward No 9",Gowri.P,,1,741,0.13,False
62,"P.U.M.School, Chikkinapuram,South facing Building","Chinnakampalayam (T.P), Sikkanapuram Kudditheru Ward No 7,8; Chinnakampalayam (T.P), Sikannapuram South Street Ward No 8; Chinnakampalayam (T.P), Thaneer Panthal Ward No 8; Chinnakampalayam (T.P), Harichana Theru Ward No 8; Chinnakampalayam (T.P), Selampalayam East Theru Ward No 9",Mohanraj.M,,1,741,0.13,False
62,"P.U.M.School, Chikkinapuram,South facing Building","Chinnakampalayam (T.P), Sikkanapuram Kudditheru Ward No 7,8; Chinnakampalayam (T.P), Sikannapuram South Street Ward No 8; Chinnakampalayam (T.P), Thaneer Panthal Ward No 8; Chinnakampalayam (T.P), Harichana Theru Ward No 8; Chinnakampalayam (T.P), Selampalayam East Theru Ward No 9",Rohini.S,,3,741,0.4,False
62,"P.U.M.School, Chikkinapuram,South facing Building","Chinnakampalayam (T.P), Sikkanapuram Kudditheru Ward No 7,8; Chinnakampalayam (T.P), Sikannapuram South Street Ward No 8; Chinnakampalayam (T.P), Thaneer Panthal Ward No 8; Chinnakampalayam (T.P), Harichana Theru Ward No 8; Chinnakampalayam (T.P), Selampalayam East Theru Ward No 9",NOTA,NOTA,10,741,1.35,False
63,"P.U.E.S, Selampalayam,Building facing North (East Portion)","Chinnakampalayam (T.P), Selampalayam East Sowdamman Koil Theru; Chinnakampalayam (T.P), Selampalayam Office Street Ward NO 9; Chinnakampalayam (T.P) Selampalayam North Sowdamman Theru Ward No.9; Chinnakampalayam (T.P), Selampalayam North Street Ward No 9; Chinnakampalayam (T.P), Post School Street Ward No 9",Indirani.T,,124,373,33.24,False
63,"P.U.E.S, Selampalayam,Building facing North (East Portion)","Chinnakampalayam (T.P), Selampalayam East Sowdamman Koil Theru; Chinnakampalayam (T.P), Selampalayam Office Street Ward NO 9; Chinnakampalayam (T.P) Selampalayam North Sowdamman Theru Ward No.9; Chinnakampalayam (T.P), Selampalayam North Street Ward No 9; Chinnakampalayam (T.P), Post School Street Ward No 9",Sathyabama.P,,147,373,39.41,True
63,"P.U.E.S, Selampalayam,Building facing North (East Portion)","Chinnakampalayam (T.P), Selampalayam East Sowdamman Koil Theru; Chinnakampalayam (T.P), Selampalayam Office Street Ward NO 9; Chinnakampalayam (T.P) Selampalayam North Sowdamman Theru Ward No.9; Chinnakampalayam (T.P), Selampalayam North Street Ward No 9; Chinnakampalayam (T.P), Post School Street Ward No 9",Dhivya,,11,373,2.95,False
63,"P.U.E.S, Selampalayam,Building facing North (East Portion)","Chinnakampalayam (T.P), Selampalayam East Sowdamman Koil Theru; Chinnakampalayam (T.P), Selampalayam Office Street Ward NO 9; Chinnakampalayam (T.P) Selampalayam North Sowdamman Theru Ward No.9; Chinnakampalayam (T.P), Selampalayam North Street Ward No 9; Chinnakampalayam (T.P), Post School Street Ward No 9",Gowri Chitra,,90,373,24.13,False
63,"P.U.E.S, Selampalayam,Building facing North (East Portion)","Chinnakampalayam (T.P), Selampalayam East Sowdamman Koil Theru; Chinnakampalayam (T.P), Selampalayam Office Street Ward NO 9; Chinnakampalayam (T.P) Selampalayam North Sowdamman Theru Ward No.9; Chinnakampalayam (T.P), Selampalayam North Street Ward No 9; Chinnakampalayam (T.P), Post School Street Ward No 9",Ananthi.S,,0,373,0.0,False
63,"P.U.E.S, Selampalayam,Building facing North (East Portion)","Chinnakampalayam (T.P), Selampalayam East Sowdamman Koil Theru; Chinnakampalayam (T.P), Selampalayam Office Street Ward NO 9; Chinnakampalayam (T.P) Selampalayam North Sowdamman Theru Ward No.9; Chinnakampalayam (T.P), Selampalayam North Street Ward No 9; Chinnakampalayam (T.P), Post School Street Ward No 9",Indhirani.C,,0,373,0.0,False
63,"P.U.E.S, Selampalayam,Building facing North (East Portion)","Chinnakampalayam (T.P), Selampalayam East Sowdamman Koil Theru; Chinnakampalayam (T.P), Selampalayam Office Street Ward NO 9; Chinnakampalayam (T.P) Selampalayam North Sowdamman Theru Ward No.9; Chinnakampalayam (T.P), Selampalayam North Street Ward No 9; Chinnakampalayam (T.P), Post School Street Ward No 9",Gowri.P,,0,373,0.0,False
63,"P.U.E.S, Selampalayam,Building facing North (East Portion)","Chinnakampalayam (T.P), Selampalayam East Sowdamman Koil Theru; Chinnakampalayam (T.P), Selampalayam Office Street Ward NO 9; Chinnakampalayam (T.P) Selampalayam North Sowdamman Theru Ward No.9; Chinnakampalayam (T.P), Selampalayam North Street Ward No 9; Chinnakampalayam (T.P), Post School Street Ward No 9",Mohanraj.M,,0,373,0.0,False
63,"P.U.E.S, Selampalayam,Building facing North (East Portion)","Chinnakampalayam (T.P), Selampalayam East Sowdamman Koil Theru; Chinnakampalayam (T.P), Selampalayam Office Street Ward NO 9; Chinnakampalayam (T.P) Selampalayam North Sowdamman Theru Ward No.9; Chinnakampalayam (T.P), Selampalayam North Street Ward No 9; Chinnakampalayam (T.P), Post School Street Ward No 9",Rohini.S,,0,373,0.0,False
63,"P.U.E.S, Selampalayam,Building facing North (East Portion)","Chinnakampalayam (T.P), Selampalayam East Sowdamman Koil Theru; Chinnakampalayam (T.P), Selampalayam Office Street Ward NO 9; Chinnakampalayam (T.P) Selampalayam North Sowdamman Theru Ward No.9; Chinnakampalayam (T.P), Selampalayam North Street Ward No 9; Chinnakampalayam (T.P), Post School Street Ward No 9",NOTA,NOTA,1,373,0.27,False
64,"P.U.E.School, Selampalayam 638672,Building facing North (Center Portion)","Chinnakampalayam (T.P) Selampalayam Kadai Street Ward No 10; Chinnakampalayam (T.P), Christhuva Street Ward No 3; Chinnakampalayam (T.P), Somanuthu Marriamman Kovil Theru Ward No 3",Indirani.T,,227,588,38.61,True
64,"P.U.E.School, Selampalayam 638672,Building facing North (Center Portion)","Chinnakampalayam (T.P) Selampalayam Kadai Street Ward No 10; Chinnakampalayam (T.P), Christhuva Street Ward No 3; Chinnakampalayam (T.P), Somanuthu Marriamman Kovil Theru Ward No 3",Sathyabama.P,,218,588,37.07,False
64,"P.U.E.School, Selampalayam 638672,Building facing North (Center Portion)","Chinnakampalayam (T.P) Selampalayam Kadai Street Ward No 10; Chinnakampalayam (T.P), Christhuva Street Ward No 3; Chinnakampalayam (T.P), Somanuthu Marriamman Kovil Theru Ward No 3",Dhivya,,12,588,2.04,False
64,"P.U.E.School, Selampalayam 638672,Building facing North (Center Portion)","Chinnakampalayam (T.P) Selampalayam Kadai Street Ward No 10; Chinnakampalayam (T.P), Christhuva Street Ward No 3; Chinnakampalayam (T.P), Somanuthu Marriamman Kovil Theru Ward No 3",Gowri Chitra,,127,588,21.6,False
64,"P.U.E.School, Selampalayam 638672,Building facing North (Center Portion)","Chinnakampalayam (T.P) Selampalayam Kadai Street Ward No 10; Chinnakampalayam (T.P), Christhuva Street Ward No 3; Chinnakampalayam (T.P), Somanuthu Marriamman Kovil Theru Ward No 3",Ananthi.S,,0,588,0.0,False
64,"P.U.E.School, Selampalayam 638672,Building facing North (Center Portion)","Chinnakampalayam (T.P) Selampalayam Kadai Street Ward No 10; Chinnakampalayam (T.P), Christhuva Street Ward No 3; Chinnakampalayam (T.P), Somanuthu Marriamman Kovil Theru Ward No 3",Indhirani.C,,0,588,0.0,False
64,"P.U.E.School, Selampalayam 638672,Building facing North (Center Portion)","Chinnakampalayam (T.P) Selampalayam Kadai Street Ward No 10; Chinnakampalayam (T.P), Christhuva Street Ward No 3; Chinnakampalayam (T.P), Somanuthu Marriamman Kovil Theru Ward No 3",Gowri.P,,1,588,0.17,False
64,"P.U.E.School, Selampalayam 638672,Building facing North (Center Portion)","Chinnakampalayam (T.P) Selampalayam Kadai Street Ward No 10; Chinnakampalayam (T.P), Christhuva Street Ward No 3; Chinnakampalayam (T.P), Somanuthu Marriamman Kovil Theru Ward No 3",Mohanraj.M,,1,588,0.17,False
64,"P.U.E.School, Selampalayam 638672,Building facing North (Center Portion)","Chinnakampalayam (T.P) Selampalayam Kadai Street Ward No 10; Chinnakampalayam (T.P), Christhuva Street Ward No 3; Chinnakampalayam (T.P), Somanuthu Marriamman Kovil Theru Ward No 3",Rohini.S,,1,588,0.17,False
64,"P.U.E.School, Selampalayam 638672,Building facing North (Center Portion)","Chinnakampalayam (T.P) Selampalayam Kadai Street Ward No 10; Chinnakampalayam (T.P), Christhuva Street Ward No 3; Chinnakampalayam (T.P), Somanuthu Marriamman Kovil Theru Ward No 3",NOTA,NOTA,1,588,0.17,False
65,"C.S.I. Primary School, Somanuthu- 638672,East facing Terraced Building Ward No.5","Chinnakampalayam (T.P), Somanuthu East Harichana Theru Ward No 4; Chinnakampalayam (T.P), Somanuhtu Kuddi Theru Ward No 4; Chinnakampalayam (T.P), Somanuhtu West Harichana Theru Ward No 4; Chinnakampalayam (T.P) Somanuthu Ganapathy Street (Madankattuputhur)",Indirani.T,,268,751,35.69,False
65,"C.S.I. Primary School, Somanuthu- 638672,East facing Terraced Building Ward No.5","Chinnakampalayam (T.P), Somanuthu East Harichana Theru Ward No 4; Chinnakampalayam (T.P), Somanuhtu Kuddi Theru Ward No 4; Chinnakampalayam (T.P), Somanuhtu West Harichana Theru Ward No 4; Chinnakampalayam (T.P) Somanuthu Ganapathy Street (Madankattuputhur)",Sathyabama.P,,288,751,38.35,True
65,"C.S.I. Primary School, Somanuthu- 638672,East facing Terraced Building Ward No.5","Chinnakampalayam (T.P), Somanuthu East Harichana Theru Ward No 4; Chinnakampalayam (T.P), Somanuhtu Kuddi Theru Ward No 4; Chinnakampalayam (T.P), Somanuhtu West Harichana Theru Ward No 4; Chinnakampalayam (T.P) Somanuthu Ganapathy Street (Madankattuputhur)",Dhivya,,35,751,4.66,False
65,"C.S.I. Primary School, Somanuthu- 638672,East facing Terraced Building Ward No.5","Chinnakampalayam (T.P), Somanuthu East Harichana Theru Ward No 4; Chinnakampalayam (T.P), Somanuhtu Kuddi Theru Ward No 4; Chinnakampalayam (T.P), Somanuhtu West Harichana Theru Ward No 4; Chinnakampalayam (T.P) Somanuthu Ganapathy Street (Madankattuputhur)",Gowri Chitra,,154,751,20.51,False
65,"C.S.I. Primary School, Somanuthu- 638672,East facing Terraced Building Ward No.5","Chinnakampalayam (T.P), Somanuthu East Harichana Theru Ward No 4; Chinnakampalayam (T.P), Somanuhtu Kuddi Theru Ward No 4; Chinnakampalayam (T.P), Somanuhtu West Harichana Theru Ward No 4; Chinnakampalayam (T.P) Somanuthu Ganapathy Street (Madankattuputhur)",Ananthi.S,,1,751,0.13,False
65,"C.S.I. Primary School, Somanuthu- 638672,East facing Terraced Building Ward No.5","Chinnakampalayam (T.P), Somanuthu East Harichana Theru Ward No 4; Chinnakampalayam (T.P), Somanuhtu Kuddi Theru Ward No 4; Chinnakampalayam (T.P), Somanuhtu West Harichana Theru Ward No 4; Chinnakampalayam (T.P) Somanuthu Ganapathy Street (Madankattuputhur)",Indhirani.C,,0,751,0.0,False
65,"C.S.I. Primary School, Somanuthu- 638672,East facing Terraced Building Ward No.5","Chinnakampalayam (T.P), Somanuthu East Harichana Theru Ward No 4; Chinnakampalayam (T.P), Somanuhtu Kuddi Theru Ward No 4; Chinnakampalayam (T.P), Somanuhtu West Harichana Theru Ward No 4; Chinnakampalayam (T.P) Somanuthu Ganapathy Street (Madankattuputhur)",Gowri.P,,1,751,0.13,False
65,"C.S.I. Primary School, Somanuthu- 638672,East facing Terraced Building Ward No.5","Chinnakampalayam (T.P), Somanuthu East Harichana Theru Ward No 4; Chinnakampalayam (T.P), Somanuhtu Kuddi Theru Ward No 4; Chinnakampalayam (T.P), Somanuhtu West Harichana Theru Ward No 4; Chinnakampalayam (T.P) Somanuthu Ganapathy Street (Madankattuputhur)",Mohanraj.M,,0,751,0.0,False
65,"C.S.I. Primary School, Somanuthu- 638672,East facing Terraced Building Ward No.5","Chinnakampalayam (T.P), Somanuthu East Harichana Theru Ward No 4; Chinnakampalayam (T.P), Somanuhtu Kuddi Theru Ward No 4; Chinnakampalayam (T.P), Somanuhtu West Harichana Theru Ward No 4; Chinnakampalayam (T.P) Somanuthu Ganapathy Street (Madankattuputhur)",Rohini.S,,1,751,0.13,False
65,"C.S.I. Primary School, Somanuthu- 638672,East facing Terraced Building Ward No.5","Chinnakampalayam (T.P), Somanuthu East Harichana Theru Ward No 4; Chinnakampalayam (T.P), Somanuhtu Kuddi Theru Ward No 4; Chinnakampalayam (T.P), Somanuhtu West Harichana Theru Ward No 4; Chinnakampalayam (T.P) Somanuthu Ganapathy Street (Madankattuputhur)",NOTA,NOTA,3,751,0.4,False
66,"P.U.E.School, (Hindu) Chennakkalpalayam,North facing building (Eastern side)","Dhalavaipattinam(R.V) and (P), Sennakal Palayam Ward No 3; Dhalavaipattinam(R.V) and (P), Sennakal Palayam Military Colony Ward No",Indirani.T,,171,699,24.46,False
66,"P.U.E.School, (Hindu) Chennakkalpalayam,North facing building (Eastern side)","Dhalavaipattinam(R.V) and (P), Sennakal Palayam Ward No 3; Dhalavaipattinam(R.V) and (P), Sennakal Palayam Military Colony Ward No",Sathyabama.P,,367,699,52.5,True
66,"P.U.E.School, (Hindu) Chennakkalpalayam,North facing building (Eastern side)","Dhalavaipattinam(R.V) and (P), Sennakal Palayam Ward No 3; Dhalavaipattinam(R.V) and (P), Sennakal Palayam Military Colony Ward No",Dhivya,,21,699,3.0,False
66,"P.U.E.School, (Hindu) Chennakkalpalayam,North facing building (Eastern side)","Dhalavaipattinam(R.V) and (P), Sennakal Palayam Ward No 3; Dhalavaipattinam(R.V) and (P), Sennakal Palayam Military Colony Ward No",Gowri Chitra,,134,699,19.17,False
66,"P.U.E.School, (Hindu) Chennakkalpalayam,North facing building (Eastern side)","Dhalavaipattinam(R.V) and (P), Sennakal Palayam Ward No 3; Dhalavaipattinam(R.V) and (P), Sennakal Palayam Military Colony Ward No",Ananthi.S,,0,699,0.0,False
66,"P.U.E.School, (Hindu) Chennakkalpalayam,North facing building (Eastern side)","Dhalavaipattinam(R.V) and (P), Sennakal Palayam Ward No 3; Dhalavaipattinam(R.V) and (P), Sennakal Palayam Military Colony Ward No",Indhirani.C,,0,699,0.0,False
66,"P.U.E.School, (Hindu) Chennakkalpalayam,North facing building (Eastern side)","Dhalavaipattinam(R.V) and (P), Sennakal Palayam Ward No 3; Dhalavaipattinam(R.V) and (P), Sennakal Palayam Military Colony Ward No",Gowri.P,,0,699,0.0,False
66,"P.U.E.School, (Hindu) Chennakkalpalayam,North facing building (Eastern side)","Dhalavaipattinam(R.V) and (P), Sennakal Palayam Ward No 3; Dhalavaipattinam(R.V) and (P), Sennakal Palayam Military Colony Ward No",Mohanraj.M,,1,699,0.14,False
66,"P.U.E.School, (Hindu) Chennakkalpalayam,North facing building (Eastern side)","Dhalavaipattinam(R.V) and (P), Sennakal Palayam Ward No 3; Dhalavaipattinam(R.V) and (P), Sennakal Palayam Military Colony Ward No",Rohini.S,,0,699,0.0,False
66,"P.U.E.School, (Hindu) Chennakkalpalayam,North facing building (Eastern side)","Dhalavaipattinam(R.V) and (P), Sennakal Palayam Ward No 3; Dhalavaipattinam(R.V) and (P), Sennakal Palayam Military Colony Ward No",NOTA,NOTA,5,699,0.72,False
67,"Panchayat Union Elementary School, Panchapatti,North facing Building (East Portion)","Dhalavaipattinam(R.V) and (P), Panchapatti Ward No 3; OVERSEAS ELECTORS",Indirani.T,,130,544,23.9,False
67,"Panchayat Union Elementary School, Panchapatti,North facing Building (East Portion)","Dhalavaipattinam(R.V) and (P), Panchapatti Ward No 3; OVERSEAS ELECTORS",Sathyabama.P,,225,544,41.36,True
67,"Panchayat Union Elementary School, Panchapatti,North facing Building (East Portion)","Dhalavaipattinam(R.V) and (P), Panchapatti Ward No 3; OVERSEAS ELECTORS",Dhivya,,28,544,5.15,False
67,"Panchayat Union Elementary School, Panchapatti,North facing Building (East Portion)","Dhalavaipattinam(R.V) and (P), Panchapatti Ward No 3; OVERSEAS ELECTORS",Gowri Chitra,,150,544,27.57,False
67,"Panchayat Union Elementary School, Panchapatti,North facing Building (East Portion)","Dhalavaipattinam(R.V) and (P), Panchapatti Ward No 3; OVERSEAS ELECTORS",Ananthi.S,,0,544,0.0,False
67,"Panchayat Union Elementary School, Panchapatti,North facing Building (East Portion)","Dhalavaipattinam(R.V) and (P), Panchapatti Ward No 3; OVERSEAS ELECTORS",Indhirani.C,,2,544,0.37,False
67,"Panchayat Union Elementary School, Panchapatti,North facing Building (East Portion)","Dhalavaipattinam(R.V) and (P), Panchapatti Ward No 3; OVERSEAS ELECTORS",Gowri.P,,2,544,0.37,False
67,"Panchayat Union Elementary School, Panchapatti,North facing Building (East Portion)","Dhalavaipattinam(R.V) and (P), Panchapatti Ward No 3; OVERSEAS ELECTORS",Mohanraj.M,,2,544,0.37,False
67,"Panchayat Union Elementary School, Panchapatti,North facing Building (East Portion)","Dhalavaipattinam(R.V) and (P), Panchapatti Ward No 3; OVERSEAS ELECTORS",Rohini.S,,1,544,0.18,False
67,"Panchayat Union Elementary School, Panchapatti,North facing Building (East Portion)","Dhalavaipattinam(R.V) and (P), Panchapatti Ward No 3; OVERSEAS ELECTORS",NOTA,NOTA,4,544,0.74,False
68,"Panchayat Union Elementary School, Chinnakkampalayam 638657 North facing Building (West Portion)","Chinnakampalayam (T.P), Chinnakampalayam Harichana Street Ward No 6; Chinnakampalayam (T.P), Chinnakampalayam South Street Ward No 6; Chinnakampalayam (T.P), Chinnakampalayam North Street Ward No 6",Indirani.T,,298,805,37.02,True
68,"Panchayat Union Elementary School, Chinnakkampalayam 638657 North facing Building (West Portion)","Chinnakampalayam (T.P), Chinnakampalayam Harichana Street Ward No 6; Chinnakampalayam (T.P), Chinnakampalayam South Street Ward No 6; Chinnakampalayam (T.P), Chinnakampalayam North Street Ward No 6",Sathyabama.P,,295,805,36.65,False
68,"Panchayat Union Elementary School, Chinnakkampalayam 638657 North facing Building (West Portion)","Chinnakampalayam (T.P), Chinnakampalayam Harichana Street Ward No 6; Chinnakampalayam (T.P), Chinnakampalayam South Street Ward No 6; Chinnakampalayam (T.P), Chinnakampalayam North Street Ward No 6",Dhivya,,11,805,1.37,False
68,"Panchayat Union Elementary School, Chinnakkampalayam 638657 North facing Building (West Portion)","Chinnakampalayam (T.P), Chinnakampalayam Harichana Street Ward No 6; Chinnakampalayam (T.P), Chinnakampalayam South Street Ward No 6; Chinnakampalayam (T.P), Chinnakampalayam North Street Ward No 6",Gowri Chitra,,193,805,23.98,False
68,"Panchayat Union Elementary School, Chinnakkampalayam 638657 North facing Building (West Portion)","Chinnakampalayam (T.P), Chinnakampalayam Harichana Street Ward No 6; Chinnakampalayam (T.P), Chinnakampalayam South Street Ward No 6; Chinnakampalayam (T.P), Chinnakampalayam North Street Ward No 6",Ananthi.S,,1,805,0.12,False
68,"Panchayat Union Elementary School, Chinnakkampalayam 638657 North facing Building (West Portion)","Chinnakampalayam (T.P), Chinnakampalayam Harichana Street Ward No 6; Chinnakampalayam (T.P), Chinnakampalayam South Street Ward No 6; Chinnakampalayam (T.P), Chinnakampalayam North Street Ward No 6",Indhirani.C,,0,805,0.0,False
68,"Panchayat Union Elementary School, Chinnakkampalayam 638657 North facing Building (West Portion)","Chinnakampalayam (T.P), Chinnakampalayam Harichana Street Ward No 6; Chinnakampalayam (T.P), Chinnakampalayam South Street Ward No 6; Chinnakampalayam (T.P), Chinnakampalayam North Street Ward No 6",Gowri.P,,1,805,0.12,False
68,"Panchayat Union Elementary School, Chinnakkampalayam 638657 North facing Building (West Portion)","Chinnakampalayam (T.P), Chinnakampalayam Harichana Street Ward No 6; Chinnakampalayam (T.P), Chinnakampalayam South Street Ward No 6; Chinnakampalayam (T.P), Chinnakampalayam North Street Ward No 6",Mohanraj.M,,0,805,0.0,False
68,"Panchayat Union Elementary School, Chinnakkampalayam 638657 North facing Building (West Portion)","Chinnakampalayam (T.P), Chinnakampalayam Harichana Street Ward No 6; Chinnakampalayam (T.P), Chinnakampalayam South Street Ward No 6; Chinnakampalayam (T.P), Chinnakampalayam North Street Ward No 6",Rohini.S,,0,805,0.0,False
68,"Panchayat Union Elementary School, Chinnakkampalayam 638657 North facing Building (West Portion)","Chinnakampalayam (T.P), Chinnakampalayam Harichana Street Ward No 6; Chinnakampalayam (T.P), Chinnakampalayam South Street Ward No 6; Chinnakampalayam (T.P), Chinnakampalayam North Street Ward No 6",NOTA,NOTA,6,805,0.75,False
69,"Panchayat Union Elementary School, Chinnakkampalayam 638657 North facing Building (West",Chinnakampalayam (T.P) Seelanaickanpatti East kuditheru Ward No 5; Chinnakampalayam (T.P) Seelanaickanpatti West kuditheru Ward No 5; Chinnakampalayam (T.P) Madangattupudur W.No.5,Indirani.T,,275,673,40.86,True
69,"Panchayat Union Elementary School, Chinnakkampalayam 638657 North facing Building (West",Chinnakampalayam (T.P) Seelanaickanpatti East kuditheru Ward No 5; Chinnakampalayam (T.P) Seelanaickanpatti West kuditheru Ward No 5; Chinnakampalayam (T.P) Madangattupudur W.No.5,Sathyabama.P,,243,673,36.11,False
69,"Panchayat Union Elementary School, Chinnakkampalayam 638657 North facing Building (West",Chinnakampalayam (T.P) Seelanaickanpatti East kuditheru Ward No 5; Chinnakampalayam (T.P) Seelanaickanpatti West kuditheru Ward No 5; Chinnakampalayam (T.P) Madangattupudur W.No.5,Dhivya,,21,673,3.12,False
69,"Panchayat Union Elementary School, Chinnakkampalayam 638657 North facing Building (West",Chinnakampalayam (T.P) Seelanaickanpatti East kuditheru Ward No 5; Chinnakampalayam (T.P) Seelanaickanpatti West kuditheru Ward No 5; Chinnakampalayam (T.P) Madangattupudur W.No.5,Gowri Chitra,,127,673,18.87,False
69,"Panchayat Union Elementary School, Chinnakkampalayam 638657 North facing Building (West",Chinnakampalayam (T.P) Seelanaickanpatti East kuditheru Ward No 5; Chinnakampalayam (T.P) Seelanaickanpatti West kuditheru Ward No 5; Chinnakampalayam (T.P) Madangattupudur W.No.5,Ananthi.S,,1,673,0.15,False
69,"Panchayat Union Elementary School, Chinnakkampalayam 638657 North facing Building (West",Chinnakampalayam (T.P) Seelanaickanpatti East kuditheru Ward No 5; Chinnakampalayam (T.P) Seelanaickanpatti West kuditheru Ward No 5; Chinnakampalayam (T.P) Madangattupudur W.No.5,Indhirani.C,,0,673,0.0,False
69,"Panchayat Union Elementary School, Chinnakkampalayam 638657 North facing Building (West",Chinnakampalayam (T.P) Seelanaickanpatti East kuditheru Ward No 5; Chinnakampalayam (T.P) Seelanaickanpatti West kuditheru Ward No 5; Chinnakampalayam (T.P) Madangattupudur W.No.5,Gowri.P,,3,673,0.45,False
69,"Panchayat Union Elementary School, Chinnakkampalayam 638657 North facing Building (West",Chinnakampalayam (T.P) Seelanaickanpatti East kuditheru Ward No 5; Chinnakampalayam (T.P) Seelanaickanpatti West kuditheru Ward No 5; Chinnakampalayam (T.P) Madangattupudur W.No.5,Mohanraj.M,,2,673,0.3,False
69,"Panchayat Union Elementary School, Chinnakkampalayam 638657 North facing Building (West",Chinnakampalayam (T.P) Seelanaickanpatti East kuditheru Ward No 5; Chinnakampalayam (T.P) Seelanaickanpatti West kuditheru Ward No 5; Chinnakampalayam (T.P) Madangattupudur W.No.5,Rohini.S,,0,673,0.0,False
69,"Panchayat Union Elementary School, Chinnakkampalayam 638657 North facing Building (West",Chinnakampalayam (T.P) Seelanaickanpatti East kuditheru Ward No 5; Chinnakampalayam (T.P) Seelanaickanpatti West kuditheru Ward No 5; Chinnakampalayam (T.P) Madangattupudur W.No.5,NOTA,NOTA,1,673,0.15,False
70,"Portion) HM Room P.U.M.School, Govindapuram- 638657,Building facing South","Chinnakampalayam (T.P), Ashirpuram Ward No 5; Govindapuram (R.V) and (P), Chettipalayam Kaliyapalayam Ward No 3",Indirani.T,,142,416,34.13,False
70,"Portion) HM Room P.U.M.School, Govindapuram- 638657,Building facing South","Chinnakampalayam (T.P), Ashirpuram Ward No 5; Govindapuram (R.V) and (P), Chettipalayam Kaliyapalayam Ward No 3",Sathyabama.P,,191,416,45.91,True
70,"Portion) HM Room P.U.M.School, Govindapuram- 638657,Building facing South","Chinnakampalayam (T.P), Ashirpuram Ward No 5; Govindapuram (R.V) and (P), Chettipalayam Kaliyapalayam Ward No 3",Dhivya,,6,416,1.44,False
70,"Portion) HM Room P.U.M.School, Govindapuram- 638657,Building facing South","Chinnakampalayam (T.P), Ashirpuram Ward No 5; Govindapuram (R.V) and (P), Chettipalayam Kaliyapalayam Ward No 3",Gowri Chitra,,76,416,18.27,False
70,"Portion) HM Room P.U.M.School, Govindapuram- 638657,Building facing South","Chinnakampalayam (T.P), Ashirpuram Ward No 5; Govindapuram (R.V) and (P), Chettipalayam Kaliyapalayam Ward No 3",Ananthi.S,,0,416,0.0,False
70,"Portion) HM Room P.U.M.School, Govindapuram- 638657,Building facing South","Chinnakampalayam (T.P), Ashirpuram Ward No 5; Govindapuram (R.V) and (P), Chettipalayam Kaliyapalayam Ward No 3",Indhirani.C,,0,416,0.0,False
70,"Portion) HM Room P.U.M.School, Govindapuram- 638657,Building facing South","Chinnakampalayam (T.P), Ashirpuram Ward No 5; Govindapuram (R.V) and (P), Chettipalayam Kaliyapalayam Ward No 3",Gowri.P,,0,416,0.0,False
70,"Portion) HM Room P.U.M.School, Govindapuram- 638657,Building facing South","Chinnakampalayam (T.P), Ashirpuram Ward No 5; Govindapuram (R.V) and (P), Chettipalayam Kaliyapalayam Ward No 3",Mohanraj.M,,0,416,0.0,False
70,"Portion) HM Room P.U.M.School, Govindapuram- 638657,Building facing South","Chinnakampalayam (T.P), Ashirpuram Ward No 5; Govindapuram (R.V) and (P), Chettipalayam Kaliyapalayam Ward No 3",Rohini.S,,1,416,0.24,False
70,"Portion) HM Room P.U.M.School, Govindapuram- 638657,Building facing South","Chinnakampalayam (T.P), Ashirpuram Ward No 5; Govindapuram (R.V) and (P), Chettipalayam Kaliyapalayam Ward No 3",NOTA,NOTA,0,416,0.0,False
71,"P.U.M.School, Govindapuram- 638657,North facing building (Eastern side)","Govindhapuram (R.V) and (P), Govindhapuram(P)(east) ward no 1",Indirani.T,,291,729,39.92,True
71,"P.U.M.School, Govindapuram- 638657,North facing building (Eastern side)","Govindhapuram (R.V) and (P), Govindhapuram(P)(east) ward no 1",Sathyabama.P,,221,729,30.32,False
71,"P.U.M.School, Govindapuram- 638657,North facing building (Eastern side)","Govindhapuram (R.V) and (P), Govindhapuram(P)(east) ward no 1",Dhivya,,15,729,2.06,False
71,"P.U.M.School, Govindapuram- 638657,North facing building (Eastern side)","Govindhapuram (R.V) and (P), Govindhapuram(P)(east) ward no 1",Gowri Chitra,,194,729,26.61,False
71,"P.U.M.School, Govindapuram- 638657,North facing building (Eastern side)","Govindhapuram (R.V) and (P), Govindhapuram(P)(east) ward no 1",Ananthi.S,,0,729,0.0,False
71,"P.U.M.School, Govindapuram- 638657,North facing building (Eastern side)","Govindhapuram (R.V) and (P), Govindhapuram(P)(east) ward no 1",Indhirani.C,,2,729,0.27,False
71,"P.U.M.School, Govindapuram- 638657,North facing building (Eastern side)","Govindhapuram (R.V) and (P), Govindhapuram(P)(east) ward no 1",Gowri.P,,0,729,0.0,False
71,"P.U.M.School, Govindapuram- 638657,North facing building (Eastern side)","Govindhapuram (R.V) and (P), Govindhapuram(P)(east) ward no 1",Mohanraj.M,,2,729,0.27,False
71,"P.U.M.School, Govindapuram- 638657,North facing building (Eastern side)","Govindhapuram (R.V) and (P), Govindhapuram(P)(east) ward no 1",Rohini.S,,1,729,0.14,False
71,"P.U.M.School, Govindapuram- 638657,North facing building (Eastern side)","Govindhapuram (R.V) and (P), Govindhapuram(P)(east) ward no 1",NOTA,NOTA,3,729,0.41,False
72,"P.U.M.School, Govindapuram- 638657,North facing building (Western side)","Govindhapuram (R.V) and (P), Govindhapuram (P)(west) ward no2; OVERSEAS ELECTORS",Indirani.T,,173,646,26.78,False
72,"P.U.M.School, Govindapuram- 638657,North facing building (Western side)","Govindhapuram (R.V) and (P), Govindhapuram (P)(west) ward no2; OVERSEAS ELECTORS",Sathyabama.P,,349,646,54.02,True
72,"P.U.M.School, Govindapuram- 638657,North facing building (Western side)","Govindhapuram (R.V) and (P), Govindhapuram (P)(west) ward no2; OVERSEAS ELECTORS",Dhivya,,10,646,1.55,False
72,"P.U.M.School, Govindapuram- 638657,North facing building (Western side)","Govindhapuram (R.V) and (P), Govindhapuram (P)(west) ward no2; OVERSEAS ELECTORS",Gowri Chitra,,101,646,15.63,False
72,"P.U.M.School, Govindapuram- 638657,North facing building (Western side)","Govindhapuram (R.V) and (P), Govindhapuram (P)(west) ward no2; OVERSEAS ELECTORS",Ananthi.S,,0,646,0.0,False
72,"P.U.M.School, Govindapuram- 638657,North facing building (Western side)","Govindhapuram (R.V) and (P), Govindhapuram (P)(west) ward no2; OVERSEAS ELECTORS",Indhirani.C,,1,646,0.15,False
72,"P.U.M.School, Govindapuram- 638657,North facing building (Western side)","Govindhapuram (R.V) and (P), Govindhapuram (P)(west) ward no2; OVERSEAS ELECTORS",Gowri.P,,0,646,0.0,False
72,"P.U.M.School, Govindapuram- 638657,North facing building (Western side)","Govindhapuram (R.V) and (P), Govindhapuram (P)(west) ward no2; OVERSEAS ELECTORS",Mohanraj.M,,1,646,0.15,False
72,"P.U.M.School, Govindapuram- 638657,North facing building (Western side)","Govindhapuram (R.V) and (P), Govindhapuram (P)(west) ward no2; OVERSEAS ELECTORS",Rohini.S,,4,646,0.62,False
72,"P.U.M.School, Govindapuram- 638657,North facing building (Western side)","Govindhapuram (R.V) and (P), Govindhapuram (P)(west) ward no2; OVERSEAS ELECTORS",NOTA,NOTA,7,646,1.08,False
73,"PUMS, Periyaputhur- 638657,Building facing East (South","Govindapuram (R.V) and (P), Venkittipalayam ward No 3; Govindapuram (R.V) and (P), Mathiyapuram Ward No 3",Indirani.T,,219,637,34.38,False
73,"PUMS, Periyaputhur- 638657,Building facing East (South","Govindapuram (R.V) and (P), Venkittipalayam ward No 3; Govindapuram (R.V) and (P), Mathiyapuram Ward No 3",Sathyabama.P,,297,637,46.62,True
73,"PUMS, Periyaputhur- 638657,Building facing East (South","Govindapuram (R.V) and (P), Venkittipalayam ward No 3; Govindapuram (R.V) and (P), Mathiyapuram Ward No 3",Dhivya,,11,637,1.73,False
73,"PUMS, Periyaputhur- 638657,Building facing East (South","Govindapuram (R.V) and (P), Venkittipalayam ward No 3; Govindapuram (R.V) and (P), Mathiyapuram Ward No 3",Gowri Chitra,,107,637,16.8,False
73,"PUMS, Periyaputhur- 638657,Building facing East (South","Govindapuram (R.V) and (P), Venkittipalayam ward No 3; Govindapuram (R.V) and (P), Mathiyapuram Ward No 3",Ananthi.S,,1,637,0.16,False
73,"PUMS, Periyaputhur- 638657,Building facing East (South","Govindapuram (R.V) and (P), Venkittipalayam ward No 3; Govindapuram (R.V) and (P), Mathiyapuram Ward No 3",Indhirani.C,,0,637,0.0,False
73,"PUMS, Periyaputhur- 638657,Building facing East (South","Govindapuram (R.V) and (P), Venkittipalayam ward No 3; Govindapuram (R.V) and (P), Mathiyapuram Ward No 3",Gowri.P,,0,637,0.0,False
73,"PUMS, Periyaputhur- 638657,Building facing East (South","Govindapuram (R.V) and (P), Venkittipalayam ward No 3; Govindapuram (R.V) and (P), Mathiyapuram Ward No 3",Mohanraj.M,,0,637,0.0,False
73,"PUMS, Periyaputhur- 638657,Building facing East (South","Govindapuram (R.V) and (P), Venkittipalayam ward No 3; Govindapuram (R.V) and (P), Mathiyapuram Ward No 3",Rohini.S,,0,637,0.0,False
73,"PUMS, Periyaputhur- 638657,Building facing East (South","Govindapuram (R.V) and (P), Venkittipalayam ward No 3; Govindapuram (R.V) and (P), Mathiyapuram Ward No 3",NOTA,NOTA,2,637,0.31,False
74,"Portion) P.U.M.S Periaputhur,Building facing","Govindapuram (R.V) and (P), Nanjundapuram Kalipalayam Ward No 4; Govindapuram (R.V) and (P), Periyapudur Ward No 4",Indirani.T,,207,637,32.5,False
74,"Portion) P.U.M.S Periaputhur,Building facing","Govindapuram (R.V) and (P), Nanjundapuram Kalipalayam Ward No 4; Govindapuram (R.V) and (P), Periyapudur Ward No 4",Sathyabama.P,,286,637,44.9,True
74,"Portion) P.U.M.S Periaputhur,Building facing","Govindapuram (R.V) and (P), Nanjundapuram Kalipalayam Ward No 4; Govindapuram (R.V) and (P), Periyapudur Ward No 4",Dhivya,,19,637,2.98,False
74,"Portion) P.U.M.S Periaputhur,Building facing","Govindapuram (R.V) and (P), Nanjundapuram Kalipalayam Ward No 4; Govindapuram (R.V) and (P), Periyapudur Ward No 4",Gowri Chitra,,121,637,19.0,False
74,"Portion) P.U.M.S Periaputhur,Building facing","Govindapuram (R.V) and (P), Nanjundapuram Kalipalayam Ward No 4; Govindapuram (R.V) and (P), Periyapudur Ward No 4",Ananthi.S,,0,637,0.0,False
74,"Portion) P.U.M.S Periaputhur,Building facing","Govindapuram (R.V) and (P), Nanjundapuram Kalipalayam Ward No 4; Govindapuram (R.V) and (P), Periyapudur Ward No 4",Indhirani.C,,0,637,0.0,False
74,"Portion) P.U.M.S Periaputhur,Building facing","Govindapuram (R.V) and (P), Nanjundapuram Kalipalayam Ward No 4; Govindapuram (R.V) and (P), Periyapudur Ward No 4",Gowri.P,,0,637,0.0,False
74,"Portion) P.U.M.S Periaputhur,Building facing","Govindapuram (R.V) and (P), Nanjundapuram Kalipalayam Ward No 4; Govindapuram (R.V) and (P), Periyapudur Ward No 4",Mohanraj.M,,1,637,0.16,False
74,"Portion) P.U.M.S Periaputhur,Building facing","Govindapuram (R.V) and (P), Nanjundapuram Kalipalayam Ward No 4; Govindapuram (R.V) and (P), Periyapudur Ward No 4",Rohini.S,,1,637,0.16,False
74,"Portion) P.U.M.S Periaputhur,Building facing","Govindapuram (R.V) and (P), Nanjundapuram Kalipalayam Ward No 4; Govindapuram (R.V) and (P), Periyapudur Ward No 4",NOTA,NOTA,2,637,0.31,False
75,"East (Northern side) C.S.I.Ele.School, Chinnaputhur-","Chinnaputhur (R.V) and (P), Rettypalayam Ward No 1",Indirani.T,,211,611,34.53,False
75,"East (Northern side) C.S.I.Ele.School, Chinnaputhur-","Chinnaputhur (R.V) and (P), Rettypalayam Ward No 1",Sathyabama.P,,269,611,44.03,True
75,"East (Northern side) C.S.I.Ele.School, Chinnaputhur-","Chinnaputhur (R.V) and (P), Rettypalayam Ward No 1",Dhivya,,17,611,2.78,False
75,"East (Northern side) C.S.I.Ele.School, Chinnaputhur-","Chinnaputhur (R.V) and (P), Rettypalayam Ward No 1",Gowri Chitra,,110,611,18.0,False
75,"East (Northern side) C.S.I.Ele.School, Chinnaputhur-","Chinnaputhur (R.V) and (P), Rettypalayam Ward No 1",Ananthi.S,,0,611,0.0,False
75,"East (Northern side) C.S.I.Ele.School, Chinnaputhur-","Chinnaputhur (R.V) and (P), Rettypalayam Ward No 1",Indhirani.C,,0,611,0.0,False
75,"East (Northern side) C.S.I.Ele.School, Chinnaputhur-","Chinnaputhur (R.V) and (P), Rettypalayam Ward No 1",Gowri.P,,0,611,0.0,False
75,"East (Northern side) C.S.I.Ele.School, Chinnaputhur-","Chinnaputhur (R.V) and (P), Rettypalayam Ward No 1",Mohanraj.M,,0,611,0.0,False
75,"East (Northern side) C.S.I.Ele.School, Chinnaputhur-","Chinnaputhur (R.V) and (P), Rettypalayam Ward No 1",Rohini.S,,2,611,0.33,False
75,"East (Northern side) C.S.I.Ele.School, Chinnaputhur-","Chinnaputhur (R.V) and (P), Rettypalayam Ward No 1",NOTA,NOTA,2,611,0.33,False
76,"638657 East facing Building Panchayat Union Library, Chinnaputhur,Building Facing East","Chinnaputhur (R.V) and (P), Kolappanayakkan Palayam Ward No 2; Chinnaputhur (R.V) and (P), Chinnaputhur South Ward No 2; Chinnaputhur (R.V) and (P), Chinnaputhur North Pulyamarathupalayam",Indirani.T,,186,663,28.05,False
76,"638657 East facing Building Panchayat Union Library, Chinnaputhur,Building Facing East","Chinnaputhur (R.V) and (P), Kolappanayakkan Palayam Ward No 2; Chinnaputhur (R.V) and (P), Chinnaputhur South Ward No 2; Chinnaputhur (R.V) and (P), Chinnaputhur North Pulyamarathupalayam",Sathyabama.P,,327,663,49.32,True
76,"638657 East facing Building Panchayat Union Library, Chinnaputhur,Building Facing East","Chinnaputhur (R.V) and (P), Kolappanayakkan Palayam Ward No 2; Chinnaputhur (R.V) and (P), Chinnaputhur South Ward No 2; Chinnaputhur (R.V) and (P), Chinnaputhur North Pulyamarathupalayam",Dhivya,,17,663,2.56,False
76,"638657 East facing Building Panchayat Union Library, Chinnaputhur,Building Facing East","Chinnaputhur (R.V) and (P), Kolappanayakkan Palayam Ward No 2; Chinnaputhur (R.V) and (P), Chinnaputhur South Ward No 2; Chinnaputhur (R.V) and (P), Chinnaputhur North Pulyamarathupalayam",Gowri Chitra,,125,663,18.85,False
76,"638657 East facing Building Panchayat Union Library, Chinnaputhur,Building Facing East","Chinnaputhur (R.V) and (P), Kolappanayakkan Palayam Ward No 2; Chinnaputhur (R.V) and (P), Chinnaputhur South Ward No 2; Chinnaputhur (R.V) and (P), Chinnaputhur North Pulyamarathupalayam",Ananthi.S,,1,663,0.15,False
76,"638657 East facing Building Panchayat Union Library, Chinnaputhur,Building Facing East","Chinnaputhur (R.V) and (P), Kolappanayakkan Palayam Ward No 2; Chinnaputhur (R.V) and (P), Chinnaputhur South Ward No 2; Chinnaputhur (R.V) and (P), Chinnaputhur North Pulyamarathupalayam",Indhirani.C,,2,663,0.3,False
76,"638657 East facing Building Panchayat Union Library, Chinnaputhur,Building Facing East","Chinnaputhur (R.V) and (P), Kolappanayakkan Palayam Ward No 2; Chinnaputhur (R.V) and (P), Chinnaputhur South Ward No 2; Chinnaputhur (R.V) and (P), Chinnaputhur North Pulyamarathupalayam",Gowri.P,,1,663,0.15,False
76,"638657 East facing Building Panchayat Union Library, Chinnaputhur,Building Facing East","Chinnaputhur (R.V) and (P), Kolappanayakkan Palayam Ward No 2; Chinnaputhur (R.V) and (P), Chinnaputhur South Ward No 2; Chinnaputhur (R.V) and (P), Chinnaputhur North Pulyamarathupalayam",Mohanraj.M,,0,663,0.0,False
76,"638657 East facing Building Panchayat Union Library, Chinnaputhur,Building Facing East","Chinnaputhur (R.V) and (P), Kolappanayakkan Palayam Ward No 2; Chinnaputhur (R.V) and (P), Chinnaputhur South Ward No 2; Chinnaputhur (R.V) and (P), Chinnaputhur North Pulyamarathupalayam",Rohini.S,,0,663,0.0,False
76,"638657 East facing Building Panchayat Union Library, Chinnaputhur,Building Facing East","Chinnaputhur (R.V) and (P), Kolappanayakkan Palayam Ward No 2; Chinnaputhur (R.V) and (P), Chinnaputhur South Ward No 2; Chinnaputhur (R.V) and (P), Chinnaputhur North Pulyamarathupalayam",NOTA,NOTA,4,663,0.6,False
77,"Village Porverty Reduction Committee Building, chinnaputhur- 638657, South Facing Building","Chinnaputhur (R.V) and (P), Vellur Pappanoothu Ward No 3",Indirani.T,,228,691,33.0,False
77,"Village Porverty Reduction Committee Building, chinnaputhur- 638657, South Facing Building","Chinnaputhur (R.V) and (P), Vellur Pappanoothu Ward No 3",Sathyabama.P,,280,691,40.52,True
77,"Village Porverty Reduction Committee Building, chinnaputhur- 638657, South Facing Building","Chinnaputhur (R.V) and (P), Vellur Pappanoothu Ward No 3",Dhivya,,21,691,3.04,False
77,"Village Porverty Reduction Committee Building, chinnaputhur- 638657, South Facing Building","Chinnaputhur (R.V) and (P), Vellur Pappanoothu Ward No 3",Gowri Chitra,,152,691,22.0,False
77,"Village Porverty Reduction Committee Building, chinnaputhur- 638657, South Facing Building","Chinnaputhur (R.V) and (P), Vellur Pappanoothu Ward No 3",Ananthi.S,,1,691,0.14,False
77,"Village Porverty Reduction Committee Building, chinnaputhur- 638657, South Facing Building","Chinnaputhur (R.V) and (P), Vellur Pappanoothu Ward No 3",Indhirani.C,,0,691,0.0,False
77,"Village Porverty Reduction Committee Building, chinnaputhur- 638657, South Facing Building","Chinnaputhur (R.V) and (P), Vellur Pappanoothu Ward No 3",Gowri.P,,0,691,0.0,False
77,"Village Porverty Reduction Committee Building, chinnaputhur- 638657, South Facing Building","Chinnaputhur (R.V) and (P), Vellur Pappanoothu Ward No 3",Mohanraj.M,,2,691,0.29,False
77,"Village Porverty Reduction Committee Building, chinnaputhur- 638657, South Facing Building","Chinnaputhur (R.V) and (P), Vellur Pappanoothu Ward No 3",Rohini.S,,2,691,0.29,False
77,"Village Porverty Reduction Committee Building, chinnaputhur- 638657, South Facing Building","Chinnaputhur (R.V) and (P), Vellur Pappanoothu Ward No 3",NOTA,NOTA,5,691,0.72,False
78,"(Centre Portion) P.U.E.S, Mettupalayam,Building facing North","Govindapuram(R.V) and (P), Mettupalayam Ward No1; Govindapuram(R.V) and (P), Kuruvappanaickenpalayam ward No 1",Indirani.T,,230,647,35.55,False
78,"(Centre Portion) P.U.E.S, Mettupalayam,Building facing North","Govindapuram(R.V) and (P), Mettupalayam Ward No1; Govindapuram(R.V) and (P), Kuruvappanaickenpalayam ward No 1",Sathyabama.P,,244,647,37.71,True
78,"(Centre Portion) P.U.E.S, Mettupalayam,Building facing North","Govindapuram(R.V) and (P), Mettupalayam Ward No1; Govindapuram(R.V) and (P), Kuruvappanaickenpalayam ward No 1",Dhivya,,17,647,2.63,False
78,"(Centre Portion) P.U.E.S, Mettupalayam,Building facing North","Govindapuram(R.V) and (P), Mettupalayam Ward No1; Govindapuram(R.V) and (P), Kuruvappanaickenpalayam ward No 1",Gowri Chitra,,151,647,23.34,False
78,"(Centre Portion) P.U.E.S, Mettupalayam,Building facing North","Govindapuram(R.V) and (P), Mettupalayam Ward No1; Govindapuram(R.V) and (P), Kuruvappanaickenpalayam ward No 1",Ananthi.S,,0,647,0.0,False
78,"(Centre Portion) P.U.E.S, Mettupalayam,Building facing North","Govindapuram(R.V) and (P), Mettupalayam Ward No1; Govindapuram(R.V) and (P), Kuruvappanaickenpalayam ward No 1",Indhirani.C,,0,647,0.0,False
78,"(Centre Portion) P.U.E.S, Mettupalayam,Building facing North","Govindapuram(R.V) and (P), Mettupalayam Ward No1; Govindapuram(R.V) and (P), Kuruvappanaickenpalayam ward No 1",Gowri.P,,1,647,0.15,False
78,"(Centre Portion) P.U.E.S, Mettupalayam,Building facing North","Govindapuram(R.V) and (P), Mettupalayam Ward No1; Govindapuram(R.V) and (P), Kuruvappanaickenpalayam ward No 1",Mohanraj.M,,0,647,0.0,False
78,"(Centre Portion) P.U.E.S, Mettupalayam,Building facing North","Govindapuram(R.V) and (P), Mettupalayam Ward No1; Govindapuram(R.V) and (P), Kuruvappanaickenpalayam ward No 1",Rohini.S,,0,647,0.0,False
78,"(Centre Portion) P.U.E.S, Mettupalayam,Building facing North","Govindapuram(R.V) and (P), Mettupalayam Ward No1; Govindapuram(R.V) and (P), Kuruvappanaickenpalayam ward No 1",NOTA,NOTA,4,647,0.62,False
79,"P.U.Elementary School, Panamarathupalayam,Building facing East (North side)","Gethelrew(R.V) and (P), Vanna patti W.No.2; Gethelrew(R.V) and (P), Thimmanaikkanpalayam Athimarathu palayam",Indirani.T,,149,525,28.38,False
79,"P.U.Elementary School, Panamarathupalayam,Building facing East (North side)","Gethelrew(R.V) and (P), Vanna patti W.No.2; Gethelrew(R.V) and (P), Thimmanaikkanpalayam Athimarathu palayam",Sathyabama.P,,259,525,49.33,True
79,"P.U.Elementary School, Panamarathupalayam,Building facing East (North side)","Gethelrew(R.V) and (P), Vanna patti W.No.2; Gethelrew(R.V) and (P), Thimmanaikkanpalayam Athimarathu palayam",Dhivya,,18,525,3.43,False
79,"P.U.Elementary School, Panamarathupalayam,Building facing East (North side)","Gethelrew(R.V) and (P), Vanna patti W.No.2; Gethelrew(R.V) and (P), Thimmanaikkanpalayam Athimarathu palayam",Gowri Chitra,,91,525,17.33,False
79,"P.U.Elementary School, Panamarathupalayam,Building facing East (North side)","Gethelrew(R.V) and (P), Vanna patti W.No.2; Gethelrew(R.V) and (P), Thimmanaikkanpalayam Athimarathu palayam",Ananthi.S,,0,525,0.0,False
79,"P.U.Elementary School, Panamarathupalayam,Building facing East (North side)","Gethelrew(R.V) and (P), Vanna patti W.No.2; Gethelrew(R.V) and (P), Thimmanaikkanpalayam Athimarathu palayam",Indhirani.C,,0,525,0.0,False
79,"P.U.Elementary School, Panamarathupalayam,Building facing East (North side)","Gethelrew(R.V) and (P), Vanna patti W.No.2; Gethelrew(R.V) and (P), Thimmanaikkanpalayam Athimarathu palayam",Gowri.P,,0,525,0.0,False
79,"P.U.Elementary School, Panamarathupalayam,Building facing East (North side)","Gethelrew(R.V) and (P), Vanna patti W.No.2; Gethelrew(R.V) and (P), Thimmanaikkanpalayam Athimarathu palayam",Mohanraj.M,,2,525,0.38,False
79,"P.U.Elementary School, Panamarathupalayam,Building facing East (North side)","Gethelrew(R.V) and (P), Vanna patti W.No.2; Gethelrew(R.V) and (P), Thimmanaikkanpalayam Athimarathu palayam",Rohini.S,,2,525,0.38,False
79,"P.U.Elementary School, Panamarathupalayam,Building facing East (North side)","Gethelrew(R.V) and (P), Vanna patti W.No.2; Gethelrew(R.V) and (P), Thimmanaikkanpalayam Athimarathu palayam",NOTA,NOTA,4,525,0.76,False
80,"P.U.E.School, Panamarathupalayam,Building facing East (South side)","Gethelrew(R.V) and (P), Molarapatti Velayuthampalayam W.No.4; Gethelrew(R.V) and (P), Thasampattin Panaimarathupalayam W.No.4",Indirani.T,,126,594,21.21,False
80,"P.U.E.School, Panamarathupalayam,Building facing East (South side)","Gethelrew(R.V) and (P), Molarapatti Velayuthampalayam W.No.4; Gethelrew(R.V) and (P), Thasampattin Panaimarathupalayam W.No.4",Sathyabama.P,,315,594,53.03,True
80,"P.U.E.School, Panamarathupalayam,Building facing East (South side)","Gethelrew(R.V) and (P), Molarapatti Velayuthampalayam W.No.4; Gethelrew(R.V) and (P), Thasampattin Panaimarathupalayam W.No.4",Dhivya,,16,594,2.69,False
80,"P.U.E.School, Panamarathupalayam,Building facing East (South side)","Gethelrew(R.V) and (P), Molarapatti Velayuthampalayam W.No.4; Gethelrew(R.V) and (P), Thasampattin Panaimarathupalayam W.No.4",Gowri Chitra,,129,594,21.72,False
80,"P.U.E.School, Panamarathupalayam,Building facing East (South side)","Gethelrew(R.V) and (P), Molarapatti Velayuthampalayam W.No.4; Gethelrew(R.V) and (P), Thasampattin Panaimarathupalayam W.No.4",Ananthi.S,,0,594,0.0,False
80,"P.U.E.School, Panamarathupalayam,Building facing East (South side)","Gethelrew(R.V) and (P), Molarapatti Velayuthampalayam W.No.4; Gethelrew(R.V) and (P), Thasampattin Panaimarathupalayam W.No.4",Indhirani.C,,1,594,0.17,False
80,"P.U.E.School, Panamarathupalayam,Building facing East (South side)","Gethelrew(R.V) and (P), Molarapatti Velayuthampalayam W.No.4; Gethelrew(R.V) and (P), Thasampattin Panaimarathupalayam W.No.4",Gowri.P,,1,594,0.17,False
80,"P.U.E.School, Panamarathupalayam,Building facing East (South side)","Gethelrew(R.V) and (P), Molarapatti Velayuthampalayam W.No.4; Gethelrew(R.V) and (P), Thasampattin Panaimarathupalayam W.No.4",Mohanraj.M,,1,594,0.17,False
80,"P.U.E.School, Panamarathupalayam,Building facing East (South side)","Gethelrew(R.V) and (P), Molarapatti Velayuthampalayam W.No.4; Gethelrew(R.V) and (P), Thasampattin Panaimarathupalayam W.No.4",Rohini.S,,2,594,0.34,False
80,"P.U.E.School, Panamarathupalayam,Building facing East (South side)","Gethelrew(R.V) and (P), Molarapatti Velayuthampalayam W.No.4; Gethelrew(R.V) and (P), Thasampattin Panaimarathupalayam W.No.4",NOTA,NOTA,3,594,0.51,False
81,"P.U.M.S, Kallivalasu- 638702,Building facing North","Molarapatti (R.V) and (P), Kallivalasu (KIlpuram) W.No.1; Molarapatti (R.V) and (P), Kallivalasu (Melpuram) W.No.2; Molarapatti (R.V) and (P), Molarapatti W.No.3",Indirani.T,,213,700,30.43,False
81,"P.U.M.S, Kallivalasu- 638702,Building facing North","Molarapatti (R.V) and (P), Kallivalasu (KIlpuram) W.No.1; Molarapatti (R.V) and (P), Kallivalasu (Melpuram) W.No.2; Molarapatti (R.V) and (P), Molarapatti W.No.3",Sathyabama.P,,333,700,47.57,True
81,"P.U.M.S, Kallivalasu- 638702,Building facing North","Molarapatti (R.V) and (P), Kallivalasu (KIlpuram) W.No.1; Molarapatti (R.V) and (P), Kallivalasu (Melpuram) W.No.2; Molarapatti (R.V) and (P), Molarapatti W.No.3",Dhivya,,15,700,2.14,False
81,"P.U.M.S, Kallivalasu- 638702,Building facing North","Molarapatti (R.V) and (P), Kallivalasu (KIlpuram) W.No.1; Molarapatti (R.V) and (P), Kallivalasu (Melpuram) W.No.2; Molarapatti (R.V) and (P), Molarapatti W.No.3",Gowri Chitra,,127,700,18.14,False
81,"P.U.M.S, Kallivalasu- 638702,Building facing North","Molarapatti (R.V) and (P), Kallivalasu (KIlpuram) W.No.1; Molarapatti (R.V) and (P), Kallivalasu (Melpuram) W.No.2; Molarapatti (R.V) and (P), Molarapatti W.No.3",Ananthi.S,,0,700,0.0,False
81,"P.U.M.S, Kallivalasu- 638702,Building facing North","Molarapatti (R.V) and (P), Kallivalasu (KIlpuram) W.No.1; Molarapatti (R.V) and (P), Kallivalasu (Melpuram) W.No.2; Molarapatti (R.V) and (P), Molarapatti W.No.3",Indhirani.C,,1,700,0.14,False
81,"P.U.M.S, Kallivalasu- 638702,Building facing North","Molarapatti (R.V) and (P), Kallivalasu (KIlpuram) W.No.1; Molarapatti (R.V) and (P), Kallivalasu (Melpuram) W.No.2; Molarapatti (R.V) and (P), Molarapatti W.No.3",Gowri.P,,0,700,0.0,False
81,"P.U.M.S, Kallivalasu- 638702,Building facing North","Molarapatti (R.V) and (P), Kallivalasu (KIlpuram) W.No.1; Molarapatti (R.V) and (P), Kallivalasu (Melpuram) W.No.2; Molarapatti (R.V) and (P), Molarapatti W.No.3",Mohanraj.M,,2,700,0.29,False
81,"P.U.M.S, Kallivalasu- 638702,Building facing North","Molarapatti (R.V) and (P), Kallivalasu (KIlpuram) W.No.1; Molarapatti (R.V) and (P), Kallivalasu (Melpuram) W.No.2; Molarapatti (R.V) and (P), Molarapatti W.No.3",Rohini.S,,0,700,0.0,False
81,"P.U.M.S, Kallivalasu- 638702,Building facing North","Molarapatti (R.V) and (P), Kallivalasu (KIlpuram) W.No.1; Molarapatti (R.V) and (P), Kallivalasu (Melpuram) W.No.2; Molarapatti (R.V) and (P), Molarapatti W.No.3",NOTA,NOTA,9,700,1.29,False
82,"P.U.E.S, Devarajpattinam- 638702,Building facing North","Molarapatti (R.V) and (P), Senapathi Gavundan puthur W.No.14; Velautham palayam (R.V) and (P), Devaraj pattanam Kuppichi palayam W.No; Velayuthampalayam (P), Chinnaripalayam W.No.2",Indirani.T,,171,519,32.95,False
82,"P.U.E.S, Devarajpattinam- 638702,Building facing North","Molarapatti (R.V) and (P), Senapathi Gavundan puthur W.No.14; Velautham palayam (R.V) and (P), Devaraj pattanam Kuppichi palayam W.No; Velayuthampalayam (P), Chinnaripalayam W.No.2",Sathyabama.P,,274,519,52.79,True
82,"P.U.E.S, Devarajpattinam- 638702,Building facing North","Molarapatti (R.V) and (P), Senapathi Gavundan puthur W.No.14; Velautham palayam (R.V) and (P), Devaraj pattanam Kuppichi palayam W.No; Velayuthampalayam (P), Chinnaripalayam W.No.2",Dhivya,,6,519,1.16,False
82,"P.U.E.S, Devarajpattinam- 638702,Building facing North","Molarapatti (R.V) and (P), Senapathi Gavundan puthur W.No.14; Velautham palayam (R.V) and (P), Devaraj pattanam Kuppichi palayam W.No; Velayuthampalayam (P), Chinnaripalayam W.No.2",Gowri Chitra,,66,519,12.72,False
82,"P.U.E.S, Devarajpattinam- 638702,Building facing North","Molarapatti (R.V) and (P), Senapathi Gavundan puthur W.No.14; Velautham palayam (R.V) and (P), Devaraj pattanam Kuppichi palayam W.No; Velayuthampalayam (P), Chinnaripalayam W.No.2",Ananthi.S,,0,519,0.0,False
82,"P.U.E.S, Devarajpattinam- 638702,Building facing North","Molarapatti (R.V) and (P), Senapathi Gavundan puthur W.No.14; Velautham palayam (R.V) and (P), Devaraj pattanam Kuppichi palayam W.No; Velayuthampalayam (P), Chinnaripalayam W.No.2",Indhirani.C,,0,519,0.0,False
82,"P.U.E.S, Devarajpattinam- 638702,Building facing North","Molarapatti (R.V) and (P), Senapathi Gavundan puthur W.No.14; Velautham palayam (R.V) and (P), Devaraj pattanam Kuppichi palayam W.No; Velayuthampalayam (P), Chinnaripalayam W.No.2",Gowri.P,,0,519,0.0,False
82,"P.U.E.S, Devarajpattinam- 638702,Building facing North","Molarapatti (R.V) and (P), Senapathi Gavundan puthur W.No.14; Velautham palayam (R.V) and (P), Devaraj pattanam Kuppichi palayam W.No; Velayuthampalayam (P), Chinnaripalayam W.No.2",Mohanraj.M,,0,519,0.0,False
82,"P.U.E.S, Devarajpattinam- 638702,Building facing North","Molarapatti (R.V) and (P), Senapathi Gavundan puthur W.No.14; Velautham palayam (R.V) and (P), Devaraj pattanam Kuppichi palayam W.No; Velayuthampalayam (P), Chinnaripalayam W.No.2",Rohini.S,,1,519,0.19,False
82,"P.U.E.S, Devarajpattinam- 638702,Building facing North","Molarapatti (R.V) and (P), Senapathi Gavundan puthur W.No.14; Velautham palayam (R.V) and (P), Devaraj pattanam Kuppichi palayam W.No; Velayuthampalayam (P), Chinnaripalayam W.No.2",NOTA,NOTA,1,519,0.19,False
83,"Panchayat Union Elementary School, Gethelrew,Building facing East (North side)","Gethelrew(R.V) and (P), Ponnali palayam W.No.1; Gethelrew(R.V) and (P), Thondamuthur Vannapatti W.No.4",Indirani.T,,237,685,34.6,False
83,"Panchayat Union Elementary School, Gethelrew,Building facing East (North side)","Gethelrew(R.V) and (P), Ponnali palayam W.No.1; Gethelrew(R.V) and (P), Thondamuthur Vannapatti W.No.4",Sathyabama.P,,280,685,40.88,True
83,"Panchayat Union Elementary School, Gethelrew,Building facing East (North side)","Gethelrew(R.V) and (P), Ponnali palayam W.No.1; Gethelrew(R.V) and (P), Thondamuthur Vannapatti W.No.4",Dhivya,,25,685,3.65,False
83,"Panchayat Union Elementary School, Gethelrew,Building facing East (North side)","Gethelrew(R.V) and (P), Ponnali palayam W.No.1; Gethelrew(R.V) and (P), Thondamuthur Vannapatti W.No.4",Gowri Chitra,,143,685,20.88,False
83,"Panchayat Union Elementary School, Gethelrew,Building facing East (North side)","Gethelrew(R.V) and (P), Ponnali palayam W.No.1; Gethelrew(R.V) and (P), Thondamuthur Vannapatti W.No.4",Ananthi.S,,0,685,0.0,False
83,"Panchayat Union Elementary School, Gethelrew,Building facing East (North side)","Gethelrew(R.V) and (P), Ponnali palayam W.No.1; Gethelrew(R.V) and (P), Thondamuthur Vannapatti W.No.4",Indhirani.C,,0,685,0.0,False
83,"Panchayat Union Elementary School, Gethelrew,Building facing East (North side)","Gethelrew(R.V) and (P), Ponnali palayam W.No.1; Gethelrew(R.V) and (P), Thondamuthur Vannapatti W.No.4",Gowri.P,,0,685,0.0,False
83,"Panchayat Union Elementary School, Gethelrew,Building facing East (North side)","Gethelrew(R.V) and (P), Ponnali palayam W.No.1; Gethelrew(R.V) and (P), Thondamuthur Vannapatti W.No.4",Mohanraj.M,,0,685,0.0,False
83,"Panchayat Union Elementary School, Gethelrew,Building facing East (North side)","Gethelrew(R.V) and (P), Ponnali palayam W.No.1; Gethelrew(R.V) and (P), Thondamuthur Vannapatti W.No.4",Rohini.S,,0,685,0.0,False
83,"Panchayat Union Elementary School, Gethelrew,Building facing East (North side)","Gethelrew(R.V) and (P), Ponnali palayam W.No.1; Gethelrew(R.V) and (P), Thondamuthur Vannapatti W.No.4",NOTA,NOTA,0,685,0.0,False
84,"Panchayat Union Elementary School, Gethelrew,Building faciing East (South side)","Gethelrew(R.V) and (P), Kolinjikattupudur W.No.2; Gethelrew(R.V) and (P), KethelrevuP Rangam palayam W.No.",Indirani.T,,176,636,27.67,False
84,"Panchayat Union Elementary School, Gethelrew,Building faciing East (South side)","Gethelrew(R.V) and (P), Kolinjikattupudur W.No.2; Gethelrew(R.V) and (P), KethelrevuP Rangam palayam W.No.",Sathyabama.P,,322,636,50.63,True
84,"Panchayat Union Elementary School, Gethelrew,Building faciing East (South side)","Gethelrew(R.V) and (P), Kolinjikattupudur W.No.2; Gethelrew(R.V) and (P), KethelrevuP Rangam palayam W.No.",Dhivya,,20,636,3.14,False
84,"Panchayat Union Elementary School, Gethelrew,Building faciing East (South side)","Gethelrew(R.V) and (P), Kolinjikattupudur W.No.2; Gethelrew(R.V) and (P), KethelrevuP Rangam palayam W.No.",Gowri Chitra,,111,636,17.45,False
84,"Panchayat Union Elementary School, Gethelrew,Building faciing East (South side)","Gethelrew(R.V) and (P), Kolinjikattupudur W.No.2; Gethelrew(R.V) and (P), KethelrevuP Rangam palayam W.No.",Ananthi.S,,0,636,0.0,False
84,"Panchayat Union Elementary School, Gethelrew,Building faciing East (South side)","Gethelrew(R.V) and (P), Kolinjikattupudur W.No.2; Gethelrew(R.V) and (P), KethelrevuP Rangam palayam W.No.",Indhirani.C,,0,636,0.0,False
84,"Panchayat Union Elementary School, Gethelrew,Building faciing East (South side)","Gethelrew(R.V) and (P), Kolinjikattupudur W.No.2; Gethelrew(R.V) and (P), KethelrevuP Rangam palayam W.No.",Gowri.P,,0,636,0.0,False
84,"Panchayat Union Elementary School, Gethelrew,Building faciing East (South side)","Gethelrew(R.V) and (P), Kolinjikattupudur W.No.2; Gethelrew(R.V) and (P), KethelrevuP Rangam palayam W.No.",Mohanraj.M,,3,636,0.47,False
84,"Panchayat Union Elementary School, Gethelrew,Building faciing East (South side)","Gethelrew(R.V) and (P), Kolinjikattupudur W.No.2; Gethelrew(R.V) and (P), KethelrevuP Rangam palayam W.No.",Rohini.S,,0,636,0.0,False
84,"Panchayat Union Elementary School, Gethelrew,Building faciing East (South side)","Gethelrew(R.V) and (P), Kolinjikattupudur W.No.2; Gethelrew(R.V) and (P), KethelrevuP Rangam palayam W.No.",NOTA,NOTA,4,636,0.63,False
85,"P.U.M.School, Thoppampati- 638657,East Facing Building (South Portion)","Thoppampatti (R.V) and (P) Ward 4, Kaliappagoundenputhur; Thoppampatti ( R.V) and ( P) Ward 5, AlagiaGoundenpalayam,S.K.Puthur; Thoppampatti (R.V) and (P) Ward 4, Kinathukattu puthur",Indirani.T,,118,625,18.88,False
85,"P.U.M.School, Thoppampati- 638657,East Facing Building (South Portion)","Thoppampatti (R.V) and (P) Ward 4, Kaliappagoundenputhur; Thoppampatti ( R.V) and ( P) Ward 5, AlagiaGoundenpalayam,S.K.Puthur; Thoppampatti (R.V) and (P) Ward 4, Kinathukattu puthur",Sathyabama.P,,428,625,68.48,True
85,"P.U.M.School, Thoppampati- 638657,East Facing Building (South Portion)","Thoppampatti (R.V) and (P) Ward 4, Kaliappagoundenputhur; Thoppampatti ( R.V) and ( P) Ward 5, AlagiaGoundenpalayam,S.K.Puthur; Thoppampatti (R.V) and (P) Ward 4, Kinathukattu puthur",Dhivya,,17,625,2.72,False
85,"P.U.M.School, Thoppampati- 638657,East Facing Building (South Portion)","Thoppampatti (R.V) and (P) Ward 4, Kaliappagoundenputhur; Thoppampatti ( R.V) and ( P) Ward 5, AlagiaGoundenpalayam,S.K.Puthur; Thoppampatti (R.V) and (P) Ward 4, Kinathukattu puthur",Gowri Chitra,,57,625,9.12,False
85,"P.U.M.School, Thoppampati- 638657,East Facing Building (South Portion)","Thoppampatti (R.V) and (P) Ward 4, Kaliappagoundenputhur; Thoppampatti ( R.V) and ( P) Ward 5, AlagiaGoundenpalayam,S.K.Puthur; Thoppampatti (R.V) and (P) Ward 4, Kinathukattu puthur",Ananthi.S,,0,625,0.0,False
85,"P.U.M.School, Thoppampati- 638657,East Facing Building (South Portion)","Thoppampatti (R.V) and (P) Ward 4, Kaliappagoundenputhur; Thoppampatti ( R.V) and ( P) Ward 5, AlagiaGoundenpalayam,S.K.Puthur; Thoppampatti (R.V) and (P) Ward 4, Kinathukattu puthur",Indhirani.C,,0,625,0.0,False
85,"P.U.M.School, Thoppampati- 638657,East Facing Building (South Portion)","Thoppampatti (R.V) and (P) Ward 4, Kaliappagoundenputhur; Thoppampatti ( R.V) and ( P) Ward 5, AlagiaGoundenpalayam,S.K.Puthur; Thoppampatti (R.V) and (P) Ward 4, Kinathukattu puthur",Gowri.P,,1,625,0.16,False
85,"P.U.M.School, Thoppampati- 638657,East Facing Building (South Portion)","Thoppampatti (R.V) and (P) Ward 4, Kaliappagoundenputhur; Thoppampatti ( R.V) and ( P) Ward 5, AlagiaGoundenpalayam,S.K.Puthur; Thoppampatti (R.V) and (P) Ward 4, Kinathukattu puthur",Mohanraj.M,,2,625,0.32,False
85,"P.U.M.School, Thoppampati- 638657,East Facing Building (South Portion)","Thoppampatti (R.V) and (P) Ward 4, Kaliappagoundenputhur; Thoppampatti ( R.V) and ( P) Ward 5, AlagiaGoundenpalayam,S.K.Puthur; Thoppampatti (R.V) and (P) Ward 4, Kinathukattu puthur",Rohini.S,,0,625,0.0,False
85,"P.U.M.School, Thoppampati- 638657,East Facing Building (South Portion)","Thoppampatti (R.V) and (P) Ward 4, Kaliappagoundenputhur; Thoppampatti ( R.V) and ( P) Ward 5, AlagiaGoundenpalayam,S.K.Puthur; Thoppampatti (R.V) and (P) Ward 4, Kinathukattu puthur",NOTA,NOTA,2,625,0.32,False
86,"P.U.M.School, Thoppampati- 638657,East Facing Building (North Portion)","Thoppampatti (R.V) and (P) Ward 4, Rangampalayam; Thoppampatti (R.V) and (P) Ward 4, Thoppampatti",Indirani.T,,188,648,29.01,False
86,"P.U.M.School, Thoppampati- 638657,East Facing Building (North Portion)","Thoppampatti (R.V) and (P) Ward 4, Rangampalayam; Thoppampatti (R.V) and (P) Ward 4, Thoppampatti",Sathyabama.P,,331,648,51.08,True
86,"P.U.M.School, Thoppampati- 638657,East Facing Building (North Portion)","Thoppampatti (R.V) and (P) Ward 4, Rangampalayam; Thoppampatti (R.V) and (P) Ward 4, Thoppampatti",Dhivya,,13,648,2.01,False
86,"P.U.M.School, Thoppampati- 638657,East Facing Building (North Portion)","Thoppampatti (R.V) and (P) Ward 4, Rangampalayam; Thoppampatti (R.V) and (P) Ward 4, Thoppampatti",Gowri Chitra,,109,648,16.82,False
86,"P.U.M.School, Thoppampati- 638657,East Facing Building (North Portion)","Thoppampatti (R.V) and (P) Ward 4, Rangampalayam; Thoppampatti (R.V) and (P) Ward 4, Thoppampatti",Ananthi.S,,2,648,0.31,False
86,"P.U.M.School, Thoppampati- 638657,East Facing Building (North Portion)","Thoppampatti (R.V) and (P) Ward 4, Rangampalayam; Thoppampatti (R.V) and (P) Ward 4, Thoppampatti",Indhirani.C,,0,648,0.0,False
86,"P.U.M.School, Thoppampati- 638657,East Facing Building (North Portion)","Thoppampatti (R.V) and (P) Ward 4, Rangampalayam; Thoppampatti (R.V) and (P) Ward 4, Thoppampatti",Gowri.P,,0,648,0.0,False
86,"P.U.M.School, Thoppampati- 638657,East Facing Building (North Portion)","Thoppampatti (R.V) and (P) Ward 4, Rangampalayam; Thoppampatti (R.V) and (P) Ward 4, Thoppampatti",Mohanraj.M,,2,648,0.31,False
86,"P.U.M.School, Thoppampati- 638657,East Facing Building (North Portion)","Thoppampatti (R.V) and (P) Ward 4, Rangampalayam; Thoppampatti (R.V) and (P) Ward 4, Thoppampatti",Rohini.S,,2,648,0.31,False
86,"P.U.M.School, Thoppampati- 638657,East Facing Building (North Portion)","Thoppampatti (R.V) and (P) Ward 4, Rangampalayam; Thoppampatti (R.V) and (P) Ward 4, Thoppampatti",NOTA,NOTA,1,648,0.15,False
87,"Panchayat Union Ele.School, S.Kanchipuram-638702,Building facing South","Suriyanallur (R.V) and (P), Kuppannan Kovil W.No.3; Suriyanallur (R.V) and (P), Koppanna Koundanpalayam W.No.2; Suriyanallur (R.V) and (P), S Kanjchipuram Ramanathapuram W.No.2",Indirani.T,,168,770,21.82,False
87,"Panchayat Union Ele.School, S.Kanchipuram-638702,Building facing South","Suriyanallur (R.V) and (P), Kuppannan Kovil W.No.3; Suriyanallur (R.V) and (P), Koppanna Koundanpalayam W.No.2; Suriyanallur (R.V) and (P), S Kanjchipuram Ramanathapuram W.No.2",Sathyabama.P,,469,770,60.91,True
87,"Panchayat Union Ele.School, S.Kanchipuram-638702,Building facing South","Suriyanallur (R.V) and (P), Kuppannan Kovil W.No.3; Suriyanallur (R.V) and (P), Koppanna Koundanpalayam W.No.2; Suriyanallur (R.V) and (P), S Kanjchipuram Ramanathapuram W.No.2",Dhivya,,14,770,1.82,False
87,"Panchayat Union Ele.School, S.Kanchipuram-638702,Building facing South","Suriyanallur (R.V) and (P), Kuppannan Kovil W.No.3; Suriyanallur (R.V) and (P), Koppanna Koundanpalayam W.No.2; Suriyanallur (R.V) and (P), S Kanjchipuram Ramanathapuram W.No.2",Gowri Chitra,,113,770,14.68,False
87,"Panchayat Union Ele.School, S.Kanchipuram-638702,Building facing South","Suriyanallur (R.V) and (P), Kuppannan Kovil W.No.3; Suriyanallur (R.V) and (P), Koppanna Koundanpalayam W.No.2; Suriyanallur (R.V) and (P), S Kanjchipuram Ramanathapuram W.No.2",Ananthi.S,,1,770,0.13,False
87,"Panchayat Union Ele.School, S.Kanchipuram-638702,Building facing South","Suriyanallur (R.V) and (P), Kuppannan Kovil W.No.3; Suriyanallur (R.V) and (P), Koppanna Koundanpalayam W.No.2; Suriyanallur (R.V) and (P), S Kanjchipuram Ramanathapuram W.No.2",Indhirani.C,,0,770,0.0,False
87,"Panchayat Union Ele.School, S.Kanchipuram-638702,Building facing South","Suriyanallur (R.V) and (P), Kuppannan Kovil W.No.3; Suriyanallur (R.V) and (P), Koppanna Koundanpalayam W.No.2; Suriyanallur (R.V) and (P), S Kanjchipuram Ramanathapuram W.No.2",Gowri.P,,1,770,0.13,False
87,"Panchayat Union Ele.School, S.Kanchipuram-638702,Building facing South","Suriyanallur (R.V) and (P), Kuppannan Kovil W.No.3; Suriyanallur (R.V) and (P), Koppanna Koundanpalayam W.No.2; Suriyanallur (R.V) and (P), S Kanjchipuram Ramanathapuram W.No.2",Mohanraj.M,,0,770,0.0,False
87,"Panchayat Union Ele.School, S.Kanchipuram-638702,Building facing South","Suriyanallur (R.V) and (P), Kuppannan Kovil W.No.3; Suriyanallur (R.V) and (P), Koppanna Koundanpalayam W.No.2; Suriyanallur (R.V) and (P), S Kanjchipuram Ramanathapuram W.No.2",Rohini.S,,0,770,0.0,False
87,"Panchayat Union Ele.School, S.Kanchipuram-638702,Building facing South","Suriyanallur (R.V) and (P), Kuppannan Kovil W.No.3; Suriyanallur (R.V) and (P), Koppanna Koundanpalayam W.No.2; Suriyanallur (R.V) and (P), S Kanjchipuram Ramanathapuram W.No.2",NOTA,NOTA,4,770,0.52,False
88,"Panchayat Union Middle School Surianallur 638702,West Facing Terraced Building","Suriyanallur (R.V) and (P), Suriyanallur W.No.1; Suriyanallur (R.V) and (P), Servaraganpalayam W.No.1; Suriyanallur (R.V) and (P), Arasamarathu Pudur W.No.8",Indirani.T,,173,538,32.16,False
88,"Panchayat Union Middle School Surianallur 638702,West Facing Terraced Building","Suriyanallur (R.V) and (P), Suriyanallur W.No.1; Suriyanallur (R.V) and (P), Servaraganpalayam W.No.1; Suriyanallur (R.V) and (P), Arasamarathu Pudur W.No.8",Sathyabama.P,,245,538,45.54,True
88,"Panchayat Union Middle School Surianallur 638702,West Facing Terraced Building","Suriyanallur (R.V) and (P), Suriyanallur W.No.1; Suriyanallur (R.V) and (P), Servaraganpalayam W.No.1; Suriyanallur (R.V) and (P), Arasamarathu Pudur W.No.8",Dhivya,,6,538,1.12,False
88,"Panchayat Union Middle School Surianallur 638702,West Facing Terraced Building","Suriyanallur (R.V) and (P), Suriyanallur W.No.1; Suriyanallur (R.V) and (P), Servaraganpalayam W.No.1; Suriyanallur (R.V) and (P), Arasamarathu Pudur W.No.8",Gowri Chitra,,110,538,20.45,False
88,"Panchayat Union Middle School Surianallur 638702,West Facing Terraced Building","Suriyanallur (R.V) and (P), Suriyanallur W.No.1; Suriyanallur (R.V) and (P), Servaraganpalayam W.No.1; Suriyanallur (R.V) and (P), Arasamarathu Pudur W.No.8",Ananthi.S,,0,538,0.0,False
88,"Panchayat Union Middle School Surianallur 638702,West Facing Terraced Building","Suriyanallur (R.V) and (P), Suriyanallur W.No.1; Suriyanallur (R.V) and (P), Servaraganpalayam W.No.1; Suriyanallur (R.V) and (P), Arasamarathu Pudur W.No.8",Indhirani.C,,1,538,0.19,False
88,"Panchayat Union Middle School Surianallur 638702,West Facing Terraced Building","Suriyanallur (R.V) and (P), Suriyanallur W.No.1; Suriyanallur (R.V) and (P), Servaraganpalayam W.No.1; Suriyanallur (R.V) and (P), Arasamarathu Pudur W.No.8",Gowri.P,,0,538,0.0,False
88,"Panchayat Union Middle School Surianallur 638702,West Facing Terraced Building","Suriyanallur (R.V) and (P), Suriyanallur W.No.1; Suriyanallur (R.V) and (P), Servaraganpalayam W.No.1; Suriyanallur (R.V) and (P), Arasamarathu Pudur W.No.8",Mohanraj.M,,2,538,0.37,False
88,"Panchayat Union Middle School Surianallur 638702,West Facing Terraced Building","Suriyanallur (R.V) and (P), Suriyanallur W.No.1; Suriyanallur (R.V) and (P), Servaraganpalayam W.No.1; Suriyanallur (R.V) and (P), Arasamarathu Pudur W.No.8",Rohini.S,,0,538,0.0,False
88,"Panchayat Union Middle School Surianallur 638702,West Facing Terraced Building","Suriyanallur (R.V) and (P), Suriyanallur W.No.1; Suriyanallur (R.V) and (P), Servaraganpalayam W.No.1; Suriyanallur (R.V) and (P), Arasamarathu Pudur W.No.8",NOTA,NOTA,1,538,0.19,False
89,"Panchayat Union Middle School, Suriyanallur,East facing building","Suriyanallur (R.V) and (P), Sennimalaipalayam Road W.No.3; Suriyanallur (R.V) and (P), Kathappullapatti W.No.3",Indirani.T,,265,754,35.15,False
89,"Panchayat Union Middle School, Suriyanallur,East facing building","Suriyanallur (R.V) and (P), Sennimalaipalayam Road W.No.3; Suriyanallur (R.V) and (P), Kathappullapatti W.No.3",Sathyabama.P,,294,754,38.99,True
89,"Panchayat Union Middle School, Suriyanallur,East facing building","Suriyanallur (R.V) and (P), Sennimalaipalayam Road W.No.3; Suriyanallur (R.V) and (P), Kathappullapatti W.No.3",Dhivya,,15,754,1.99,False
89,"Panchayat Union Middle School, Suriyanallur,East facing building","Suriyanallur (R.V) and (P), Sennimalaipalayam Road W.No.3; Suriyanallur (R.V) and (P), Kathappullapatti W.No.3",Gowri Chitra,,165,754,21.88,False
89,"Panchayat Union Middle School, Suriyanallur,East facing building","Suriyanallur (R.V) and (P), Sennimalaipalayam Road W.No.3; Suriyanallur (R.V) and (P), Kathappullapatti W.No.3",Ananthi.S,,1,754,0.13,False
89,"Panchayat Union Middle School, Suriyanallur,East facing building","Suriyanallur (R.V) and (P), Sennimalaipalayam Road W.No.3; Suriyanallur (R.V) and (P), Kathappullapatti W.No.3",Indhirani.C,,1,754,0.13,False
89,"Panchayat Union Middle School, Suriyanallur,East facing building","Suriyanallur (R.V) and (P), Sennimalaipalayam Road W.No.3; Suriyanallur (R.V) and (P), Kathappullapatti W.No.3",Gowri.P,,1,754,0.13,False
89,"Panchayat Union Middle School, Suriyanallur,East facing building","Suriyanallur (R.V) and (P), Sennimalaipalayam Road W.No.3; Suriyanallur (R.V) and (P), Kathappullapatti W.No.3",Mohanraj.M,,4,754,0.53,False
89,"Panchayat Union Middle School, Suriyanallur,East facing building","Suriyanallur (R.V) and (P), Sennimalaipalayam Road W.No.3; Suriyanallur (R.V) and (P), Kathappullapatti W.No.3",Rohini.S,,2,754,0.27,False
89,"Panchayat Union Middle School, Suriyanallur,East facing building","Suriyanallur (R.V) and (P), Sennimalaipalayam Road W.No.3; Suriyanallur (R.V) and (P), Kathappullapatti W.No.3",NOTA,NOTA,6,754,0.8,False
90,"(Center Portion) PUMS Vengipalayam 638702,North","Suriyanallur (R.V) and (P), Idaiyankinaur W.No.17; Suriyanallur (R.V) and (P), Palaiya Navakombu W.No.4",Indirani.T,,130,504,25.79,False
90,"(Center Portion) PUMS Vengipalayam 638702,North","Suriyanallur (R.V) and (P), Idaiyankinaur W.No.17; Suriyanallur (R.V) and (P), Palaiya Navakombu W.No.4",Sathyabama.P,,218,504,43.25,True
90,"(Center Portion) PUMS Vengipalayam 638702,North","Suriyanallur (R.V) and (P), Idaiyankinaur W.No.17; Suriyanallur (R.V) and (P), Palaiya Navakombu W.No.4",Dhivya,,17,504,3.37,False
90,"(Center Portion) PUMS Vengipalayam 638702,North","Suriyanallur (R.V) and (P), Idaiyankinaur W.No.17; Suriyanallur (R.V) and (P), Palaiya Navakombu W.No.4",Gowri Chitra,,131,504,25.99,False
90,"(Center Portion) PUMS Vengipalayam 638702,North","Suriyanallur (R.V) and (P), Idaiyankinaur W.No.17; Suriyanallur (R.V) and (P), Palaiya Navakombu W.No.4",Ananthi.S,,1,504,0.2,False
90,"(Center Portion) PUMS Vengipalayam 638702,North","Suriyanallur (R.V) and (P), Idaiyankinaur W.No.17; Suriyanallur (R.V) and (P), Palaiya Navakombu W.No.4",Indhirani.C,,0,504,0.0,False
90,"(Center Portion) PUMS Vengipalayam 638702,North","Suriyanallur (R.V) and (P), Idaiyankinaur W.No.17; Suriyanallur (R.V) and (P), Palaiya Navakombu W.No.4",Gowri.P,,1,504,0.2,False
90,"(Center Portion) PUMS Vengipalayam 638702,North","Suriyanallur (R.V) and (P), Idaiyankinaur W.No.17; Suriyanallur (R.V) and (P), Palaiya Navakombu W.No.4",Mohanraj.M,,0,504,0.0,False
90,"(Center Portion) PUMS Vengipalayam 638702,North","Suriyanallur (R.V) and (P), Idaiyankinaur W.No.17; Suriyanallur (R.V) and (P), Palaiya Navakombu W.No.4",Rohini.S,,2,504,0.4,False
90,"(Center Portion) PUMS Vengipalayam 638702,North","Suriyanallur (R.V) and (P), Idaiyankinaur W.No.17; Suriyanallur (R.V) and (P), Palaiya Navakombu W.No.4",NOTA,NOTA,4,504,0.79,False
91,"Facing Building (West Portion) PUMS Vengipalayam 638702,North Facing Building (East Portion)","Suriyanallur (R.V) and (P), Maravapalayam W.No.4; Suriyanallur (R.V) and (P), Venkepalayam W.No.4; Suriyanallur (R.V) and (P), Pilikampatti W.No.4",Indirani.T,,136,677,20.09,False
91,"Facing Building (West Portion) PUMS Vengipalayam 638702,North Facing Building (East Portion)","Suriyanallur (R.V) and (P), Maravapalayam W.No.4; Suriyanallur (R.V) and (P), Venkepalayam W.No.4; Suriyanallur (R.V) and (P), Pilikampatti W.No.4",Sathyabama.P,,384,677,56.72,True
91,"Facing Building (West Portion) PUMS Vengipalayam 638702,North Facing Building (East Portion)","Suriyanallur (R.V) and (P), Maravapalayam W.No.4; Suriyanallur (R.V) and (P), Venkepalayam W.No.4; Suriyanallur (R.V) and (P), Pilikampatti W.No.4",Dhivya,,25,677,3.69,False
91,"Facing Building (West Portion) PUMS Vengipalayam 638702,North Facing Building (East Portion)","Suriyanallur (R.V) and (P), Maravapalayam W.No.4; Suriyanallur (R.V) and (P), Venkepalayam W.No.4; Suriyanallur (R.V) and (P), Pilikampatti W.No.4",Gowri Chitra,,128,677,18.91,False
91,"Facing Building (West Portion) PUMS Vengipalayam 638702,North Facing Building (East Portion)","Suriyanallur (R.V) and (P), Maravapalayam W.No.4; Suriyanallur (R.V) and (P), Venkepalayam W.No.4; Suriyanallur (R.V) and (P), Pilikampatti W.No.4",Ananthi.S,,0,677,0.0,False
91,"Facing Building (West Portion) PUMS Vengipalayam 638702,North Facing Building (East Portion)","Suriyanallur (R.V) and (P), Maravapalayam W.No.4; Suriyanallur (R.V) and (P), Venkepalayam W.No.4; Suriyanallur (R.V) and (P), Pilikampatti W.No.4",Indhirani.C,,1,677,0.15,False
91,"Facing Building (West Portion) PUMS Vengipalayam 638702,North Facing Building (East Portion)","Suriyanallur (R.V) and (P), Maravapalayam W.No.4; Suriyanallur (R.V) and (P), Venkepalayam W.No.4; Suriyanallur (R.V) and (P), Pilikampatti W.No.4",Gowri.P,,0,677,0.0,False
91,"Facing Building (West Portion) PUMS Vengipalayam 638702,North Facing Building (East Portion)","Suriyanallur (R.V) and (P), Maravapalayam W.No.4; Suriyanallur (R.V) and (P), Venkepalayam W.No.4; Suriyanallur (R.V) and (P), Pilikampatti W.No.4",Mohanraj.M,,1,677,0.15,False
91,"Facing Building (West Portion) PUMS Vengipalayam 638702,North Facing Building (East Portion)","Suriyanallur (R.V) and (P), Maravapalayam W.No.4; Suriyanallur (R.V) and (P), Venkepalayam W.No.4; Suriyanallur (R.V) and (P), Pilikampatti W.No.4",Rohini.S,,0,677,0.0,False
91,"Facing Building (West Portion) PUMS Vengipalayam 638702,North Facing Building (East Portion)","Suriyanallur (R.V) and (P), Maravapalayam W.No.4; Suriyanallur (R.V) and (P), Venkepalayam W.No.4; Suriyanallur (R.V) and (P), Pilikampatti W.No.4",NOTA,NOTA,2,677,0.3,False
92,"Anganwadi Centre, Vengipalayam- 638702, East facing Building","Suriyanallaur (R.V) and (P), Mettampalayam W.No.4; Suriyanallur (R.V) and (P), Semmam palayam W.No.4; Suriyanallur (R.V) and (P), Kuppurangam puthur W.No.4; Suryanallur (R.V) and (P), East puthur W.No.4",Indirani.T,,152,544,27.94,False
92,"Anganwadi Centre, Vengipalayam- 638702, East facing Building","Suriyanallaur (R.V) and (P), Mettampalayam W.No.4; Suriyanallur (R.V) and (P), Semmam palayam W.No.4; Suriyanallur (R.V) and (P), Kuppurangam puthur W.No.4; Suryanallur (R.V) and (P), East puthur W.No.4",Sathyabama.P,,275,544,50.55,True
92,"Anganwadi Centre, Vengipalayam- 638702, East facing Building","Suriyanallaur (R.V) and (P), Mettampalayam W.No.4; Suriyanallur (R.V) and (P), Semmam palayam W.No.4; Suriyanallur (R.V) and (P), Kuppurangam puthur W.No.4; Suryanallur (R.V) and (P), East puthur W.No.4",Dhivya,,22,544,4.04,False
92,"Anganwadi Centre, Vengipalayam- 638702, East facing Building","Suriyanallaur (R.V) and (P), Mettampalayam W.No.4; Suriyanallur (R.V) and (P), Semmam palayam W.No.4; Suriyanallur (R.V) and (P), Kuppurangam puthur W.No.4; Suryanallur (R.V) and (P), East puthur W.No.4",Gowri Chitra,,91,544,16.73,False
92,"Anganwadi Centre, Vengipalayam- 638702, East facing Building","Suriyanallaur (R.V) and (P), Mettampalayam W.No.4; Suriyanallur (R.V) and (P), Semmam palayam W.No.4; Suriyanallur (R.V) and (P), Kuppurangam puthur W.No.4; Suryanallur (R.V) and (P), East puthur W.No.4",Ananthi.S,,0,544,0.0,False
92,"Anganwadi Centre, Vengipalayam- 638702, East facing Building","Suriyanallaur (R.V) and (P), Mettampalayam W.No.4; Suriyanallur (R.V) and (P), Semmam palayam W.No.4; Suriyanallur (R.V) and (P), Kuppurangam puthur W.No.4; Suryanallur (R.V) and (P), East puthur W.No.4",Indhirani.C,,1,544,0.18,False
92,"Anganwadi Centre, Vengipalayam- 638702, East facing Building","Suriyanallaur (R.V) and (P), Mettampalayam W.No.4; Suriyanallur (R.V) and (P), Semmam palayam W.No.4; Suriyanallur (R.V) and (P), Kuppurangam puthur W.No.4; Suryanallur (R.V) and (P), East puthur W.No.4",Gowri.P,,0,544,0.0,False
92,"Anganwadi Centre, Vengipalayam- 638702, East facing Building","Suriyanallaur (R.V) and (P), Mettampalayam W.No.4; Suriyanallur (R.V) and (P), Semmam palayam W.No.4; Suriyanallur (R.V) and (P), Kuppurangam puthur W.No.4; Suryanallur (R.V) and (P), East puthur W.No.4",Mohanraj.M,,0,544,0.0,False
92,"Anganwadi Centre, Vengipalayam- 638702, East facing Building","Suriyanallaur (R.V) and (P), Mettampalayam W.No.4; Suriyanallur (R.V) and (P), Semmam palayam W.No.4; Suriyanallur (R.V) and (P), Kuppurangam puthur W.No.4; Suryanallur (R.V) and (P), East puthur W.No.4",Rohini.S,,1,544,0.18,False
92,"Anganwadi Centre, Vengipalayam- 638702, East facing Building","Suriyanallaur (R.V) and (P), Mettampalayam W.No.4; Suriyanallur (R.V) and (P), Semmam palayam W.No.4; Suriyanallur (R.V) and (P), Kuppurangam puthur W.No.4; Suryanallur (R.V) and (P), East puthur W.No.4",NOTA,NOTA,2,544,0.37,False
93,"Panchayat Union Ele.School, Thambureddipalayam- 638716,Building facing East (South Portion)","Kolumankkuli (R.V) and (P), Andipalayam w.no.1; Kolumankkuli (R.V) and (P), Rasipalayam W.No.1; Kolumankkuli (R.V) and (P), Ooramputhur Kammalapalayam W.No.2",Indirani.T,,148,503,29.42,False
93,"Panchayat Union Ele.School, Thambureddipalayam- 638716,Building facing East (South Portion)","Kolumankkuli (R.V) and (P), Andipalayam w.no.1; Kolumankkuli (R.V) and (P), Rasipalayam W.No.1; Kolumankkuli (R.V) and (P), Ooramputhur Kammalapalayam W.No.2",Sathyabama.P,,256,503,50.89,True
93,"Panchayat Union Ele.School, Thambureddipalayam- 638716,Building facing East (South Portion)","Kolumankkuli (R.V) and (P), Andipalayam w.no.1; Kolumankkuli (R.V) and (P), Rasipalayam W.No.1; Kolumankkuli (R.V) and (P), Ooramputhur Kammalapalayam W.No.2",Dhivya,,24,503,4.77,False
93,"Panchayat Union Ele.School, Thambureddipalayam- 638716,Building facing East (South Portion)","Kolumankkuli (R.V) and (P), Andipalayam w.no.1; Kolumankkuli (R.V) and (P), Rasipalayam W.No.1; Kolumankkuli (R.V) and (P), Ooramputhur Kammalapalayam W.No.2",Gowri Chitra,,68,503,13.52,False
93,"Panchayat Union Ele.School, Thambureddipalayam- 638716,Building facing East (South Portion)","Kolumankkuli (R.V) and (P), Andipalayam w.no.1; Kolumankkuli (R.V) and (P), Rasipalayam W.No.1; Kolumankkuli (R.V) and (P), Ooramputhur Kammalapalayam W.No.2",Ananthi.S,,0,503,0.0,False
93,"Panchayat Union Ele.School, Thambureddipalayam- 638716,Building facing East (South Portion)","Kolumankkuli (R.V) and (P), Andipalayam w.no.1; Kolumankkuli (R.V) and (P), Rasipalayam W.No.1; Kolumankkuli (R.V) and (P), Ooramputhur Kammalapalayam W.No.2",Indhirani.C,,1,503,0.2,False
93,"Panchayat Union Ele.School, Thambureddipalayam- 638716,Building facing East (South Portion)","Kolumankkuli (R.V) and (P), Andipalayam w.no.1; Kolumankkuli (R.V) and (P), Rasipalayam W.No.1; Kolumankkuli (R.V) and (P), Ooramputhur Kammalapalayam W.No.2",Gowri.P,,1,503,0.2,False
93,"Panchayat Union Ele.School, Thambureddipalayam- 638716,Building facing East (South Portion)","Kolumankkuli (R.V) and (P), Andipalayam w.no.1; Kolumankkuli (R.V) and (P), Rasipalayam W.No.1; Kolumankkuli (R.V) and (P), Ooramputhur Kammalapalayam W.No.2",Mohanraj.M,,0,503,0.0,False
93,"Panchayat Union Ele.School, Thambureddipalayam- 638716,Building facing East (South Portion)","Kolumankkuli (R.V) and (P), Andipalayam w.no.1; Kolumankkuli (R.V) and (P), Rasipalayam W.No.1; Kolumankkuli (R.V) and (P), Ooramputhur Kammalapalayam W.No.2",Rohini.S,,0,503,0.0,False
93,"Panchayat Union Ele.School, Thambureddipalayam- 638716,Building facing East (South Portion)","Kolumankkuli (R.V) and (P), Andipalayam w.no.1; Kolumankkuli (R.V) and (P), Rasipalayam W.No.1; Kolumankkuli (R.V) and (P), Ooramputhur Kammalapalayam W.No.2",NOTA,NOTA,5,503,0.99,False
94,"Panchayat Union Ele.School, Thambureddipalayam- 638716,Building facing East (North Portion)","Kolumankkuli (R.V) and (P), Thambureddy palayam North W.No.3; Kolumankkuli (R.V) and (P), Kolumangali; Kolumankkuli (R.V) and (P), Kallipalayam W.No.2; Sirukinar (R.V) and (P) ward 2, Velliampalayam",Indirani.T,,206,746,27.61,False
94,"Panchayat Union Ele.School, Thambureddipalayam- 638716,Building facing East (North Portion)","Kolumankkuli (R.V) and (P), Thambureddy palayam North W.No.3; Kolumankkuli (R.V) and (P), Kolumangali; Kolumankkuli (R.V) and (P), Kallipalayam W.No.2; Sirukinar (R.V) and (P) ward 2, Velliampalayam",Sathyabama.P,,318,746,42.63,True
94,"Panchayat Union Ele.School, Thambureddipalayam- 638716,Building facing East (North Portion)","Kolumankkuli (R.V) and (P), Thambureddy palayam North W.No.3; Kolumankkuli (R.V) and (P), Kolumangali; Kolumankkuli (R.V) and (P), Kallipalayam W.No.2; Sirukinar (R.V) and (P) ward 2, Velliampalayam",Dhivya,,35,746,4.69,False
94,"Panchayat Union Ele.School, Thambureddipalayam- 638716,Building facing East (North Portion)","Kolumankkuli (R.V) and (P), Thambureddy palayam North W.No.3; Kolumankkuli (R.V) and (P), Kolumangali; Kolumankkuli (R.V) and (P), Kallipalayam W.No.2; Sirukinar (R.V) and (P) ward 2, Velliampalayam",Gowri Chitra,,176,746,23.59,False
94,"Panchayat Union Ele.School, Thambureddipalayam- 638716,Building facing East (North Portion)","Kolumankkuli (R.V) and (P), Thambureddy palayam North W.No.3; Kolumankkuli (R.V) and (P), Kolumangali; Kolumankkuli (R.V) and (P), Kallipalayam W.No.2; Sirukinar (R.V) and (P) ward 2, Velliampalayam",Ananthi.S,,1,746,0.13,False
94,"Panchayat Union Ele.School, Thambureddipalayam- 638716,Building facing East (North Portion)","Kolumankkuli (R.V) and (P), Thambureddy palayam North W.No.3; Kolumankkuli (R.V) and (P), Kolumangali; Kolumankkuli (R.V) and (P), Kallipalayam W.No.2; Sirukinar (R.V) and (P) ward 2, Velliampalayam",Indhirani.C,,0,746,0.0,False
94,"Panchayat Union Ele.School, Thambureddipalayam- 638716,Building facing East (North Portion)","Kolumankkuli (R.V) and (P), Thambureddy palayam North W.No.3; Kolumankkuli (R.V) and (P), Kolumangali; Kolumankkuli (R.V) and (P), Kallipalayam W.No.2; Sirukinar (R.V) and (P) ward 2, Velliampalayam",Gowri.P,,0,746,0.0,False
94,"Panchayat Union Ele.School, Thambureddipalayam- 638716,Building facing East (North Portion)","Kolumankkuli (R.V) and (P), Thambureddy palayam North W.No.3; Kolumankkuli (R.V) and (P), Kolumangali; Kolumankkuli (R.V) and (P), Kallipalayam W.No.2; Sirukinar (R.V) and (P) ward 2, Velliampalayam",Mohanraj.M,,1,746,0.13,False
94,"Panchayat Union Ele.School, Thambureddipalayam- 638716,Building facing East (North Portion)","Kolumankkuli (R.V) and (P), Thambureddy palayam North W.No.3; Kolumankkuli (R.V) and (P), Kolumangali; Kolumankkuli (R.V) and (P), Kallipalayam W.No.2; Sirukinar (R.V) and (P) ward 2, Velliampalayam",Rohini.S,,0,746,0.0,False
94,"Panchayat Union Ele.School, Thambureddipalayam- 638716,Building facing East (North Portion)","Kolumankkuli (R.V) and (P), Thambureddy palayam North W.No.3; Kolumankkuli (R.V) and (P), Kolumangali; Kolumankkuli (R.V) and (P), Kallipalayam W.No.2; Sirukinar (R.V) and (P) ward 2, Velliampalayam",NOTA,NOTA,9,746,1.21,False
95,"P.U.E.School Nochipalayam 638706,Eastfacing Building","Sirukinar (R.V) and (P) Ward 2, Sellakumarapalayam; Sirukinar (R.V) and (P) Ward 2, Senkattur; Sirukinar (R.V) and (P) Ward 3, Nochipalayam; Sirukinar (R.V) and (P) Ward 3, Alagiyapalayam; Sirukinar (R.V) and (P) Ward 3, Kungumampalayam; Sirukinar (R.V)and (P) ward1, Alampalayam",Indirani.T,,201,816,24.63,False
95,"P.U.E.School Nochipalayam 638706,Eastfacing Building","Sirukinar (R.V) and (P) Ward 2, Sellakumarapalayam; Sirukinar (R.V) and (P) Ward 2, Senkattur; Sirukinar (R.V) and (P) Ward 3, Nochipalayam; Sirukinar (R.V) and (P) Ward 3, Alagiyapalayam; Sirukinar (R.V) and (P) Ward 3, Kungumampalayam; Sirukinar (R.V)and (P) ward1, Alampalayam",Sathyabama.P,,428,816,52.45,True
95,"P.U.E.School Nochipalayam 638706,Eastfacing Building","Sirukinar (R.V) and (P) Ward 2, Sellakumarapalayam; Sirukinar (R.V) and (P) Ward 2, Senkattur; Sirukinar (R.V) and (P) Ward 3, Nochipalayam; Sirukinar (R.V) and (P) Ward 3, Alagiyapalayam; Sirukinar (R.V) and (P) Ward 3, Kungumampalayam; Sirukinar (R.V)and (P) ward1, Alampalayam",Dhivya,,29,816,3.55,False
95,"P.U.E.School Nochipalayam 638706,Eastfacing Building","Sirukinar (R.V) and (P) Ward 2, Sellakumarapalayam; Sirukinar (R.V) and (P) Ward 2, Senkattur; Sirukinar (R.V) and (P) Ward 3, Nochipalayam; Sirukinar (R.V) and (P) Ward 3, Alagiyapalayam; Sirukinar (R.V) and (P) Ward 3, Kungumampalayam; Sirukinar (R.V)and (P) ward1, Alampalayam",Gowri Chitra,,140,816,17.16,False
95,"P.U.E.School Nochipalayam 638706,Eastfacing Building","Sirukinar (R.V) and (P) Ward 2, Sellakumarapalayam; Sirukinar (R.V) and (P) Ward 2, Senkattur; Sirukinar (R.V) and (P) Ward 3, Nochipalayam; Sirukinar (R.V) and (P) Ward 3, Alagiyapalayam; Sirukinar (R.V) and (P) Ward 3, Kungumampalayam; Sirukinar (R.V)and (P) ward1, Alampalayam",Ananthi.S,,0,816,0.0,False
95,"P.U.E.School Nochipalayam 638706,Eastfacing Building","Sirukinar (R.V) and (P) Ward 2, Sellakumarapalayam; Sirukinar (R.V) and (P) Ward 2, Senkattur; Sirukinar (R.V) and (P) Ward 3, Nochipalayam; Sirukinar (R.V) and (P) Ward 3, Alagiyapalayam; Sirukinar (R.V) and (P) Ward 3, Kungumampalayam; Sirukinar (R.V)and (P) ward1, Alampalayam",Indhirani.C,,2,816,0.25,False
95,"P.U.E.School Nochipalayam 638706,Eastfacing Building","Sirukinar (R.V) and (P) Ward 2, Sellakumarapalayam; Sirukinar (R.V) and (P) Ward 2, Senkattur; Sirukinar (R.V) and (P) Ward 3, Nochipalayam; Sirukinar (R.V) and (P) Ward 3, Alagiyapalayam; Sirukinar (R.V) and (P) Ward 3, Kungumampalayam; Sirukinar (R.V)and (P) ward1, Alampalayam",Gowri.P,,0,816,0.0,False
95,"P.U.E.School Nochipalayam 638706,Eastfacing Building","Sirukinar (R.V) and (P) Ward 2, Sellakumarapalayam; Sirukinar (R.V) and (P) Ward 2, Senkattur; Sirukinar (R.V) and (P) Ward 3, Nochipalayam; Sirukinar (R.V) and (P) Ward 3, Alagiyapalayam; Sirukinar (R.V) and (P) Ward 3, Kungumampalayam; Sirukinar (R.V)and (P) ward1, Alampalayam",Mohanraj.M,,3,816,0.37,False
95,"P.U.E.School Nochipalayam 638706,Eastfacing Building","Sirukinar (R.V) and (P) Ward 2, Sellakumarapalayam; Sirukinar (R.V) and (P) Ward 2, Senkattur; Sirukinar (R.V) and (P) Ward 3, Nochipalayam; Sirukinar (R.V) and (P) Ward 3, Alagiyapalayam; Sirukinar (R.V) and (P) Ward 3, Kungumampalayam; Sirukinar (R.V)and (P) ward1, Alampalayam",Rohini.S,,2,816,0.25,False
95,"P.U.E.School Nochipalayam 638706,Eastfacing Building","Sirukinar (R.V) and (P) Ward 2, Sellakumarapalayam; Sirukinar (R.V) and (P) Ward 2, Senkattur; Sirukinar (R.V) and (P) Ward 3, Nochipalayam; Sirukinar (R.V) and (P) Ward 3, Alagiyapalayam; Sirukinar (R.V) and (P) Ward 3, Kungumampalayam; Sirukinar (R.V)and (P) ward1, Alampalayam",NOTA,NOTA,11,816,1.35,False
96,"P.U.E.School Sirukinnar- 638706,East facing Building (South wing)","Sirukinar (R.V) and (P) Ward 1, Kullagounden Puthur; Sirukinar (R.V) and(P) Ward 1, Sirukinar East; Sirukinar(R.V) and (P) Ward 1, Sirukinar West; Sirukinar (R.V) and (P) Ward 2, Karaiputhur; Pungandurai (R.V) and (P) Ward 1, Vengakkalpalayam",Indirani.T,,175,586,29.86,False
96,"P.U.E.School Sirukinnar- 638706,East facing Building (South wing)","Sirukinar (R.V) and (P) Ward 1, Kullagounden Puthur; Sirukinar (R.V) and(P) Ward 1, Sirukinar East; Sirukinar(R.V) and (P) Ward 1, Sirukinar West; Sirukinar (R.V) and (P) Ward 2, Karaiputhur; Pungandurai (R.V) and (P) Ward 1, Vengakkalpalayam",Sathyabama.P,,319,586,54.44,True
96,"P.U.E.School Sirukinnar- 638706,East facing Building (South wing)","Sirukinar (R.V) and (P) Ward 1, Kullagounden Puthur; Sirukinar (R.V) and(P) Ward 1, Sirukinar East; Sirukinar(R.V) and (P) Ward 1, Sirukinar West; Sirukinar (R.V) and (P) Ward 2, Karaiputhur; Pungandurai (R.V) and (P) Ward 1, Vengakkalpalayam",Dhivya,,16,586,2.73,False
96,"P.U.E.School Sirukinnar- 638706,East facing Building (South wing)","Sirukinar (R.V) and (P) Ward 1, Kullagounden Puthur; Sirukinar (R.V) and(P) Ward 1, Sirukinar East; Sirukinar(R.V) and (P) Ward 1, Sirukinar West; Sirukinar (R.V) and (P) Ward 2, Karaiputhur; Pungandurai (R.V) and (P) Ward 1, Vengakkalpalayam",Gowri Chitra,,73,586,12.46,False
96,"P.U.E.School Sirukinnar- 638706,East facing Building (South wing)","Sirukinar (R.V) and (P) Ward 1, Kullagounden Puthur; Sirukinar (R.V) and(P) Ward 1, Sirukinar East; Sirukinar(R.V) and (P) Ward 1, Sirukinar West; Sirukinar (R.V) and (P) Ward 2, Karaiputhur; Pungandurai (R.V) and (P) Ward 1, Vengakkalpalayam",Ananthi.S,,0,586,0.0,False
96,"P.U.E.School Sirukinnar- 638706,East facing Building (South wing)","Sirukinar (R.V) and (P) Ward 1, Kullagounden Puthur; Sirukinar (R.V) and(P) Ward 1, Sirukinar East; Sirukinar(R.V) and (P) Ward 1, Sirukinar West; Sirukinar (R.V) and (P) Ward 2, Karaiputhur; Pungandurai (R.V) and (P) Ward 1, Vengakkalpalayam",Indhirani.C,,0,586,0.0,False
96,"P.U.E.School Sirukinnar- 638706,East facing Building (South wing)","Sirukinar (R.V) and (P) Ward 1, Kullagounden Puthur; Sirukinar (R.V) and(P) Ward 1, Sirukinar East; Sirukinar(R.V) and (P) Ward 1, Sirukinar West; Sirukinar (R.V) and (P) Ward 2, Karaiputhur; Pungandurai (R.V) and (P) Ward 1, Vengakkalpalayam",Gowri.P,,0,586,0.0,False
96,"P.U.E.School Sirukinnar- 638706,East facing Building (South wing)","Sirukinar (R.V) and (P) Ward 1, Kullagounden Puthur; Sirukinar (R.V) and(P) Ward 1, Sirukinar East; Sirukinar(R.V) and (P) Ward 1, Sirukinar West; Sirukinar (R.V) and (P) Ward 2, Karaiputhur; Pungandurai (R.V) and (P) Ward 1, Vengakkalpalayam",Mohanraj.M,,0,586,0.0,False
96,"P.U.E.School Sirukinnar- 638706,East facing Building (South wing)","Sirukinar (R.V) and (P) Ward 1, Kullagounden Puthur; Sirukinar (R.V) and(P) Ward 1, Sirukinar East; Sirukinar(R.V) and (P) Ward 1, Sirukinar West; Sirukinar (R.V) and (P) Ward 2, Karaiputhur; Pungandurai (R.V) and (P) Ward 1, Vengakkalpalayam",Rohini.S,,0,586,0.0,False
96,"P.U.E.School Sirukinnar- 638706,East facing Building (South wing)","Sirukinar (R.V) and (P) Ward 1, Kullagounden Puthur; Sirukinar (R.V) and(P) Ward 1, Sirukinar East; Sirukinar(R.V) and (P) Ward 1, Sirukinar West; Sirukinar (R.V) and (P) Ward 2, Karaiputhur; Pungandurai (R.V) and (P) Ward 1, Vengakkalpalayam",NOTA,NOTA,3,586,0.51,False
97,"P.U.E.School Pungadurai Puthur,Karaipalayam All Voters 638706,Eastfacing Building","Pungandurai (R.V) and (P) Ward 1, S.M.Puthur,Pungandurai; Pungandurai (R.V) and (P) Ward 1, Kalipalayam; Pungandurai (R.V) and (P) Ward 1, Sokkanathapuram,Valasupalayam; Pungandurai (R.V) and (P) Ward 1, Pungandurai",Indirani.T,,177,584,30.31,False
97,"P.U.E.School Pungadurai Puthur,Karaipalayam All Voters 638706,Eastfacing Building","Pungandurai (R.V) and (P) Ward 1, S.M.Puthur,Pungandurai; Pungandurai (R.V) and (P) Ward 1, Kalipalayam; Pungandurai (R.V) and (P) Ward 1, Sokkanathapuram,Valasupalayam; Pungandurai (R.V) and (P) Ward 1, Pungandurai",Sathyabama.P,,287,584,49.14,True
97,"P.U.E.School Pungadurai Puthur,Karaipalayam All Voters 638706,Eastfacing Building","Pungandurai (R.V) and (P) Ward 1, S.M.Puthur,Pungandurai; Pungandurai (R.V) and (P) Ward 1, Kalipalayam; Pungandurai (R.V) and (P) Ward 1, Sokkanathapuram,Valasupalayam; Pungandurai (R.V) and (P) Ward 1, Pungandurai",Dhivya,,21,584,3.6,False
97,"P.U.E.School Pungadurai Puthur,Karaipalayam All Voters 638706,Eastfacing Building","Pungandurai (R.V) and (P) Ward 1, S.M.Puthur,Pungandurai; Pungandurai (R.V) and (P) Ward 1, Kalipalayam; Pungandurai (R.V) and (P) Ward 1, Sokkanathapuram,Valasupalayam; Pungandurai (R.V) and (P) Ward 1, Pungandurai",Gowri Chitra,,93,584,15.92,False
97,"P.U.E.School Pungadurai Puthur,Karaipalayam All Voters 638706,Eastfacing Building","Pungandurai (R.V) and (P) Ward 1, S.M.Puthur,Pungandurai; Pungandurai (R.V) and (P) Ward 1, Kalipalayam; Pungandurai (R.V) and (P) Ward 1, Sokkanathapuram,Valasupalayam; Pungandurai (R.V) and (P) Ward 1, Pungandurai",Ananthi.S,,0,584,0.0,False
97,"P.U.E.School Pungadurai Puthur,Karaipalayam All Voters 638706,Eastfacing Building","Pungandurai (R.V) and (P) Ward 1, S.M.Puthur,Pungandurai; Pungandurai (R.V) and (P) Ward 1, Kalipalayam; Pungandurai (R.V) and (P) Ward 1, Sokkanathapuram,Valasupalayam; Pungandurai (R.V) and (P) Ward 1, Pungandurai",Indhirani.C,,0,584,0.0,False
97,"P.U.E.School Pungadurai Puthur,Karaipalayam All Voters 638706,Eastfacing Building","Pungandurai (R.V) and (P) Ward 1, S.M.Puthur,Pungandurai; Pungandurai (R.V) and (P) Ward 1, Kalipalayam; Pungandurai (R.V) and (P) Ward 1, Sokkanathapuram,Valasupalayam; Pungandurai (R.V) and (P) Ward 1, Pungandurai",Gowri.P,,1,584,0.17,False
97,"P.U.E.School Pungadurai Puthur,Karaipalayam All Voters 638706,Eastfacing Building","Pungandurai (R.V) and (P) Ward 1, S.M.Puthur,Pungandurai; Pungandurai (R.V) and (P) Ward 1, Kalipalayam; Pungandurai (R.V) and (P) Ward 1, Sokkanathapuram,Valasupalayam; Pungandurai (R.V) and (P) Ward 1, Pungandurai",Mohanraj.M,,1,584,0.17,False
97,"P.U.E.School Pungadurai Puthur,Karaipalayam All Voters 638706,Eastfacing Building","Pungandurai (R.V) and (P) Ward 1, S.M.Puthur,Pungandurai; Pungandurai (R.V) and (P) Ward 1, Kalipalayam; Pungandurai (R.V) and (P) Ward 1, Sokkanathapuram,Valasupalayam; Pungandurai (R.V) and (P) Ward 1, Pungandurai",Rohini.S,,0,584,0.0,False
97,"P.U.E.School Pungadurai Puthur,Karaipalayam All Voters 638706,Eastfacing Building","Pungandurai (R.V) and (P) Ward 1, S.M.Puthur,Pungandurai; Pungandurai (R.V) and (P) Ward 1, Kalipalayam; Pungandurai (R.V) and (P) Ward 1, Sokkanathapuram,Valasupalayam; Pungandurai (R.V) and (P) Ward 1, Pungandurai",NOTA,NOTA,4,584,0.68,False
98,"P.U.E.School, P.Kothanur- 638706,North facing Building (East Portion)","Pungandurai (R.V) and (P) Ward 2, Adukkalpalayam,Kothanur; Pungandurai (R.V) and (P) Ward 2, Manthittu Palayam; Sankarandampalayam (R.V) and (P) Ward 1, Koil Kothanur",Indirani.T,,193,455,42.42,True
98,"P.U.E.School, P.Kothanur- 638706,North facing Building (East Portion)","Pungandurai (R.V) and (P) Ward 2, Adukkalpalayam,Kothanur; Pungandurai (R.V) and (P) Ward 2, Manthittu Palayam; Sankarandampalayam (R.V) and (P) Ward 1, Koil Kothanur",Sathyabama.P,,161,455,35.38,False
98,"P.U.E.School, P.Kothanur- 638706,North facing Building (East Portion)","Pungandurai (R.V) and (P) Ward 2, Adukkalpalayam,Kothanur; Pungandurai (R.V) and (P) Ward 2, Manthittu Palayam; Sankarandampalayam (R.V) and (P) Ward 1, Koil Kothanur",Dhivya,,26,455,5.71,False
98,"P.U.E.School, P.Kothanur- 638706,North facing Building (East Portion)","Pungandurai (R.V) and (P) Ward 2, Adukkalpalayam,Kothanur; Pungandurai (R.V) and (P) Ward 2, Manthittu Palayam; Sankarandampalayam (R.V) and (P) Ward 1, Koil Kothanur",Gowri Chitra,,69,455,15.16,False
98,"P.U.E.School, P.Kothanur- 638706,North facing Building (East Portion)","Pungandurai (R.V) and (P) Ward 2, Adukkalpalayam,Kothanur; Pungandurai (R.V) and (P) Ward 2, Manthittu Palayam; Sankarandampalayam (R.V) and (P) Ward 1, Koil Kothanur",Ananthi.S,,0,455,0.0,False
98,"P.U.E.School, P.Kothanur- 638706,North facing Building (East Portion)","Pungandurai (R.V) and (P) Ward 2, Adukkalpalayam,Kothanur; Pungandurai (R.V) and (P) Ward 2, Manthittu Palayam; Sankarandampalayam (R.V) and (P) Ward 1, Koil Kothanur",Indhirani.C,,1,455,0.22,False
98,"P.U.E.School, P.Kothanur- 638706,North facing Building (East Portion)","Pungandurai (R.V) and (P) Ward 2, Adukkalpalayam,Kothanur; Pungandurai (R.V) and (P) Ward 2, Manthittu Palayam; Sankarandampalayam (R.V) and (P) Ward 1, Koil Kothanur",Gowri.P,,0,455,0.0,False
98,"P.U.E.School, P.Kothanur- 638706,North facing Building (East Portion)","Pungandurai (R.V) and (P) Ward 2, Adukkalpalayam,Kothanur; Pungandurai (R.V) and (P) Ward 2, Manthittu Palayam; Sankarandampalayam (R.V) and (P) Ward 1, Koil Kothanur",Mohanraj.M,,1,455,0.22,False
98,"P.U.E.School, P.Kothanur- 638706,North facing Building (East Portion)","Pungandurai (R.V) and (P) Ward 2, Adukkalpalayam,Kothanur; Pungandurai (R.V) and (P) Ward 2, Manthittu Palayam; Sankarandampalayam (R.V) and (P) Ward 1, Koil Kothanur",Rohini.S,,3,455,0.66,False
98,"P.U.E.School, P.Kothanur- 638706,North facing Building (East Portion)","Pungandurai (R.V) and (P) Ward 2, Adukkalpalayam,Kothanur; Pungandurai (R.V) and (P) Ward 2, Manthittu Palayam; Sankarandampalayam (R.V) and (P) Ward 1, Koil Kothanur",NOTA,NOTA,1,455,0.22,False
99,"P.U.E.School Sankarandampalayam 638706,Northfacing Building","Sankarandampalayam (R.V) and (P) Ward 1, Sankarandampalayam; Sankarandampalayam (R.V) and (P) Ward 1, Velappampalayam; Sankarandampalayam (R.V) and (P) Ward 1, Rangapalayam; Sankarandampalayam (R.V) and (P) Ward 1, SellapillaGoudenputhur",Indirani.T,,120,697,17.22,False
99,"P.U.E.School Sankarandampalayam 638706,Northfacing Building","Sankarandampalayam (R.V) and (P) Ward 1, Sankarandampalayam; Sankarandampalayam (R.V) and (P) Ward 1, Velappampalayam; Sankarandampalayam (R.V) and (P) Ward 1, Rangapalayam; Sankarandampalayam (R.V) and (P) Ward 1, SellapillaGoudenputhur",Sathyabama.P,,418,697,59.97,True
99,"P.U.E.School Sankarandampalayam 638706,Northfacing Building","Sankarandampalayam (R.V) and (P) Ward 1, Sankarandampalayam; Sankarandampalayam (R.V) and (P) Ward 1, Velappampalayam; Sankarandampalayam (R.V) and (P) Ward 1, Rangapalayam; Sankarandampalayam (R.V) and (P) Ward 1, SellapillaGoudenputhur",Dhivya,,29,697,4.16,False
99,"P.U.E.School Sankarandampalayam 638706,Northfacing Building","Sankarandampalayam (R.V) and (P) Ward 1, Sankarandampalayam; Sankarandampalayam (R.V) and (P) Ward 1, Velappampalayam; Sankarandampalayam (R.V) and (P) Ward 1, Rangapalayam; Sankarandampalayam (R.V) and (P) Ward 1, SellapillaGoudenputhur",Gowri Chitra,,121,697,17.36,False
99,"P.U.E.School Sankarandampalayam 638706,Northfacing Building","Sankarandampalayam (R.V) and (P) Ward 1, Sankarandampalayam; Sankarandampalayam (R.V) and (P) Ward 1, Velappampalayam; Sankarandampalayam (R.V) and (P) Ward 1, Rangapalayam; Sankarandampalayam (R.V) and (P) Ward 1, SellapillaGoudenputhur",Ananthi.S,,0,697,0.0,False
99,"P.U.E.School Sankarandampalayam 638706,Northfacing Building","Sankarandampalayam (R.V) and (P) Ward 1, Sankarandampalayam; Sankarandampalayam (R.V) and (P) Ward 1, Velappampalayam; Sankarandampalayam (R.V) and (P) Ward 1, Rangapalayam; Sankarandampalayam (R.V) and (P) Ward 1, SellapillaGoudenputhur",Indhirani.C,,2,697,0.29,False
99,"P.U.E.School Sankarandampalayam 638706,Northfacing Building","Sankarandampalayam (R.V) and (P) Ward 1, Sankarandampalayam; Sankarandampalayam (R.V) and (P) Ward 1, Velappampalayam; Sankarandampalayam (R.V) and (P) Ward 1, Rangapalayam; Sankarandampalayam (R.V) and (P) Ward 1, SellapillaGoudenputhur",Gowri.P,,0,697,0.0,False
99,"P.U.E.School Sankarandampalayam 638706,Northfacing Building","Sankarandampalayam (R.V) and (P) Ward 1, Sankarandampalayam; Sankarandampalayam (R.V) and (P) Ward 1, Velappampalayam; Sankarandampalayam (R.V) and (P) Ward 1, Rangapalayam; Sankarandampalayam (R.V) and (P) Ward 1, SellapillaGoudenputhur",Mohanraj.M,,1,697,0.14,False
99,"P.U.E.School Sankarandampalayam 638706,Northfacing Building","Sankarandampalayam (R.V) and (P) Ward 1, Sankarandampalayam; Sankarandampalayam (R.V) and (P) Ward 1, Velappampalayam; Sankarandampalayam (R.V) and (P) Ward 1, Rangapalayam; Sankarandampalayam (R.V) and (P) Ward 1, SellapillaGoudenputhur",Rohini.S,,0,697,0.0,False
99,"P.U.E.School Sankarandampalayam 638706,Northfacing Building","Sankarandampalayam (R.V) and (P) Ward 1, Sankarandampalayam; Sankarandampalayam (R.V) and (P) Ward 1, Velappampalayam; Sankarandampalayam (R.V) and (P) Ward 1, Rangapalayam; Sankarandampalayam (R.V) and (P) Ward 1, SellapillaGoudenputhur",NOTA,NOTA,6,697,0.86,False
100,"P.U.E.School Puthupalayam 638706 ,Northfacing Building","Sankarandampalayam (R.V) and (P) Ward 2, Puthupalayam; Sankarandampalayam (R.V) and (P) Ward 2, Karunagalpalayam; Sankarandampalayam (R.V) and (P) Ward 2, Nallakumara Gouden pudur; Sankarandampalayam (R.V) and (P) Ward 2, Erasinampalayam",Indirani.T,,119,539,22.08,False
100,"P.U.E.School Puthupalayam 638706 ,Northfacing Building","Sankarandampalayam (R.V) and (P) Ward 2, Puthupalayam; Sankarandampalayam (R.V) and (P) Ward 2, Karunagalpalayam; Sankarandampalayam (R.V) and (P) Ward 2, Nallakumara Gouden pudur; Sankarandampalayam (R.V) and (P) Ward 2, Erasinampalayam",Sathyabama.P,,318,539,59.0,True
100,"P.U.E.School Puthupalayam 638706 ,Northfacing Building","Sankarandampalayam (R.V) and (P) Ward 2, Puthupalayam; Sankarandampalayam (R.V) and (P) Ward 2, Karunagalpalayam; Sankarandampalayam (R.V) and (P) Ward 2, Nallakumara Gouden pudur; Sankarandampalayam (R.V) and (P) Ward 2, Erasinampalayam",Dhivya,,18,539,3.34,False
100,"P.U.E.School Puthupalayam 638706 ,Northfacing Building","Sankarandampalayam (R.V) and (P) Ward 2, Puthupalayam; Sankarandampalayam (R.V) and (P) Ward 2, Karunagalpalayam; Sankarandampalayam (R.V) and (P) Ward 2, Nallakumara Gouden pudur; Sankarandampalayam (R.V) and (P) Ward 2, Erasinampalayam",Gowri Chitra,,78,539,14.47,False
100,"P.U.E.School Puthupalayam 638706 ,Northfacing Building","Sankarandampalayam (R.V) and (P) Ward 2, Puthupalayam; Sankarandampalayam (R.V) and (P) Ward 2, Karunagalpalayam; Sankarandampalayam (R.V) and (P) Ward 2, Nallakumara Gouden pudur; Sankarandampalayam (R.V) and (P) Ward 2, Erasinampalayam",Ananthi.S,,1,539,0.19,False
100,"P.U.E.School Puthupalayam 638706 ,Northfacing Building","Sankarandampalayam (R.V) and (P) Ward 2, Puthupalayam; Sankarandampalayam (R.V) and (P) Ward 2, Karunagalpalayam; Sankarandampalayam (R.V) and (P) Ward 2, Nallakumara Gouden pudur; Sankarandampalayam (R.V) and (P) Ward 2, Erasinampalayam",Indhirani.C,,0,539,0.0,False
100,"P.U.E.School Puthupalayam 638706 ,Northfacing Building","Sankarandampalayam (R.V) and (P) Ward 2, Puthupalayam; Sankarandampalayam (R.V) and (P) Ward 2, Karunagalpalayam; Sankarandampalayam (R.V) and (P) Ward 2, Nallakumara Gouden pudur; Sankarandampalayam (R.V) and (P) Ward 2, Erasinampalayam",Gowri.P,,0,539,0.0,False
100,"P.U.E.School Puthupalayam 638706 ,Northfacing Building","Sankarandampalayam (R.V) and (P) Ward 2, Puthupalayam; Sankarandampalayam (R.V) and (P) Ward 2, Karunagalpalayam; Sankarandampalayam (R.V) and (P) Ward 2, Nallakumara Gouden pudur; Sankarandampalayam (R.V) and (P) Ward 2, Erasinampalayam",Mohanraj.M,,0,539,0.0,False
100,"P.U.E.School Puthupalayam 638706 ,Northfacing Building","Sankarandampalayam (R.V) and (P) Ward 2, Puthupalayam; Sankarandampalayam (R.V) and (P) Ward 2, Karunagalpalayam; Sankarandampalayam (R.V) and (P) Ward 2, Nallakumara Gouden pudur; Sankarandampalayam (R.V) and (P) Ward 2, Erasinampalayam",Rohini.S,,0,539,0.0,False
100,"P.U.E.School Puthupalayam 638706 ,Northfacing Building","Sankarandampalayam (R.V) and (P) Ward 2, Puthupalayam; Sankarandampalayam (R.V) and (P) Ward 2, Karunagalpalayam; Sankarandampalayam (R.V) and (P) Ward 2, Nallakumara Gouden pudur; Sankarandampalayam (R.V) and (P) Ward 2, Erasinampalayam",NOTA,NOTA,5,539,0.93,False
101,"P.U.E.School Vadugamaravapalayam 638706 ,Northfacing Building Vadugamaravapalayam,Kovil.m.Palayam,MGR.nagar","Sankarandampalayam (R.V) and (P) Ward 2, Vellaigoundenpudur; Sankarandampalayam (R.V) and (P) Ward 2,; Sankarandampalayam (R.V) and (P) Ward 2, Vadugamaravapalayam J.J Nagar; Vadugapalayam (R.V) Sankarandampalayam (P) Ward 3, Soliya valasu",Indirani.T,,127,426,29.81,False
101,"P.U.E.School Vadugamaravapalayam 638706 ,Northfacing Building Vadugamaravapalayam,Kovil.m.Palayam,MGR.nagar","Sankarandampalayam (R.V) and (P) Ward 2, Vellaigoundenpudur; Sankarandampalayam (R.V) and (P) Ward 2,; Sankarandampalayam (R.V) and (P) Ward 2, Vadugamaravapalayam J.J Nagar; Vadugapalayam (R.V) Sankarandampalayam (P) Ward 3, Soliya valasu",Sathyabama.P,,182,426,42.72,True
101,"P.U.E.School Vadugamaravapalayam 638706 ,Northfacing Building Vadugamaravapalayam,Kovil.m.Palayam,MGR.nagar","Sankarandampalayam (R.V) and (P) Ward 2, Vellaigoundenpudur; Sankarandampalayam (R.V) and (P) Ward 2,; Sankarandampalayam (R.V) and (P) Ward 2, Vadugamaravapalayam J.J Nagar; Vadugapalayam (R.V) Sankarandampalayam (P) Ward 3, Soliya valasu",Dhivya,,28,426,6.57,False
101,"P.U.E.School Vadugamaravapalayam 638706 ,Northfacing Building Vadugamaravapalayam,Kovil.m.Palayam,MGR.nagar","Sankarandampalayam (R.V) and (P) Ward 2, Vellaigoundenpudur; Sankarandampalayam (R.V) and (P) Ward 2,; Sankarandampalayam (R.V) and (P) Ward 2, Vadugamaravapalayam J.J Nagar; Vadugapalayam (R.V) Sankarandampalayam (P) Ward 3, Soliya valasu",Gowri Chitra,,83,426,19.48,False
101,"P.U.E.School Vadugamaravapalayam 638706 ,Northfacing Building Vadugamaravapalayam,Kovil.m.Palayam,MGR.nagar","Sankarandampalayam (R.V) and (P) Ward 2, Vellaigoundenpudur; Sankarandampalayam (R.V) and (P) Ward 2,; Sankarandampalayam (R.V) and (P) Ward 2, Vadugamaravapalayam J.J Nagar; Vadugapalayam (R.V) Sankarandampalayam (P) Ward 3, Soliya valasu",Ananthi.S,,1,426,0.23,False
101,"P.U.E.School Vadugamaravapalayam 638706 ,Northfacing Building Vadugamaravapalayam,Kovil.m.Palayam,MGR.nagar","Sankarandampalayam (R.V) and (P) Ward 2, Vellaigoundenpudur; Sankarandampalayam (R.V) and (P) Ward 2,; Sankarandampalayam (R.V) and (P) Ward 2, Vadugamaravapalayam J.J Nagar; Vadugapalayam (R.V) Sankarandampalayam (P) Ward 3, Soliya valasu",Indhirani.C,,1,426,0.23,False
101,"P.U.E.School Vadugamaravapalayam 638706 ,Northfacing Building Vadugamaravapalayam,Kovil.m.Palayam,MGR.nagar","Sankarandampalayam (R.V) and (P) Ward 2, Vellaigoundenpudur; Sankarandampalayam (R.V) and (P) Ward 2,; Sankarandampalayam (R.V) and (P) Ward 2, Vadugamaravapalayam J.J Nagar; Vadugapalayam (R.V) Sankarandampalayam (P) Ward 3, Soliya valasu",Gowri.P,,0,426,0.0,False
101,"P.U.E.School Vadugamaravapalayam 638706 ,Northfacing Building Vadugamaravapalayam,Kovil.m.Palayam,MGR.nagar","Sankarandampalayam (R.V) and (P) Ward 2, Vellaigoundenpudur; Sankarandampalayam (R.V) and (P) Ward 2,; Sankarandampalayam (R.V) and (P) Ward 2, Vadugamaravapalayam J.J Nagar; Vadugapalayam (R.V) Sankarandampalayam (P) Ward 3, Soliya valasu",Mohanraj.M,,0,426,0.0,False
101,"P.U.E.School Vadugamaravapalayam 638706 ,Northfacing Building Vadugamaravapalayam,Kovil.m.Palayam,MGR.nagar","Sankarandampalayam (R.V) and (P) Ward 2, Vellaigoundenpudur; Sankarandampalayam (R.V) and (P) Ward 2,; Sankarandampalayam (R.V) and (P) Ward 2, Vadugamaravapalayam J.J Nagar; Vadugapalayam (R.V) Sankarandampalayam (P) Ward 3, Soliya valasu",Rohini.S,,1,426,0.23,False
101,"P.U.E.School Vadugamaravapalayam 638706 ,Northfacing Building Vadugamaravapalayam,Kovil.m.Palayam,MGR.nagar","Sankarandampalayam (R.V) and (P) Ward 2, Vellaigoundenpudur; Sankarandampalayam (R.V) and (P) Ward 2,; Sankarandampalayam (R.V) and (P) Ward 2, Vadugamaravapalayam J.J Nagar; Vadugapalayam (R.V) Sankarandampalayam (P) Ward 3, Soliya valasu",NOTA,NOTA,3,426,0.7,False
102,"Panchayat Union Elementary School, Kullakalipalayam 638706 North All Voters South Facing Building South","Vadugapalayam (R.V) Sankarandampalayam (P) Ward 3, Kullakali Palayam; Vadugapalayam (R.V) Sankarandampalayam (P) Ward 3, Kullakalipalayam; Sankarandampalayam (R.V) and (P) Ward 2, Amaravathy Gounden pudur",Indirani.T,,113,518,21.81,False
102,"Panchayat Union Elementary School, Kullakalipalayam 638706 North All Voters South Facing Building South","Vadugapalayam (R.V) Sankarandampalayam (P) Ward 3, Kullakali Palayam; Vadugapalayam (R.V) Sankarandampalayam (P) Ward 3, Kullakalipalayam; Sankarandampalayam (R.V) and (P) Ward 2, Amaravathy Gounden pudur",Sathyabama.P,,244,518,47.1,True
102,"Panchayat Union Elementary School, Kullakalipalayam 638706 North All Voters South Facing Building South","Vadugapalayam (R.V) Sankarandampalayam (P) Ward 3, Kullakali Palayam; Vadugapalayam (R.V) Sankarandampalayam (P) Ward 3, Kullakalipalayam; Sankarandampalayam (R.V) and (P) Ward 2, Amaravathy Gounden pudur",Dhivya,,17,518,3.28,False
102,"Panchayat Union Elementary School, Kullakalipalayam 638706 North All Voters South Facing Building South","Vadugapalayam (R.V) Sankarandampalayam (P) Ward 3, Kullakali Palayam; Vadugapalayam (R.V) Sankarandampalayam (P) Ward 3, Kullakalipalayam; Sankarandampalayam (R.V) and (P) Ward 2, Amaravathy Gounden pudur",Gowri Chitra,,136,518,26.25,False
102,"Panchayat Union Elementary School, Kullakalipalayam 638706 North All Voters South Facing Building South","Vadugapalayam (R.V) Sankarandampalayam (P) Ward 3, Kullakali Palayam; Vadugapalayam (R.V) Sankarandampalayam (P) Ward 3, Kullakalipalayam; Sankarandampalayam (R.V) and (P) Ward 2, Amaravathy Gounden pudur",Ananthi.S,,1,518,0.19,False
102,"Panchayat Union Elementary School, Kullakalipalayam 638706 North All Voters South Facing Building South","Vadugapalayam (R.V) Sankarandampalayam (P) Ward 3, Kullakali Palayam; Vadugapalayam (R.V) Sankarandampalayam (P) Ward 3, Kullakalipalayam; Sankarandampalayam (R.V) and (P) Ward 2, Amaravathy Gounden pudur",Indhirani.C,,0,518,0.0,False
102,"Panchayat Union Elementary School, Kullakalipalayam 638706 North All Voters South Facing Building South","Vadugapalayam (R.V) Sankarandampalayam (P) Ward 3, Kullakali Palayam; Vadugapalayam (R.V) Sankarandampalayam (P) Ward 3, Kullakalipalayam; Sankarandampalayam (R.V) and (P) Ward 2, Amaravathy Gounden pudur",Gowri.P,,0,518,0.0,False
102,"Panchayat Union Elementary School, Kullakalipalayam 638706 North All Voters South Facing Building South","Vadugapalayam (R.V) Sankarandampalayam (P) Ward 3, Kullakali Palayam; Vadugapalayam (R.V) Sankarandampalayam (P) Ward 3, Kullakalipalayam; Sankarandampalayam (R.V) and (P) Ward 2, Amaravathy Gounden pudur",Mohanraj.M,,0,518,0.0,False
102,"Panchayat Union Elementary School, Kullakalipalayam 638706 North All Voters South Facing Building South","Vadugapalayam (R.V) Sankarandampalayam (P) Ward 3, Kullakali Palayam; Vadugapalayam (R.V) Sankarandampalayam (P) Ward 3, Kullakalipalayam; Sankarandampalayam (R.V) and (P) Ward 2, Amaravathy Gounden pudur",Rohini.S,,2,518,0.39,False
102,"Panchayat Union Elementary School, Kullakalipalayam 638706 North All Voters South Facing Building South","Vadugapalayam (R.V) Sankarandampalayam (P) Ward 3, Kullakali Palayam; Vadugapalayam (R.V) Sankarandampalayam (P) Ward 3, Kullakalipalayam; Sankarandampalayam (R.V) and (P) Ward 2, Amaravathy Gounden pudur",NOTA,NOTA,5,518,0.97,False
103,"Govt High School Nallimadam- 638706, North facing Building (East Portion)","Vadugapalayam (R.V) Sankarandampalayam (P) Ward 3, Nallimadam; Vadugapalayam (R.V) Sankarandampalayam (P) Ward 3, Itchipatti; Vadugapalayam (R.V) Sankarandampalayam (P) Ward 3, SivanmalaiGounden",Indirani.T,,87,456,19.08,False
103,"Govt High School Nallimadam- 638706, North facing Building (East Portion)","Vadugapalayam (R.V) Sankarandampalayam (P) Ward 3, Nallimadam; Vadugapalayam (R.V) Sankarandampalayam (P) Ward 3, Itchipatti; Vadugapalayam (R.V) Sankarandampalayam (P) Ward 3, SivanmalaiGounden",Sathyabama.P,,259,456,56.8,True
103,"Govt High School Nallimadam- 638706, North facing Building (East Portion)","Vadugapalayam (R.V) Sankarandampalayam (P) Ward 3, Nallimadam; Vadugapalayam (R.V) Sankarandampalayam (P) Ward 3, Itchipatti; Vadugapalayam (R.V) Sankarandampalayam (P) Ward 3, SivanmalaiGounden",Dhivya,,11,456,2.41,False
103,"Govt High School Nallimadam- 638706, North facing Building (East Portion)","Vadugapalayam (R.V) Sankarandampalayam (P) Ward 3, Nallimadam; Vadugapalayam (R.V) Sankarandampalayam (P) Ward 3, Itchipatti; Vadugapalayam (R.V) Sankarandampalayam (P) Ward 3, SivanmalaiGounden",Gowri Chitra,,97,456,21.27,False
103,"Govt High School Nallimadam- 638706, North facing Building (East Portion)","Vadugapalayam (R.V) Sankarandampalayam (P) Ward 3, Nallimadam; Vadugapalayam (R.V) Sankarandampalayam (P) Ward 3, Itchipatti; Vadugapalayam (R.V) Sankarandampalayam (P) Ward 3, SivanmalaiGounden",Ananthi.S,,0,456,0.0,False
103,"Govt High School Nallimadam- 638706, North facing Building (East Portion)","Vadugapalayam (R.V) Sankarandampalayam (P) Ward 3, Nallimadam; Vadugapalayam (R.V) Sankarandampalayam (P) Ward 3, Itchipatti; Vadugapalayam (R.V) Sankarandampalayam (P) Ward 3, SivanmalaiGounden",Indhirani.C,,1,456,0.22,False
103,"Govt High School Nallimadam- 638706, North facing Building (East Portion)","Vadugapalayam (R.V) Sankarandampalayam (P) Ward 3, Nallimadam; Vadugapalayam (R.V) Sankarandampalayam (P) Ward 3, Itchipatti; Vadugapalayam (R.V) Sankarandampalayam (P) Ward 3, SivanmalaiGounden",Gowri.P,,0,456,0.0,False
103,"Govt High School Nallimadam- 638706, North facing Building (East Portion)","Vadugapalayam (R.V) Sankarandampalayam (P) Ward 3, Nallimadam; Vadugapalayam (R.V) Sankarandampalayam (P) Ward 3, Itchipatti; Vadugapalayam (R.V) Sankarandampalayam (P) Ward 3, SivanmalaiGounden",Mohanraj.M,,0,456,0.0,False
103,"Govt High School Nallimadam- 638706, North facing Building (East Portion)","Vadugapalayam (R.V) Sankarandampalayam (P) Ward 3, Nallimadam; Vadugapalayam (R.V) Sankarandampalayam (P) Ward 3, Itchipatti; Vadugapalayam (R.V) Sankarandampalayam (P) Ward 3, SivanmalaiGounden",Rohini.S,,0,456,0.0,False
103,"Govt High School Nallimadam- 638706, North facing Building (East Portion)","Vadugapalayam (R.V) Sankarandampalayam (P) Ward 3, Nallimadam; Vadugapalayam (R.V) Sankarandampalayam (P) Ward 3, Itchipatti; Vadugapalayam (R.V) Sankarandampalayam (P) Ward 3, SivanmalaiGounden",NOTA,NOTA,1,456,0.22,False
104,"Valasu KoilPalayam P.U.M.School, Veerachimangalam ,South Facing Building (East Portion)","Veerachimanagalam (R.V) and (P) Ward 1, Athukkal puthur",Indirani.T,,96,308,31.17,False
104,"Valasu KoilPalayam P.U.M.School, Veerachimangalam ,South Facing Building (East Portion)","Veerachimanagalam (R.V) and (P) Ward 1, Athukkal puthur",Sathyabama.P,,140,308,45.45,True
104,"Valasu KoilPalayam P.U.M.School, Veerachimangalam ,South Facing Building (East Portion)","Veerachimanagalam (R.V) and (P) Ward 1, Athukkal puthur",Dhivya,,4,308,1.3,False
104,"Valasu KoilPalayam P.U.M.School, Veerachimangalam ,South Facing Building (East Portion)","Veerachimanagalam (R.V) and (P) Ward 1, Athukkal puthur",Gowri Chitra,,67,308,21.75,False
104,"Valasu KoilPalayam P.U.M.School, Veerachimangalam ,South Facing Building (East Portion)","Veerachimanagalam (R.V) and (P) Ward 1, Athukkal puthur",Ananthi.S,,0,308,0.0,False
104,"Valasu KoilPalayam P.U.M.School, Veerachimangalam ,South Facing Building (East Portion)","Veerachimanagalam (R.V) and (P) Ward 1, Athukkal puthur",Indhirani.C,,0,308,0.0,False
104,"Valasu KoilPalayam P.U.M.School, Veerachimangalam ,South Facing Building (East Portion)","Veerachimanagalam (R.V) and (P) Ward 1, Athukkal puthur",Gowri.P,,0,308,0.0,False
104,"Valasu KoilPalayam P.U.M.School, Veerachimangalam ,South Facing Building (East Portion)","Veerachimanagalam (R.V) and (P) Ward 1, Athukkal puthur",Mohanraj.M,,0,308,0.0,False
104,"Valasu KoilPalayam P.U.M.School, Veerachimangalam ,South Facing Building (East Portion)","Veerachimanagalam (R.V) and (P) Ward 1, Athukkal puthur",Rohini.S,,0,308,0.0,False
104,"Valasu KoilPalayam P.U.M.School, Veerachimangalam ,South Facing Building (East Portion)","Veerachimanagalam (R.V) and (P) Ward 1, Athukkal puthur",NOTA,NOTA,1,308,0.32,False
105,"P.U.M.School, Veerachimangalam,South Facing Building (Centre Portion)","Veerachimanagalam (R.V) and (P) Ward 6,7, Veerachimanagalam; OVERSEAS ELECTORS",Indirani.T,,307,833,36.85,True
105,"P.U.M.School, Veerachimangalam,South Facing Building (Centre Portion)","Veerachimanagalam (R.V) and (P) Ward 6,7, Veerachimanagalam; OVERSEAS ELECTORS",Sathyabama.P,,225,833,27.01,False
105,"P.U.M.School, Veerachimangalam,South Facing Building (Centre Portion)","Veerachimanagalam (R.V) and (P) Ward 6,7, Veerachimanagalam; OVERSEAS ELECTORS",Dhivya,,41,833,4.92,False
105,"P.U.M.School, Veerachimangalam,South Facing Building (Centre Portion)","Veerachimanagalam (R.V) and (P) Ward 6,7, Veerachimanagalam; OVERSEAS ELECTORS",Gowri Chitra,,253,833,30.37,False
105,"P.U.M.School, Veerachimangalam,South Facing Building (Centre Portion)","Veerachimanagalam (R.V) and (P) Ward 6,7, Veerachimanagalam; OVERSEAS ELECTORS",Ananthi.S,,0,833,0.0,False
105,"P.U.M.School, Veerachimangalam,South Facing Building (Centre Portion)","Veerachimanagalam (R.V) and (P) Ward 6,7, Veerachimanagalam; OVERSEAS ELECTORS",Indhirani.C,,1,833,0.12,False
105,"P.U.M.School, Veerachimangalam,South Facing Building (Centre Portion)","Veerachimanagalam (R.V) and (P) Ward 6,7, Veerachimanagalam; OVERSEAS ELECTORS",Gowri.P,,1,833,0.12,False
105,"P.U.M.School, Veerachimangalam,South Facing Building (Centre Portion)","Veerachimanagalam (R.V) and (P) Ward 6,7, Veerachimanagalam; OVERSEAS ELECTORS",Mohanraj.M,,0,833,0.0,False
105,"P.U.M.School, Veerachimangalam,South Facing Building (Centre Portion)","Veerachimanagalam (R.V) and (P) Ward 6,7, Veerachimanagalam; OVERSEAS ELECTORS",Rohini.S,,0,833,0.0,False
105,"P.U.M.School, Veerachimangalam,South Facing Building (Centre Portion)","Veerachimanagalam (R.V) and (P) Ward 6,7, Veerachimanagalam; OVERSEAS ELECTORS",NOTA,NOTA,5,833,0.6,False
106,"Panchayat Union Middle School,Veerachimangalam, East Facing Building (North building of South campus)","Veerachimanagalam (R.V) and (P) Ward 1,2,3, Veerachimanagalam East",Indirani.T,,146,377,38.73,True
106,"Panchayat Union Middle School,Veerachimangalam, East Facing Building (North building of South campus)","Veerachimanagalam (R.V) and (P) Ward 1,2,3, Veerachimanagalam East",Sathyabama.P,,110,377,29.18,False
106,"Panchayat Union Middle School,Veerachimangalam, East Facing Building (North building of South campus)","Veerachimanagalam (R.V) and (P) Ward 1,2,3, Veerachimanagalam East",Dhivya,,17,377,4.51,False
106,"Panchayat Union Middle School,Veerachimangalam, East Facing Building (North building of South campus)","Veerachimanagalam (R.V) and (P) Ward 1,2,3, Veerachimanagalam East",Gowri Chitra,,104,377,27.59,False
106,"Panchayat Union Middle School,Veerachimangalam, East Facing Building (North building of South campus)","Veerachimanagalam (R.V) and (P) Ward 1,2,3, Veerachimanagalam East",Ananthi.S,,0,377,0.0,False
106,"Panchayat Union Middle School,Veerachimangalam, East Facing Building (North building of South campus)","Veerachimanagalam (R.V) and (P) Ward 1,2,3, Veerachimanagalam East",Indhirani.C,,0,377,0.0,False
106,"Panchayat Union Middle School,Veerachimangalam, East Facing Building (North building of South campus)","Veerachimanagalam (R.V) and (P) Ward 1,2,3, Veerachimanagalam East",Gowri.P,,0,377,0.0,False
106,"Panchayat Union Middle School,Veerachimangalam, East Facing Building (North building of South campus)","Veerachimanagalam (R.V) and (P) Ward 1,2,3, Veerachimanagalam East",Mohanraj.M,,0,377,0.0,False
106,"Panchayat Union Middle School,Veerachimangalam, East Facing Building (North building of South campus)","Veerachimanagalam (R.V) and (P) Ward 1,2,3, Veerachimanagalam East",Rohini.S,,0,377,0.0,False
106,"Panchayat Union Middle School,Veerachimangalam, East Facing Building (North building of South campus)","Veerachimanagalam (R.V) and (P) Ward 1,2,3, Veerachimanagalam East",NOTA,NOTA,0,377,0.0,False
107,"Panchayat Union middle School, Veerachimangalam, East facing Building (South Building of South","Veerachimanagalam (R.V) and (P) Ward 1,2,3, Veerachimanagalam East",Indirani.T,,137,401,34.16,False
107,"Panchayat Union middle School, Veerachimangalam, East facing Building (South Building of South","Veerachimanagalam (R.V) and (P) Ward 1,2,3, Veerachimanagalam East",Sathyabama.P,,142,401,35.41,True
107,"Panchayat Union middle School, Veerachimangalam, East facing Building (South Building of South","Veerachimanagalam (R.V) and (P) Ward 1,2,3, Veerachimanagalam East",Dhivya,,6,401,1.5,False
107,"Panchayat Union middle School, Veerachimangalam, East facing Building (South Building of South","Veerachimanagalam (R.V) and (P) Ward 1,2,3, Veerachimanagalam East",Gowri Chitra,,112,401,27.93,False
107,"Panchayat Union middle School, Veerachimangalam, East facing Building (South Building of South","Veerachimanagalam (R.V) and (P) Ward 1,2,3, Veerachimanagalam East",Ananthi.S,,0,401,0.0,False
107,"Panchayat Union middle School, Veerachimangalam, East facing Building (South Building of South","Veerachimanagalam (R.V) and (P) Ward 1,2,3, Veerachimanagalam East",Indhirani.C,,0,401,0.0,False
107,"Panchayat Union middle School, Veerachimangalam, East facing Building (South Building of South","Veerachimanagalam (R.V) and (P) Ward 1,2,3, Veerachimanagalam East",Gowri.P,,1,401,0.25,False
107,"Panchayat Union middle School, Veerachimangalam, East facing Building (South Building of South","Veerachimanagalam (R.V) and (P) Ward 1,2,3, Veerachimanagalam East",Mohanraj.M,,0,401,0.0,False
107,"Panchayat Union middle School, Veerachimangalam, East facing Building (South Building of South","Veerachimanagalam (R.V) and (P) Ward 1,2,3, Veerachimanagalam East",Rohini.S,,1,401,0.25,False
107,"Panchayat Union middle School, Veerachimangalam, East facing Building (South Building of South","Veerachimanagalam (R.V) and (P) Ward 1,2,3, Veerachimanagalam East",NOTA,NOTA,2,401,0.5,False
108,"Campus) P U E School, Madhukkampalayam","Veerachimanagalam ( R.V) and (P) Ward 4, Kattur",Indirani.T,,107,341,31.38,False
108,"Campus) P U E School, Madhukkampalayam","Veerachimanagalam ( R.V) and (P) Ward 4, Kattur",Sathyabama.P,,172,341,50.44,True
108,"Campus) P U E School, Madhukkampalayam","Veerachimanagalam ( R.V) and (P) Ward 4, Kattur",Dhivya,,9,341,2.64,False
108,"Campus) P U E School, Madhukkampalayam","Veerachimanagalam ( R.V) and (P) Ward 4, Kattur",Gowri Chitra,,51,341,14.96,False
108,"Campus) P U E School, Madhukkampalayam","Veerachimanagalam ( R.V) and (P) Ward 4, Kattur",Ananthi.S,,1,341,0.29,False
108,"Campus) P U E School, Madhukkampalayam","Veerachimanagalam ( R.V) and (P) Ward 4, Kattur",Indhirani.C,,0,341,0.0,False
108,"Campus) P U E School, Madhukkampalayam","Veerachimanagalam ( R.V) and (P) Ward 4, Kattur",Gowri.P,,0,341,0.0,False
108,"Campus) P U E School, Madhukkampalayam","Veerachimanagalam ( R.V) and (P) Ward 4, Kattur",Mohanraj.M,,0,341,0.0,False
108,"Campus) P U E School, Madhukkampalayam","Veerachimanagalam ( R.V) and (P) Ward 4, Kattur",Rohini.S,,0,341,0.0,False
108,"Campus) P U E School, Madhukkampalayam","Veerachimanagalam ( R.V) and (P) Ward 4, Kattur",NOTA,NOTA,1,341,0.29,False
109,"638673,East Facing Building P.U.M.School, Thalakarai,Building facing South (Western side)","Veerachimanagalam (R.V) and (P) Ward 4, Madukkampalayam; Vadugapalayam (R.V) Sankarandampalayam (P) ward 4, Thalakarai west; Vadugapalayam (R.V) Sankarandampalayam (P) Ward 4, Thalakarai South",Indirani.T,,142,713,19.92,False
109,"638673,East Facing Building P.U.M.School, Thalakarai,Building facing South (Western side)","Veerachimanagalam (R.V) and (P) Ward 4, Madukkampalayam; Vadugapalayam (R.V) Sankarandampalayam (P) ward 4, Thalakarai west; Vadugapalayam (R.V) Sankarandampalayam (P) Ward 4, Thalakarai South",Sathyabama.P,,386,713,54.14,True
109,"638673,East Facing Building P.U.M.School, Thalakarai,Building facing South (Western side)","Veerachimanagalam (R.V) and (P) Ward 4, Madukkampalayam; Vadugapalayam (R.V) Sankarandampalayam (P) ward 4, Thalakarai west; Vadugapalayam (R.V) Sankarandampalayam (P) Ward 4, Thalakarai South",Dhivya,,73,713,10.24,False
109,"638673,East Facing Building P.U.M.School, Thalakarai,Building facing South (Western side)","Veerachimanagalam (R.V) and (P) Ward 4, Madukkampalayam; Vadugapalayam (R.V) Sankarandampalayam (P) ward 4, Thalakarai west; Vadugapalayam (R.V) Sankarandampalayam (P) Ward 4, Thalakarai South",Gowri Chitra,,107,713,15.01,False
109,"638673,East Facing Building P.U.M.School, Thalakarai,Building facing South (Western side)","Veerachimanagalam (R.V) and (P) Ward 4, Madukkampalayam; Vadugapalayam (R.V) Sankarandampalayam (P) ward 4, Thalakarai west; Vadugapalayam (R.V) Sankarandampalayam (P) Ward 4, Thalakarai South",Ananthi.S,,1,713,0.14,False
109,"638673,East Facing Building P.U.M.School, Thalakarai,Building facing South (Western side)","Veerachimanagalam (R.V) and (P) Ward 4, Madukkampalayam; Vadugapalayam (R.V) Sankarandampalayam (P) ward 4, Thalakarai west; Vadugapalayam (R.V) Sankarandampalayam (P) Ward 4, Thalakarai South",Indhirani.C,,0,713,0.0,False
109,"638673,East Facing Building P.U.M.School, Thalakarai,Building facing South (Western side)","Veerachimanagalam (R.V) and (P) Ward 4, Madukkampalayam; Vadugapalayam (R.V) Sankarandampalayam (P) ward 4, Thalakarai west; Vadugapalayam (R.V) Sankarandampalayam (P) Ward 4, Thalakarai South",Gowri.P,,0,713,0.0,False
109,"638673,East Facing Building P.U.M.School, Thalakarai,Building facing South (Western side)","Veerachimanagalam (R.V) and (P) Ward 4, Madukkampalayam; Vadugapalayam (R.V) Sankarandampalayam (P) ward 4, Thalakarai west; Vadugapalayam (R.V) Sankarandampalayam (P) Ward 4, Thalakarai South",Mohanraj.M,,1,713,0.14,False
109,"638673,East Facing Building P.U.M.School, Thalakarai,Building facing South (Western side)","Veerachimanagalam (R.V) and (P) Ward 4, Madukkampalayam; Vadugapalayam (R.V) Sankarandampalayam (P) ward 4, Thalakarai west; Vadugapalayam (R.V) Sankarandampalayam (P) Ward 4, Thalakarai South",Rohini.S,,0,713,0.0,False
109,"638673,East Facing Building P.U.M.School, Thalakarai,Building facing South (Western side)","Veerachimanagalam (R.V) and (P) Ward 4, Madukkampalayam; Vadugapalayam (R.V) Sankarandampalayam (P) ward 4, Thalakarai west; Vadugapalayam (R.V) Sankarandampalayam (P) Ward 4, Thalakarai South",NOTA,NOTA,3,713,0.42,False
110,"P.U.M.School, Thalakarai,Building facing South (Eastern side)","Vadugapalayam (R.V) Sankarandampalayam (P) Ward 4, Vadugapalayam West; Vadugapalayam (R.V) Sankarandampalayam (P) Ward 4, Thalakarai East",Indirani.T,,146,605,24.13,False
110,"P.U.M.School, Thalakarai,Building facing South (Eastern side)","Vadugapalayam (R.V) Sankarandampalayam (P) Ward 4, Vadugapalayam West; Vadugapalayam (R.V) Sankarandampalayam (P) Ward 4, Thalakarai East",Sathyabama.P,,309,605,51.07,True
110,"P.U.M.School, Thalakarai,Building facing South (Eastern side)","Vadugapalayam (R.V) Sankarandampalayam (P) Ward 4, Vadugapalayam West; Vadugapalayam (R.V) Sankarandampalayam (P) Ward 4, Thalakarai East",Dhivya,,27,605,4.46,False
110,"P.U.M.School, Thalakarai,Building facing South (Eastern side)","Vadugapalayam (R.V) Sankarandampalayam (P) Ward 4, Vadugapalayam West; Vadugapalayam (R.V) Sankarandampalayam (P) Ward 4, Thalakarai East",Gowri Chitra,,113,605,18.68,False
110,"P.U.M.School, Thalakarai,Building facing South (Eastern side)","Vadugapalayam (R.V) Sankarandampalayam (P) Ward 4, Vadugapalayam West; Vadugapalayam (R.V) Sankarandampalayam (P) Ward 4, Thalakarai East",Ananthi.S,,2,605,0.33,False
110,"P.U.M.School, Thalakarai,Building facing South (Eastern side)","Vadugapalayam (R.V) Sankarandampalayam (P) Ward 4, Vadugapalayam West; Vadugapalayam (R.V) Sankarandampalayam (P) Ward 4, Thalakarai East",Indhirani.C,,1,605,0.17,False
110,"P.U.M.School, Thalakarai,Building facing South (Eastern side)","Vadugapalayam (R.V) Sankarandampalayam (P) Ward 4, Vadugapalayam West; Vadugapalayam (R.V) Sankarandampalayam (P) Ward 4, Thalakarai East",Gowri.P,,1,605,0.17,False
110,"P.U.M.School, Thalakarai,Building facing South (Eastern side)","Vadugapalayam (R.V) Sankarandampalayam (P) Ward 4, Vadugapalayam West; Vadugapalayam (R.V) Sankarandampalayam (P) Ward 4, Thalakarai East",Mohanraj.M,,2,605,0.33,False
110,"P.U.M.School, Thalakarai,Building facing South (Eastern side)","Vadugapalayam (R.V) Sankarandampalayam (P) Ward 4, Vadugapalayam West; Vadugapalayam (R.V) Sankarandampalayam (P) Ward 4, Thalakarai East",Rohini.S,,1,605,0.17,False
110,"P.U.M.School, Thalakarai,Building facing South (Eastern side)","Vadugapalayam (R.V) Sankarandampalayam (P) Ward 4, Vadugapalayam West; Vadugapalayam (R.V) Sankarandampalayam (P) Ward 4, Thalakarai East",NOTA,NOTA,3,605,0.5,False
111,"PUES, Kullaipalayam,North facing building","Vadugapalayam (R.V) Sankarandampalayam (P) Ward 4, Vadugapalayam East; Kannag kovil (R.V) and (p), Kannag kovil w.n. 1; Kannan kovil (R.V) and (P), Alampalayam W.No.2",Indirani.T,,164,620,26.45,False
111,"PUES, Kullaipalayam,North facing building","Vadugapalayam (R.V) Sankarandampalayam (P) Ward 4, Vadugapalayam East; Kannag kovil (R.V) and (p), Kannag kovil w.n. 1; Kannan kovil (R.V) and (P), Alampalayam W.No.2",Sathyabama.P,,322,620,51.94,True
111,"PUES, Kullaipalayam,North facing building","Vadugapalayam (R.V) Sankarandampalayam (P) Ward 4, Vadugapalayam East; Kannag kovil (R.V) and (p), Kannag kovil w.n. 1; Kannan kovil (R.V) and (P), Alampalayam W.No.2",Dhivya,,15,620,2.42,False
111,"PUES, Kullaipalayam,North facing building","Vadugapalayam (R.V) Sankarandampalayam (P) Ward 4, Vadugapalayam East; Kannag kovil (R.V) and (p), Kannag kovil w.n. 1; Kannan kovil (R.V) and (P), Alampalayam W.No.2",Gowri Chitra,,108,620,17.42,False
111,"PUES, Kullaipalayam,North facing building","Vadugapalayam (R.V) Sankarandampalayam (P) Ward 4, Vadugapalayam East; Kannag kovil (R.V) and (p), Kannag kovil w.n. 1; Kannan kovil (R.V) and (P), Alampalayam W.No.2",Ananthi.S,,2,620,0.32,False
111,"PUES, Kullaipalayam,North facing building","Vadugapalayam (R.V) Sankarandampalayam (P) Ward 4, Vadugapalayam East; Kannag kovil (R.V) and (p), Kannag kovil w.n. 1; Kannan kovil (R.V) and (P), Alampalayam W.No.2",Indhirani.C,,0,620,0.0,False
111,"PUES, Kullaipalayam,North facing building","Vadugapalayam (R.V) Sankarandampalayam (P) Ward 4, Vadugapalayam East; Kannag kovil (R.V) and (p), Kannag kovil w.n. 1; Kannan kovil (R.V) and (P), Alampalayam W.No.2",Gowri.P,,0,620,0.0,False
111,"PUES, Kullaipalayam,North facing building","Vadugapalayam (R.V) Sankarandampalayam (P) Ward 4, Vadugapalayam East; Kannag kovil (R.V) and (p), Kannag kovil w.n. 1; Kannan kovil (R.V) and (P), Alampalayam W.No.2",Mohanraj.M,,1,620,0.16,False
111,"PUES, Kullaipalayam,North facing building","Vadugapalayam (R.V) Sankarandampalayam (P) Ward 4, Vadugapalayam East; Kannag kovil (R.V) and (p), Kannag kovil w.n. 1; Kannan kovil (R.V) and (P), Alampalayam W.No.2",Rohini.S,,5,620,0.81,False
111,"PUES, Kullaipalayam,North facing building","Vadugapalayam (R.V) Sankarandampalayam (P) Ward 4, Vadugapalayam East; Kannag kovil (R.V) and (p), Kannag kovil w.n. 1; Kannan kovil (R.V) and (P), Alampalayam W.No.2",NOTA,NOTA,3,620,0.48,False
112,"Anganwadi Centre Kullaipalayam,West Facing Building (Separate Portion)","Kannan kovil (R.V) and (P), Salaiyur W.No.1; Kannan kovil (R.V) and (P), Kullayipalayam W.No.2",Indirani.T,,134,422,31.75,False
112,"Anganwadi Centre Kullaipalayam,West Facing Building (Separate Portion)","Kannan kovil (R.V) and (P), Salaiyur W.No.1; Kannan kovil (R.V) and (P), Kullayipalayam W.No.2",Sathyabama.P,,199,422,47.16,True
112,"Anganwadi Centre Kullaipalayam,West Facing Building (Separate Portion)","Kannan kovil (R.V) and (P), Salaiyur W.No.1; Kannan kovil (R.V) and (P), Kullayipalayam W.No.2",Dhivya,,3,422,0.71,False
112,"Anganwadi Centre Kullaipalayam,West Facing Building (Separate Portion)","Kannan kovil (R.V) and (P), Salaiyur W.No.1; Kannan kovil (R.V) and (P), Kullayipalayam W.No.2",Gowri Chitra,,80,422,18.96,False
112,"Anganwadi Centre Kullaipalayam,West Facing Building (Separate Portion)","Kannan kovil (R.V) and (P), Salaiyur W.No.1; Kannan kovil (R.V) and (P), Kullayipalayam W.No.2",Ananthi.S,,0,422,0.0,False
112,"Anganwadi Centre Kullaipalayam,West Facing Building (Separate Portion)","Kannan kovil (R.V) and (P), Salaiyur W.No.1; Kannan kovil (R.V) and (P), Kullayipalayam W.No.2",Indhirani.C,,0,422,0.0,False
112,"Anganwadi Centre Kullaipalayam,West Facing Building (Separate Portion)","Kannan kovil (R.V) and (P), Salaiyur W.No.1; Kannan kovil (R.V) and (P), Kullayipalayam W.No.2",Gowri.P,,0,422,0.0,False
112,"Anganwadi Centre Kullaipalayam,West Facing Building (Separate Portion)","Kannan kovil (R.V) and (P), Salaiyur W.No.1; Kannan kovil (R.V) and (P), Kullayipalayam W.No.2",Mohanraj.M,,1,422,0.24,False
112,"Anganwadi Centre Kullaipalayam,West Facing Building (Separate Portion)","Kannan kovil (R.V) and (P), Salaiyur W.No.1; Kannan kovil (R.V) and (P), Kullayipalayam W.No.2",Rohini.S,,1,422,0.24,False
112,"Anganwadi Centre Kullaipalayam,West Facing Building (Separate Portion)","Kannan kovil (R.V) and (P), Salaiyur W.No.1; Kannan kovil (R.V) and (P), Kullayipalayam W.No.2",NOTA,NOTA,4,422,0.95,False
113,"Panchayat Union Ele.School, Varapalayam ,Building facing East (North Portion)","Varapalayam (R.V) Thoppampatti (P) Ward 1, Velankattuputhur; Varapalayam (R.V) Thoppampatti (P) Ward 1, Varapalayam East; Varapalayam (R.V) Thoppampatti (P) Ward 1, Konapuram Pirivu; OVERSEAS ELECTORS",Indirani.T,,146,571,25.57,False
113,"Panchayat Union Ele.School, Varapalayam ,Building facing East (North Portion)","Varapalayam (R.V) Thoppampatti (P) Ward 1, Velankattuputhur; Varapalayam (R.V) Thoppampatti (P) Ward 1, Varapalayam East; Varapalayam (R.V) Thoppampatti (P) Ward 1, Konapuram Pirivu; OVERSEAS ELECTORS",Sathyabama.P,,292,571,51.14,True
113,"Panchayat Union Ele.School, Varapalayam ,Building facing East (North Portion)","Varapalayam (R.V) Thoppampatti (P) Ward 1, Velankattuputhur; Varapalayam (R.V) Thoppampatti (P) Ward 1, Varapalayam East; Varapalayam (R.V) Thoppampatti (P) Ward 1, Konapuram Pirivu; OVERSEAS ELECTORS",Dhivya,,14,571,2.45,False
113,"Panchayat Union Ele.School, Varapalayam ,Building facing East (North Portion)","Varapalayam (R.V) Thoppampatti (P) Ward 1, Velankattuputhur; Varapalayam (R.V) Thoppampatti (P) Ward 1, Varapalayam East; Varapalayam (R.V) Thoppampatti (P) Ward 1, Konapuram Pirivu; OVERSEAS ELECTORS",Gowri Chitra,,114,571,19.96,False
113,"Panchayat Union Ele.School, Varapalayam ,Building facing East (North Portion)","Varapalayam (R.V) Thoppampatti (P) Ward 1, Velankattuputhur; Varapalayam (R.V) Thoppampatti (P) Ward 1, Varapalayam East; Varapalayam (R.V) Thoppampatti (P) Ward 1, Konapuram Pirivu; OVERSEAS ELECTORS",Ananthi.S,,0,571,0.0,False
113,"Panchayat Union Ele.School, Varapalayam ,Building facing East (North Portion)","Varapalayam (R.V) Thoppampatti (P) Ward 1, Velankattuputhur; Varapalayam (R.V) Thoppampatti (P) Ward 1, Varapalayam East; Varapalayam (R.V) Thoppampatti (P) Ward 1, Konapuram Pirivu; OVERSEAS ELECTORS",Indhirani.C,,1,571,0.18,False
113,"Panchayat Union Ele.School, Varapalayam ,Building facing East (North Portion)","Varapalayam (R.V) Thoppampatti (P) Ward 1, Velankattuputhur; Varapalayam (R.V) Thoppampatti (P) Ward 1, Varapalayam East; Varapalayam (R.V) Thoppampatti (P) Ward 1, Konapuram Pirivu; OVERSEAS ELECTORS",Gowri.P,,0,571,0.0,False
113,"Panchayat Union Ele.School, Varapalayam ,Building facing East (North Portion)","Varapalayam (R.V) Thoppampatti (P) Ward 1, Velankattuputhur; Varapalayam (R.V) Thoppampatti (P) Ward 1, Varapalayam East; Varapalayam (R.V) Thoppampatti (P) Ward 1, Konapuram Pirivu; OVERSEAS ELECTORS",Mohanraj.M,,0,571,0.0,False
113,"Panchayat Union Ele.School, Varapalayam ,Building facing East (North Portion)","Varapalayam (R.V) Thoppampatti (P) Ward 1, Velankattuputhur; Varapalayam (R.V) Thoppampatti (P) Ward 1, Varapalayam East; Varapalayam (R.V) Thoppampatti (P) Ward 1, Konapuram Pirivu; OVERSEAS ELECTORS",Rohini.S,,1,571,0.18,False
113,"Panchayat Union Ele.School, Varapalayam ,Building facing East (North Portion)","Varapalayam (R.V) Thoppampatti (P) Ward 1, Velankattuputhur; Varapalayam (R.V) Thoppampatti (P) Ward 1, Varapalayam East; Varapalayam (R.V) Thoppampatti (P) Ward 1, Konapuram Pirivu; OVERSEAS ELECTORS",NOTA,NOTA,3,571,0.53,False
114,"Panchayat Union Ele.School, Varapalayam ,East facing building (South Portion)","Varapalayam (R.V) Thoppampatti (P) Ward 1, Varapalayam West; Varapalayam (R.V) Thoppampatti (P) Ward 1, Kangayam Pirivu; Varapalayam (R.V) Thoppampatti (P) Ward 1, Sunnambukadu",Indirani.T,,167,538,31.04,False
114,"Panchayat Union Ele.School, Varapalayam ,East facing building (South Portion)","Varapalayam (R.V) Thoppampatti (P) Ward 1, Varapalayam West; Varapalayam (R.V) Thoppampatti (P) Ward 1, Kangayam Pirivu; Varapalayam (R.V) Thoppampatti (P) Ward 1, Sunnambukadu",Sathyabama.P,,243,538,45.17,True
114,"Panchayat Union Ele.School, Varapalayam ,East facing building (South Portion)","Varapalayam (R.V) Thoppampatti (P) Ward 1, Varapalayam West; Varapalayam (R.V) Thoppampatti (P) Ward 1, Kangayam Pirivu; Varapalayam (R.V) Thoppampatti (P) Ward 1, Sunnambukadu",Dhivya,,20,538,3.72,False
114,"Panchayat Union Ele.School, Varapalayam ,East facing building (South Portion)","Varapalayam (R.V) Thoppampatti (P) Ward 1, Varapalayam West; Varapalayam (R.V) Thoppampatti (P) Ward 1, Kangayam Pirivu; Varapalayam (R.V) Thoppampatti (P) Ward 1, Sunnambukadu",Gowri Chitra,,102,538,18.96,False
114,"Panchayat Union Ele.School, Varapalayam ,East facing building (South Portion)","Varapalayam (R.V) Thoppampatti (P) Ward 1, Varapalayam West; Varapalayam (R.V) Thoppampatti (P) Ward 1, Kangayam Pirivu; Varapalayam (R.V) Thoppampatti (P) Ward 1, Sunnambukadu",Ananthi.S,,0,538,0.0,False
114,"Panchayat Union Ele.School, Varapalayam ,East facing building (South Portion)","Varapalayam (R.V) Thoppampatti (P) Ward 1, Varapalayam West; Varapalayam (R.V) Thoppampatti (P) Ward 1, Kangayam Pirivu; Varapalayam (R.V) Thoppampatti (P) Ward 1, Sunnambukadu",Indhirani.C,,0,538,0.0,False
114,"Panchayat Union Ele.School, Varapalayam ,East facing building (South Portion)","Varapalayam (R.V) Thoppampatti (P) Ward 1, Varapalayam West; Varapalayam (R.V) Thoppampatti (P) Ward 1, Kangayam Pirivu; Varapalayam (R.V) Thoppampatti (P) Ward 1, Sunnambukadu",Gowri.P,,0,538,0.0,False
114,"Panchayat Union Ele.School, Varapalayam ,East facing building (South Portion)","Varapalayam (R.V) Thoppampatti (P) Ward 1, Varapalayam West; Varapalayam (R.V) Thoppampatti (P) Ward 1, Kangayam Pirivu; Varapalayam (R.V) Thoppampatti (P) Ward 1, Sunnambukadu",Mohanraj.M,,2,538,0.37,False
114,"Panchayat Union Ele.School, Varapalayam ,East facing building (South Portion)","Varapalayam (R.V) Thoppampatti (P) Ward 1, Varapalayam West; Varapalayam (R.V) Thoppampatti (P) Ward 1, Kangayam Pirivu; Varapalayam (R.V) Thoppampatti (P) Ward 1, Sunnambukadu",Rohini.S,,0,538,0.0,False
114,"Panchayat Union Ele.School, Varapalayam ,East facing building (South Portion)","Varapalayam (R.V) Thoppampatti (P) Ward 1, Varapalayam West; Varapalayam (R.V) Thoppampatti (P) Ward 1, Kangayam Pirivu; Varapalayam (R.V) Thoppampatti (P) Ward 1, Sunnambukadu",NOTA,NOTA,4,538,0.74,False
115,"P U E School , Chinniyagoundempalayam Kudi Street All Voters 638657,East Facing Building (South Portion) Harijana Colony P U E School ,","Madathupalayam (R.V) Thoppampatti (P) Ward 2, Chinniyagoundampalayam; Madathupalayam (R.V) Thoppampatti (P) Ward 2, Chinniagoundanpalayam; Madathupalayam (R.V) Thoppampatti (P) Ward 2, Thandarpalayam Harijana",Indirani.T,,211,560,37.68,False
115,"P U E School , Chinniyagoundempalayam Kudi Street All Voters 638657,East Facing Building (South Portion) Harijana Colony P U E School ,","Madathupalayam (R.V) Thoppampatti (P) Ward 2, Chinniyagoundampalayam; Madathupalayam (R.V) Thoppampatti (P) Ward 2, Chinniagoundanpalayam; Madathupalayam (R.V) Thoppampatti (P) Ward 2, Thandarpalayam Harijana",Sathyabama.P,,279,560,49.82,True
115,"P U E School , Chinniyagoundempalayam Kudi Street All Voters 638657,East Facing Building (South Portion) Harijana Colony P U E School ,","Madathupalayam (R.V) Thoppampatti (P) Ward 2, Chinniyagoundampalayam; Madathupalayam (R.V) Thoppampatti (P) Ward 2, Chinniagoundanpalayam; Madathupalayam (R.V) Thoppampatti (P) Ward 2, Thandarpalayam Harijana",Dhivya,,8,560,1.43,False
115,"P U E School , Chinniyagoundempalayam Kudi Street All Voters 638657,East Facing Building (South Portion) Harijana Colony P U E School ,","Madathupalayam (R.V) Thoppampatti (P) Ward 2, Chinniyagoundampalayam; Madathupalayam (R.V) Thoppampatti (P) Ward 2, Chinniagoundanpalayam; Madathupalayam (R.V) Thoppampatti (P) Ward 2, Thandarpalayam Harijana",Gowri Chitra,,57,560,10.18,False
115,"P U E School , Chinniyagoundempalayam Kudi Street All Voters 638657,East Facing Building (South Portion) Harijana Colony P U E School ,","Madathupalayam (R.V) Thoppampatti (P) Ward 2, Chinniyagoundampalayam; Madathupalayam (R.V) Thoppampatti (P) Ward 2, Chinniagoundanpalayam; Madathupalayam (R.V) Thoppampatti (P) Ward 2, Thandarpalayam Harijana",Ananthi.S,,0,560,0.0,False
115,"P U E School , Chinniyagoundempalayam Kudi Street All Voters 638657,East Facing Building (South Portion) Harijana Colony P U E School ,","Madathupalayam (R.V) Thoppampatti (P) Ward 2, Chinniyagoundampalayam; Madathupalayam (R.V) Thoppampatti (P) Ward 2, Chinniagoundanpalayam; Madathupalayam (R.V) Thoppampatti (P) Ward 2, Thandarpalayam Harijana",Indhirani.C,,2,560,0.36,False
115,"P U E School , Chinniyagoundempalayam Kudi Street All Voters 638657,East Facing Building (South Portion) Harijana Colony P U E School ,","Madathupalayam (R.V) Thoppampatti (P) Ward 2, Chinniyagoundampalayam; Madathupalayam (R.V) Thoppampatti (P) Ward 2, Chinniagoundanpalayam; Madathupalayam (R.V) Thoppampatti (P) Ward 2, Thandarpalayam Harijana",Gowri.P,,0,560,0.0,False
115,"P U E School , Chinniyagoundempalayam Kudi Street All Voters 638657,East Facing Building (South Portion) Harijana Colony P U E School ,","Madathupalayam (R.V) Thoppampatti (P) Ward 2, Chinniyagoundampalayam; Madathupalayam (R.V) Thoppampatti (P) Ward 2, Chinniagoundanpalayam; Madathupalayam (R.V) Thoppampatti (P) Ward 2, Thandarpalayam Harijana",Mohanraj.M,,0,560,0.0,False
115,"P U E School , Chinniyagoundempalayam Kudi Street All Voters 638657,East Facing Building (South Portion) Harijana Colony P U E School ,","Madathupalayam (R.V) Thoppampatti (P) Ward 2, Chinniyagoundampalayam; Madathupalayam (R.V) Thoppampatti (P) Ward 2, Chinniagoundanpalayam; Madathupalayam (R.V) Thoppampatti (P) Ward 2, Thandarpalayam Harijana",Rohini.S,,2,560,0.36,False
115,"P U E School , Chinniyagoundempalayam Kudi Street All Voters 638657,East Facing Building (South Portion) Harijana Colony P U E School ,","Madathupalayam (R.V) Thoppampatti (P) Ward 2, Chinniyagoundampalayam; Madathupalayam (R.V) Thoppampatti (P) Ward 2, Chinniagoundanpalayam; Madathupalayam (R.V) Thoppampatti (P) Ward 2, Thandarpalayam Harijana",NOTA,NOTA,1,560,0.18,False
116,"Chinniyagoundempalayam Colony 638657,East Facing Building (North Portion)","Madathupalayam (R.V) Thoppampatti (P) Ward 5, Venkikalpalayam; Madathupalayam (R.V) Thoppampatti (P) Ward 5, Kallimettuthottam; Madathupalayam (R.V) Thoppampatti (P) Ward 5, Konapuram",Indirani.T,,166,563,29.48,False
116,"Chinniyagoundempalayam Colony 638657,East Facing Building (North Portion)","Madathupalayam (R.V) Thoppampatti (P) Ward 5, Venkikalpalayam; Madathupalayam (R.V) Thoppampatti (P) Ward 5, Kallimettuthottam; Madathupalayam (R.V) Thoppampatti (P) Ward 5, Konapuram",Sathyabama.P,,259,563,46.0,True
116,"Chinniyagoundempalayam Colony 638657,East Facing Building (North Portion)","Madathupalayam (R.V) Thoppampatti (P) Ward 5, Venkikalpalayam; Madathupalayam (R.V) Thoppampatti (P) Ward 5, Kallimettuthottam; Madathupalayam (R.V) Thoppampatti (P) Ward 5, Konapuram",Dhivya,,15,563,2.66,False
116,"Chinniyagoundempalayam Colony 638657,East Facing Building (North Portion)","Madathupalayam (R.V) Thoppampatti (P) Ward 5, Venkikalpalayam; Madathupalayam (R.V) Thoppampatti (P) Ward 5, Kallimettuthottam; Madathupalayam (R.V) Thoppampatti (P) Ward 5, Konapuram",Gowri Chitra,,119,563,21.14,False
116,"Chinniyagoundempalayam Colony 638657,East Facing Building (North Portion)","Madathupalayam (R.V) Thoppampatti (P) Ward 5, Venkikalpalayam; Madathupalayam (R.V) Thoppampatti (P) Ward 5, Kallimettuthottam; Madathupalayam (R.V) Thoppampatti (P) Ward 5, Konapuram",Ananthi.S,,1,563,0.18,False
116,"Chinniyagoundempalayam Colony 638657,East Facing Building (North Portion)","Madathupalayam (R.V) Thoppampatti (P) Ward 5, Venkikalpalayam; Madathupalayam (R.V) Thoppampatti (P) Ward 5, Kallimettuthottam; Madathupalayam (R.V) Thoppampatti (P) Ward 5, Konapuram",Indhirani.C,,0,563,0.0,False
116,"Chinniyagoundempalayam Colony 638657,East Facing Building (North Portion)","Madathupalayam (R.V) Thoppampatti (P) Ward 5, Venkikalpalayam; Madathupalayam (R.V) Thoppampatti (P) Ward 5, Kallimettuthottam; Madathupalayam (R.V) Thoppampatti (P) Ward 5, Konapuram",Gowri.P,,0,563,0.0,False
116,"Chinniyagoundempalayam Colony 638657,East Facing Building (North Portion)","Madathupalayam (R.V) Thoppampatti (P) Ward 5, Venkikalpalayam; Madathupalayam (R.V) Thoppampatti (P) Ward 5, Kallimettuthottam; Madathupalayam (R.V) Thoppampatti (P) Ward 5, Konapuram",Mohanraj.M,,1,563,0.18,False
116,"Chinniyagoundempalayam Colony 638657,East Facing Building (North Portion)","Madathupalayam (R.V) Thoppampatti (P) Ward 5, Venkikalpalayam; Madathupalayam (R.V) Thoppampatti (P) Ward 5, Kallimettuthottam; Madathupalayam (R.V) Thoppampatti (P) Ward 5, Konapuram",Rohini.S,,2,563,0.36,False
116,"Chinniyagoundempalayam Colony 638657,East Facing Building (North Portion)","Madathupalayam (R.V) Thoppampatti (P) Ward 5, Venkikalpalayam; Madathupalayam (R.V) Thoppampatti (P) Ward 5, Kallimettuthottam; Madathupalayam (R.V) Thoppampatti (P) Ward 5, Konapuram",NOTA,NOTA,0,563,0.0,False
117,"P U E School, Madathupalayam 638657,East Facing Building","Madthupalayam (R.V) Thoppampatti (P) Wart 3, Madthupalayam; Madthupalayam (R.V) Thoppampatti (P) Ward 3, Pullaikoilputhur; Madthupalayam (R.V) Thoppampatti (P) Ward 3, Milmedu",Indirani.T,,183,935,19.57,False
117,"P U E School, Madathupalayam 638657,East Facing Building","Madthupalayam (R.V) Thoppampatti (P) Wart 3, Madthupalayam; Madthupalayam (R.V) Thoppampatti (P) Ward 3, Pullaikoilputhur; Madthupalayam (R.V) Thoppampatti (P) Ward 3, Milmedu",Sathyabama.P,,567,935,60.64,True
117,"P U E School, Madathupalayam 638657,East Facing Building","Madthupalayam (R.V) Thoppampatti (P) Wart 3, Madthupalayam; Madthupalayam (R.V) Thoppampatti (P) Ward 3, Pullaikoilputhur; Madthupalayam (R.V) Thoppampatti (P) Ward 3, Milmedu",Dhivya,,30,935,3.21,False
117,"P U E School, Madathupalayam 638657,East Facing Building","Madthupalayam (R.V) Thoppampatti (P) Wart 3, Madthupalayam; Madthupalayam (R.V) Thoppampatti (P) Ward 3, Pullaikoilputhur; Madthupalayam (R.V) Thoppampatti (P) Ward 3, Milmedu",Gowri Chitra,,143,935,15.29,False
117,"P U E School, Madathupalayam 638657,East Facing Building","Madthupalayam (R.V) Thoppampatti (P) Wart 3, Madthupalayam; Madthupalayam (R.V) Thoppampatti (P) Ward 3, Pullaikoilputhur; Madthupalayam (R.V) Thoppampatti (P) Ward 3, Milmedu",Ananthi.S,,1,935,0.11,False
117,"P U E School, Madathupalayam 638657,East Facing Building","Madthupalayam (R.V) Thoppampatti (P) Wart 3, Madthupalayam; Madthupalayam (R.V) Thoppampatti (P) Ward 3, Pullaikoilputhur; Madthupalayam (R.V) Thoppampatti (P) Ward 3, Milmedu",Indhirani.C,,1,935,0.11,False
117,"P U E School, Madathupalayam 638657,East Facing Building","Madthupalayam (R.V) Thoppampatti (P) Wart 3, Madthupalayam; Madthupalayam (R.V) Thoppampatti (P) Ward 3, Pullaikoilputhur; Madthupalayam (R.V) Thoppampatti (P) Ward 3, Milmedu",Gowri.P,,1,935,0.11,False
117,"P U E School, Madathupalayam 638657,East Facing Building","Madthupalayam (R.V) Thoppampatti (P) Wart 3, Madthupalayam; Madthupalayam (R.V) Thoppampatti (P) Ward 3, Pullaikoilputhur; Madthupalayam (R.V) Thoppampatti (P) Ward 3, Milmedu",Mohanraj.M,,0,935,0.0,False
117,"P U E School, Madathupalayam 638657,East Facing Building","Madthupalayam (R.V) Thoppampatti (P) Wart 3, Madthupalayam; Madthupalayam (R.V) Thoppampatti (P) Ward 3, Pullaikoilputhur; Madthupalayam (R.V) Thoppampatti (P) Ward 3, Milmedu",Rohini.S,,2,935,0.21,False
117,"P U E School, Madathupalayam 638657,East Facing Building","Madthupalayam (R.V) Thoppampatti (P) Wart 3, Madthupalayam; Madthupalayam (R.V) Thoppampatti (P) Ward 3, Pullaikoilputhur; Madthupalayam (R.V) Thoppampatti (P) Ward 3, Milmedu",NOTA,NOTA,7,935,0.75,False
118,"P U E School, Sagunipalayam 638657,North Facing Building","Madthupalayam (R.V) Thoppampatti (P) Ward 3, Venkittipalayam; Varapalayam (R.V) Thoppampatti (P) Ward 3, Sagunipalayam",Indirani.T,,139,436,31.88,False
118,"P U E School, Sagunipalayam 638657,North Facing Building","Madthupalayam (R.V) Thoppampatti (P) Ward 3, Venkittipalayam; Varapalayam (R.V) Thoppampatti (P) Ward 3, Sagunipalayam",Sathyabama.P,,204,436,46.79,True
118,"P U E School, Sagunipalayam 638657,North Facing Building","Madthupalayam (R.V) Thoppampatti (P) Ward 3, Venkittipalayam; Varapalayam (R.V) Thoppampatti (P) Ward 3, Sagunipalayam",Dhivya,,24,436,5.5,False
118,"P U E School, Sagunipalayam 638657,North Facing Building","Madthupalayam (R.V) Thoppampatti (P) Ward 3, Venkittipalayam; Varapalayam (R.V) Thoppampatti (P) Ward 3, Sagunipalayam",Gowri Chitra,,63,436,14.45,False
118,"P U E School, Sagunipalayam 638657,North Facing Building","Madthupalayam (R.V) Thoppampatti (P) Ward 3, Venkittipalayam; Varapalayam (R.V) Thoppampatti (P) Ward 3, Sagunipalayam",Ananthi.S,,1,436,0.23,False
118,"P U E School, Sagunipalayam 638657,North Facing Building","Madthupalayam (R.V) Thoppampatti (P) Ward 3, Venkittipalayam; Varapalayam (R.V) Thoppampatti (P) Ward 3, Sagunipalayam",Indhirani.C,,0,436,0.0,False
118,"P U E School, Sagunipalayam 638657,North Facing Building","Madthupalayam (R.V) Thoppampatti (P) Ward 3, Venkittipalayam; Varapalayam (R.V) Thoppampatti (P) Ward 3, Sagunipalayam",Gowri.P,,0,436,0.0,False
118,"P U E School, Sagunipalayam 638657,North Facing Building","Madthupalayam (R.V) Thoppampatti (P) Ward 3, Venkittipalayam; Varapalayam (R.V) Thoppampatti (P) Ward 3, Sagunipalayam",Mohanraj.M,,0,436,0.0,False
118,"P U E School, Sagunipalayam 638657,North Facing Building","Madthupalayam (R.V) Thoppampatti (P) Ward 3, Venkittipalayam; Varapalayam (R.V) Thoppampatti (P) Ward 3, Sagunipalayam",Rohini.S,,1,436,0.23,False
118,"P U E School, Sagunipalayam 638657,North Facing Building","Madthupalayam (R.V) Thoppampatti (P) Ward 3, Venkittipalayam; Varapalayam (R.V) Thoppampatti (P) Ward 3, Sagunipalayam",NOTA,NOTA,4,436,0.92,False
119,"Govt.High School, Nanjiampalayam- 638657,West facing building (South Portion)","Nanjiampalayam (R.V) and (P) Ward 2, Nanjiampalayam,East; Nanjiampalayam (R.V) and (P) Ward 2, Nanjiampalayam Harijan Colony",Indirani.T,,244,676,36.09,False
119,"Govt.High School, Nanjiampalayam- 638657,West facing building (South Portion)","Nanjiampalayam (R.V) and (P) Ward 2, Nanjiampalayam,East; Nanjiampalayam (R.V) and (P) Ward 2, Nanjiampalayam Harijan Colony",Sathyabama.P,,245,676,36.24,True
119,"Govt.High School, Nanjiampalayam- 638657,West facing building (South Portion)","Nanjiampalayam (R.V) and (P) Ward 2, Nanjiampalayam,East; Nanjiampalayam (R.V) and (P) Ward 2, Nanjiampalayam Harijan Colony",Dhivya,,20,676,2.96,False
119,"Govt.High School, Nanjiampalayam- 638657,West facing building (South Portion)","Nanjiampalayam (R.V) and (P) Ward 2, Nanjiampalayam,East; Nanjiampalayam (R.V) and (P) Ward 2, Nanjiampalayam Harijan Colony",Gowri Chitra,,163,676,24.11,False
119,"Govt.High School, Nanjiampalayam- 638657,West facing building (South Portion)","Nanjiampalayam (R.V) and (P) Ward 2, Nanjiampalayam,East; Nanjiampalayam (R.V) and (P) Ward 2, Nanjiampalayam Harijan Colony",Ananthi.S,,0,676,0.0,False
119,"Govt.High School, Nanjiampalayam- 638657,West facing building (South Portion)","Nanjiampalayam (R.V) and (P) Ward 2, Nanjiampalayam,East; Nanjiampalayam (R.V) and (P) Ward 2, Nanjiampalayam Harijan Colony",Indhirani.C,,0,676,0.0,False
119,"Govt.High School, Nanjiampalayam- 638657,West facing building (South Portion)","Nanjiampalayam (R.V) and (P) Ward 2, Nanjiampalayam,East; Nanjiampalayam (R.V) and (P) Ward 2, Nanjiampalayam Harijan Colony",Gowri.P,,0,676,0.0,False
119,"Govt.High School, Nanjiampalayam- 638657,West facing building (South Portion)","Nanjiampalayam (R.V) and (P) Ward 2, Nanjiampalayam,East; Nanjiampalayam (R.V) and (P) Ward 2, Nanjiampalayam Harijan Colony",Mohanraj.M,,1,676,0.15,False
119,"Govt.High School, Nanjiampalayam- 638657,West facing building (South Portion)","Nanjiampalayam (R.V) and (P) Ward 2, Nanjiampalayam,East; Nanjiampalayam (R.V) and (P) Ward 2, Nanjiampalayam Harijan Colony",Rohini.S,,3,676,0.44,False
119,"Govt.High School, Nanjiampalayam- 638657,West facing building (South Portion)","Nanjiampalayam (R.V) and (P) Ward 2, Nanjiampalayam,East; Nanjiampalayam (R.V) and (P) Ward 2, Nanjiampalayam Harijan Colony",NOTA,NOTA,0,676,0.0,False
120,"Govt.High School, Nanjiampalayam- 638657,Building facing South (West Portion)","Nanjiampalayam (R.V) and (P) Ward 1, Therkalur Sunnambu Thottam",Indirani.T,,149,504,29.56,False
120,"Govt.High School, Nanjiampalayam- 638657,Building facing South (West Portion)","Nanjiampalayam (R.V) and (P) Ward 1, Therkalur Sunnambu Thottam",Sathyabama.P,,149,504,29.56,False
120,"Govt.High School, Nanjiampalayam- 638657,Building facing South (West Portion)","Nanjiampalayam (R.V) and (P) Ward 1, Therkalur Sunnambu Thottam",Dhivya,,35,504,6.94,False
120,"Govt.High School, Nanjiampalayam- 638657,Building facing South (West Portion)","Nanjiampalayam (R.V) and (P) Ward 1, Therkalur Sunnambu Thottam",Gowri Chitra,,168,504,33.33,True
120,"Govt.High School, Nanjiampalayam- 638657,Building facing South (West Portion)","Nanjiampalayam (R.V) and (P) Ward 1, Therkalur Sunnambu Thottam",Ananthi.S,,0,504,0.0,False
120,"Govt.High School, Nanjiampalayam- 638657,Building facing South (West Portion)","Nanjiampalayam (R.V) and (P) Ward 1, Therkalur Sunnambu Thottam",Indhirani.C,,0,504,0.0,False
120,"Govt.High School, Nanjiampalayam- 638657,Building facing South (West Portion)","Nanjiampalayam (R.V) and (P) Ward 1, Therkalur Sunnambu Thottam",Gowri.P,,0,504,0.0,False
120,"Govt.High School, Nanjiampalayam- 638657,Building facing South (West Portion)","Nanjiampalayam (R.V) and (P) Ward 1, Therkalur Sunnambu Thottam",Mohanraj.M,,0,504,0.0,False
120,"Govt.High School, Nanjiampalayam- 638657,Building facing South (West Portion)","Nanjiampalayam (R.V) and (P) Ward 1, Therkalur Sunnambu Thottam",Rohini.S,,0,504,0.0,False
120,"Govt.High School, Nanjiampalayam- 638657,Building facing South (West Portion)","Nanjiampalayam (R.V) and (P) Ward 1, Therkalur Sunnambu Thottam",NOTA,NOTA,3,504,0.6,False
121,"Govt High School , Nanjiampalayam 638657,Building facing West (North Portion)","Nanjiampalayam (R.V) and (P) Ward 1, Nanjiampalayam west; Nanjiampalayam (R.V) and (P) Ward 3, Kuppuchipalayam East",Indirani.T,,159,605,26.28,False
121,"Govt High School , Nanjiampalayam 638657,Building facing West (North Portion)","Nanjiampalayam (R.V) and (P) Ward 1, Nanjiampalayam west; Nanjiampalayam (R.V) and (P) Ward 3, Kuppuchipalayam East",Sathyabama.P,,266,605,43.97,True
121,"Govt High School , Nanjiampalayam 638657,Building facing West (North Portion)","Nanjiampalayam (R.V) and (P) Ward 1, Nanjiampalayam west; Nanjiampalayam (R.V) and (P) Ward 3, Kuppuchipalayam East",Dhivya,,14,605,2.31,False
121,"Govt High School , Nanjiampalayam 638657,Building facing West (North Portion)","Nanjiampalayam (R.V) and (P) Ward 1, Nanjiampalayam west; Nanjiampalayam (R.V) and (P) Ward 3, Kuppuchipalayam East",Gowri Chitra,,160,605,26.45,False
121,"Govt High School , Nanjiampalayam 638657,Building facing West (North Portion)","Nanjiampalayam (R.V) and (P) Ward 1, Nanjiampalayam west; Nanjiampalayam (R.V) and (P) Ward 3, Kuppuchipalayam East",Ananthi.S,,0,605,0.0,False
121,"Govt High School , Nanjiampalayam 638657,Building facing West (North Portion)","Nanjiampalayam (R.V) and (P) Ward 1, Nanjiampalayam west; Nanjiampalayam (R.V) and (P) Ward 3, Kuppuchipalayam East",Indhirani.C,,1,605,0.17,False
121,"Govt High School , Nanjiampalayam 638657,Building facing West (North Portion)","Nanjiampalayam (R.V) and (P) Ward 1, Nanjiampalayam west; Nanjiampalayam (R.V) and (P) Ward 3, Kuppuchipalayam East",Gowri.P,,2,605,0.33,False
121,"Govt High School , Nanjiampalayam 638657,Building facing West (North Portion)","Nanjiampalayam (R.V) and (P) Ward 1, Nanjiampalayam west; Nanjiampalayam (R.V) and (P) Ward 3, Kuppuchipalayam East",Mohanraj.M,,1,605,0.17,False
121,"Govt High School , Nanjiampalayam 638657,Building facing West (North Portion)","Nanjiampalayam (R.V) and (P) Ward 1, Nanjiampalayam west; Nanjiampalayam (R.V) and (P) Ward 3, Kuppuchipalayam East",Rohini.S,,0,605,0.0,False
121,"Govt High School , Nanjiampalayam 638657,Building facing West (North Portion)","Nanjiampalayam (R.V) and (P) Ward 1, Nanjiampalayam west; Nanjiampalayam (R.V) and (P) Ward 3, Kuppuchipalayam East",NOTA,NOTA,2,605,0.33,False
122,"Govt High School , Nanjiampalayam- 638657,Building facing North (East Portion)","Nanjiampalayam (R.V) and (P) Ward 3, Kuppuchipallayam West",Indirani.T,,161,623,25.84,False
122,"Govt High School , Nanjiampalayam- 638657,Building facing North (East Portion)","Nanjiampalayam (R.V) and (P) Ward 3, Kuppuchipallayam West",Sathyabama.P,,243,623,39.0,True
122,"Govt High School , Nanjiampalayam- 638657,Building facing North (East Portion)","Nanjiampalayam (R.V) and (P) Ward 3, Kuppuchipallayam West",Dhivya,,10,623,1.61,False
122,"Govt High School , Nanjiampalayam- 638657,Building facing North (East Portion)","Nanjiampalayam (R.V) and (P) Ward 3, Kuppuchipallayam West",Gowri Chitra,,197,623,31.62,False
122,"Govt High School , Nanjiampalayam- 638657,Building facing North (East Portion)","Nanjiampalayam (R.V) and (P) Ward 3, Kuppuchipallayam West",Ananthi.S,,2,623,0.32,False
122,"Govt High School , Nanjiampalayam- 638657,Building facing North (East Portion)","Nanjiampalayam (R.V) and (P) Ward 3, Kuppuchipallayam West",Indhirani.C,,3,623,0.48,False
122,"Govt High School , Nanjiampalayam- 638657,Building facing North (East Portion)","Nanjiampalayam (R.V) and (P) Ward 3, Kuppuchipallayam West",Gowri.P,,1,623,0.16,False
122,"Govt High School , Nanjiampalayam- 638657,Building facing North (East Portion)","Nanjiampalayam (R.V) and (P) Ward 3, Kuppuchipallayam West",Mohanraj.M,,0,623,0.0,False
122,"Govt High School , Nanjiampalayam- 638657,Building facing North (East Portion)","Nanjiampalayam (R.V) and (P) Ward 3, Kuppuchipallayam West",Rohini.S,,1,623,0.16,False
122,"Govt High School , Nanjiampalayam- 638657,Building facing North (East Portion)","Nanjiampalayam (R.V) and (P) Ward 3, Kuppuchipallayam West",NOTA,NOTA,5,623,0.8,False
123,"P.U.E.School, Kumarapalayam,South Facing Building","Nanjiampalayam (R.V) and (P) Ward 3, Kumarapalayam",Indirani.T,,143,754,18.97,False
123,"P.U.E.School, Kumarapalayam,South Facing Building","Nanjiampalayam (R.V) and (P) Ward 3, Kumarapalayam",Sathyabama.P,,452,754,59.95,True
123,"P.U.E.School, Kumarapalayam,South Facing Building","Nanjiampalayam (R.V) and (P) Ward 3, Kumarapalayam",Dhivya,,26,754,3.45,False
123,"P.U.E.School, Kumarapalayam,South Facing Building","Nanjiampalayam (R.V) and (P) Ward 3, Kumarapalayam",Gowri Chitra,,128,754,16.98,False
123,"P.U.E.School, Kumarapalayam,South Facing Building","Nanjiampalayam (R.V) and (P) Ward 3, Kumarapalayam",Ananthi.S,,0,754,0.0,False
123,"P.U.E.School, Kumarapalayam,South Facing Building","Nanjiampalayam (R.V) and (P) Ward 3, Kumarapalayam",Indhirani.C,,0,754,0.0,False
123,"P.U.E.School, Kumarapalayam,South Facing Building","Nanjiampalayam (R.V) and (P) Ward 3, Kumarapalayam",Gowri.P,,0,754,0.0,False
123,"P.U.E.School, Kumarapalayam,South Facing Building","Nanjiampalayam (R.V) and (P) Ward 3, Kumarapalayam",Mohanraj.M,,1,754,0.13,False
123,"P.U.E.School, Kumarapalayam,South Facing Building","Nanjiampalayam (R.V) and (P) Ward 3, Kumarapalayam",Rohini.S,,2,754,0.27,False
123,"P.U.E.School, Kumarapalayam,South Facing Building","Nanjiampalayam (R.V) and (P) Ward 3, Kumarapalayam",NOTA,NOTA,2,754,0.27,False
124,"Govt High School, Nanjiampalayam- 638657,Building facing South (East thottam All Voters Portion)","Nanjiampalayam (R.V) and (P) Ward 4, Moyyagoundenpadugai Nettaikali; Chittravuthanpalayam (R.V) Koundachipudur (P), Koundachipudur Ward No4",Indirani.T,,65,254,25.59,False
124,"Govt High School, Nanjiampalayam- 638657,Building facing South (East thottam All Voters Portion)","Nanjiampalayam (R.V) and (P) Ward 4, Moyyagoundenpadugai Nettaikali; Chittravuthanpalayam (R.V) Koundachipudur (P), Koundachipudur Ward No4",Sathyabama.P,,85,254,33.46,False
124,"Govt High School, Nanjiampalayam- 638657,Building facing South (East thottam All Voters Portion)","Nanjiampalayam (R.V) and (P) Ward 4, Moyyagoundenpadugai Nettaikali; Chittravuthanpalayam (R.V) Koundachipudur (P), Koundachipudur Ward No4",Dhivya,,11,254,4.33,False
124,"Govt High School, Nanjiampalayam- 638657,Building facing South (East thottam All Voters Portion)","Nanjiampalayam (R.V) and (P) Ward 4, Moyyagoundenpadugai Nettaikali; Chittravuthanpalayam (R.V) Koundachipudur (P), Koundachipudur Ward No4",Gowri Chitra,,91,254,35.83,True
124,"Govt High School, Nanjiampalayam- 638657,Building facing South (East thottam All Voters Portion)","Nanjiampalayam (R.V) and (P) Ward 4, Moyyagoundenpadugai Nettaikali; Chittravuthanpalayam (R.V) Koundachipudur (P), Koundachipudur Ward No4",Ananthi.S,,0,254,0.0,False
124,"Govt High School, Nanjiampalayam- 638657,Building facing South (East thottam All Voters Portion)","Nanjiampalayam (R.V) and (P) Ward 4, Moyyagoundenpadugai Nettaikali; Chittravuthanpalayam (R.V) Koundachipudur (P), Koundachipudur Ward No4",Indhirani.C,,0,254,0.0,False
124,"Govt High School, Nanjiampalayam- 638657,Building facing South (East thottam All Voters Portion)","Nanjiampalayam (R.V) and (P) Ward 4, Moyyagoundenpadugai Nettaikali; Chittravuthanpalayam (R.V) Koundachipudur (P), Koundachipudur Ward No4",Gowri.P,,0,254,0.0,False
124,"Govt High School, Nanjiampalayam- 638657,Building facing South (East thottam All Voters Portion)","Nanjiampalayam (R.V) and (P) Ward 4, Moyyagoundenpadugai Nettaikali; Chittravuthanpalayam (R.V) Koundachipudur (P), Koundachipudur Ward No4",Mohanraj.M,,0,254,0.0,False
124,"Govt High School, Nanjiampalayam- 638657,Building facing South (East thottam All Voters Portion)","Nanjiampalayam (R.V) and (P) Ward 4, Moyyagoundenpadugai Nettaikali; Chittravuthanpalayam (R.V) Koundachipudur (P), Koundachipudur Ward No4",Rohini.S,,0,254,0.0,False
124,"Govt High School, Nanjiampalayam- 638657,Building facing South (East thottam All Voters Portion)","Nanjiampalayam (R.V) and (P) Ward 4, Moyyagoundenpadugai Nettaikali; Chittravuthanpalayam (R.V) Koundachipudur (P), Koundachipudur Ward No4",NOTA,NOTA,2,254,0.79,False
125,"P.U.E.School, Goundachipudur,Building Facing South (East Side) Ward No 4","Chittravuthanpalayam (R.V) Koundachipudur (P), Samathur Ward NO 4; Chittravuthanpalayam (R.V) Koundachipudur (P), Balasubramaniyam Nagar; OVERSEAS ELECTORS",Indirani.T,,237,796,29.77,False
125,"P.U.E.School, Goundachipudur,Building Facing South (East Side) Ward No 4","Chittravuthanpalayam (R.V) Koundachipudur (P), Samathur Ward NO 4; Chittravuthanpalayam (R.V) Koundachipudur (P), Balasubramaniyam Nagar; OVERSEAS ELECTORS",Sathyabama.P,,307,796,38.57,True
125,"P.U.E.School, Goundachipudur,Building Facing South (East Side) Ward No 4","Chittravuthanpalayam (R.V) Koundachipudur (P), Samathur Ward NO 4; Chittravuthanpalayam (R.V) Koundachipudur (P), Balasubramaniyam Nagar; OVERSEAS ELECTORS",Dhivya,,32,796,4.02,False
125,"P.U.E.School, Goundachipudur,Building Facing South (East Side) Ward No 4","Chittravuthanpalayam (R.V) Koundachipudur (P), Samathur Ward NO 4; Chittravuthanpalayam (R.V) Koundachipudur (P), Balasubramaniyam Nagar; OVERSEAS ELECTORS",Gowri Chitra,,215,796,27.01,False
125,"P.U.E.School, Goundachipudur,Building Facing South (East Side) Ward No 4","Chittravuthanpalayam (R.V) Koundachipudur (P), Samathur Ward NO 4; Chittravuthanpalayam (R.V) Koundachipudur (P), Balasubramaniyam Nagar; OVERSEAS ELECTORS",Ananthi.S,,0,796,0.0,False
125,"P.U.E.School, Goundachipudur,Building Facing South (East Side) Ward No 4","Chittravuthanpalayam (R.V) Koundachipudur (P), Samathur Ward NO 4; Chittravuthanpalayam (R.V) Koundachipudur (P), Balasubramaniyam Nagar; OVERSEAS ELECTORS",Indhirani.C,,0,796,0.0,False
125,"P.U.E.School, Goundachipudur,Building Facing South (East Side) Ward No 4","Chittravuthanpalayam (R.V) Koundachipudur (P), Samathur Ward NO 4; Chittravuthanpalayam (R.V) Koundachipudur (P), Balasubramaniyam Nagar; OVERSEAS ELECTORS",Gowri.P,,0,796,0.0,False
125,"P.U.E.School, Goundachipudur,Building Facing South (East Side) Ward No 4","Chittravuthanpalayam (R.V) Koundachipudur (P), Samathur Ward NO 4; Chittravuthanpalayam (R.V) Koundachipudur (P), Balasubramaniyam Nagar; OVERSEAS ELECTORS",Mohanraj.M,,1,796,0.13,False
125,"P.U.E.School, Goundachipudur,Building Facing South (East Side) Ward No 4","Chittravuthanpalayam (R.V) Koundachipudur (P), Samathur Ward NO 4; Chittravuthanpalayam (R.V) Koundachipudur (P), Balasubramaniyam Nagar; OVERSEAS ELECTORS",Rohini.S,,1,796,0.13,False
125,"P.U.E.School, Goundachipudur,Building Facing South (East Side) Ward No 4","Chittravuthanpalayam (R.V) Koundachipudur (P), Samathur Ward NO 4; Chittravuthanpalayam (R.V) Koundachipudur (P), Balasubramaniyam Nagar; OVERSEAS ELECTORS",NOTA,NOTA,3,796,0.38,False
126,"P.U.E.School, Goundachipudur,Building Facing South (West Side)","Chittravuthanpalayam (R.V) Koundachipudur (P), M.P.S Colony Ward No 4; Chittravuthanpalayam (R.V) Koundachipudur (P), Fathima Nagar No 4; Chittravuthanpalayam (R.V) Koundachipudur (P), Kannaki Nagar Ward No 4",Indirani.T,,241,638,37.77,True
126,"P.U.E.School, Goundachipudur,Building Facing South (West Side)","Chittravuthanpalayam (R.V) Koundachipudur (P), M.P.S Colony Ward No 4; Chittravuthanpalayam (R.V) Koundachipudur (P), Fathima Nagar No 4; Chittravuthanpalayam (R.V) Koundachipudur (P), Kannaki Nagar Ward No 4",Sathyabama.P,,186,638,29.15,False
126,"P.U.E.School, Goundachipudur,Building Facing South (West Side)","Chittravuthanpalayam (R.V) Koundachipudur (P), M.P.S Colony Ward No 4; Chittravuthanpalayam (R.V) Koundachipudur (P), Fathima Nagar No 4; Chittravuthanpalayam (R.V) Koundachipudur (P), Kannaki Nagar Ward No 4",Dhivya,,29,638,4.55,False
126,"P.U.E.School, Goundachipudur,Building Facing South (West Side)","Chittravuthanpalayam (R.V) Koundachipudur (P), M.P.S Colony Ward No 4; Chittravuthanpalayam (R.V) Koundachipudur (P), Fathima Nagar No 4; Chittravuthanpalayam (R.V) Koundachipudur (P), Kannaki Nagar Ward No 4",Gowri Chitra,,174,638,27.27,False
126,"P.U.E.School, Goundachipudur,Building Facing South (West Side)","Chittravuthanpalayam (R.V) Koundachipudur (P), M.P.S Colony Ward No 4; Chittravuthanpalayam (R.V) Koundachipudur (P), Fathima Nagar No 4; Chittravuthanpalayam (R.V) Koundachipudur (P), Kannaki Nagar Ward No 4",Ananthi.S,,0,638,0.0,False
126,"P.U.E.School, Goundachipudur,Building Facing South (West Side)","Chittravuthanpalayam (R.V) Koundachipudur (P), M.P.S Colony Ward No 4; Chittravuthanpalayam (R.V) Koundachipudur (P), Fathima Nagar No 4; Chittravuthanpalayam (R.V) Koundachipudur (P), Kannaki Nagar Ward No 4",Indhirani.C,,0,638,0.0,False
126,"P.U.E.School, Goundachipudur,Building Facing South (West Side)","Chittravuthanpalayam (R.V) Koundachipudur (P), M.P.S Colony Ward No 4; Chittravuthanpalayam (R.V) Koundachipudur (P), Fathima Nagar No 4; Chittravuthanpalayam (R.V) Koundachipudur (P), Kannaki Nagar Ward No 4",Gowri.P,,0,638,0.0,False
126,"P.U.E.School, Goundachipudur,Building Facing South (West Side)","Chittravuthanpalayam (R.V) Koundachipudur (P), M.P.S Colony Ward No 4; Chittravuthanpalayam (R.V) Koundachipudur (P), Fathima Nagar No 4; Chittravuthanpalayam (R.V) Koundachipudur (P), Kannaki Nagar Ward No 4",Mohanraj.M,,1,638,0.16,False
126,"P.U.E.School, Goundachipudur,Building Facing South (West Side)","Chittravuthanpalayam (R.V) Koundachipudur (P), M.P.S Colony Ward No 4; Chittravuthanpalayam (R.V) Koundachipudur (P), Fathima Nagar No 4; Chittravuthanpalayam (R.V) Koundachipudur (P), Kannaki Nagar Ward No 4",Rohini.S,,0,638,0.0,False
126,"P.U.E.School, Goundachipudur,Building Facing South (West Side)","Chittravuthanpalayam (R.V) Koundachipudur (P), M.P.S Colony Ward No 4; Chittravuthanpalayam (R.V) Koundachipudur (P), Fathima Nagar No 4; Chittravuthanpalayam (R.V) Koundachipudur (P), Kannaki Nagar Ward No 4",NOTA,NOTA,7,638,1.1,False
127,"P.U.E.S, Ammapatti,South facing Building (East Portion) Palayam Ward No 3","Chittravuthanpalayam (R.V) Koundachipudur (P), Sampatha Nagar Ward No 4; Chittravuthanpalayam (R.V) Koundachipudur (P), Ammapatti Chithravuthan",Indirani.T,,258,786,32.82,False
127,"P.U.E.S, Ammapatti,South facing Building (East Portion) Palayam Ward No 3","Chittravuthanpalayam (R.V) Koundachipudur (P), Sampatha Nagar Ward No 4; Chittravuthanpalayam (R.V) Koundachipudur (P), Ammapatti Chithravuthan",Sathyabama.P,,229,786,29.13,False
127,"P.U.E.S, Ammapatti,South facing Building (East Portion) Palayam Ward No 3","Chittravuthanpalayam (R.V) Koundachipudur (P), Sampatha Nagar Ward No 4; Chittravuthanpalayam (R.V) Koundachipudur (P), Ammapatti Chithravuthan",Dhivya,,22,786,2.8,False
127,"P.U.E.S, Ammapatti,South facing Building (East Portion) Palayam Ward No 3","Chittravuthanpalayam (R.V) Koundachipudur (P), Sampatha Nagar Ward No 4; Chittravuthanpalayam (R.V) Koundachipudur (P), Ammapatti Chithravuthan",Gowri Chitra,,269,786,34.22,True
127,"P.U.E.S, Ammapatti,South facing Building (East Portion) Palayam Ward No 3","Chittravuthanpalayam (R.V) Koundachipudur (P), Sampatha Nagar Ward No 4; Chittravuthanpalayam (R.V) Koundachipudur (P), Ammapatti Chithravuthan",Ananthi.S,,0,786,0.0,False
127,"P.U.E.S, Ammapatti,South facing Building (East Portion) Palayam Ward No 3","Chittravuthanpalayam (R.V) Koundachipudur (P), Sampatha Nagar Ward No 4; Chittravuthanpalayam (R.V) Koundachipudur (P), Ammapatti Chithravuthan",Indhirani.C,,1,786,0.13,False
127,"P.U.E.S, Ammapatti,South facing Building (East Portion) Palayam Ward No 3","Chittravuthanpalayam (R.V) Koundachipudur (P), Sampatha Nagar Ward No 4; Chittravuthanpalayam (R.V) Koundachipudur (P), Ammapatti Chithravuthan",Gowri.P,,1,786,0.13,False
127,"P.U.E.S, Ammapatti,South facing Building (East Portion) Palayam Ward No 3","Chittravuthanpalayam (R.V) Koundachipudur (P), Sampatha Nagar Ward No 4; Chittravuthanpalayam (R.V) Koundachipudur (P), Ammapatti Chithravuthan",Mohanraj.M,,0,786,0.0,False
127,"P.U.E.S, Ammapatti,South facing Building (East Portion) Palayam Ward No 3","Chittravuthanpalayam (R.V) Koundachipudur (P), Sampatha Nagar Ward No 4; Chittravuthanpalayam (R.V) Koundachipudur (P), Ammapatti Chithravuthan",Rohini.S,,1,786,0.13,False
127,"P.U.E.S, Ammapatti,South facing Building (East Portion) Palayam Ward No 3","Chittravuthanpalayam (R.V) Koundachipudur (P), Sampatha Nagar Ward No 4; Chittravuthanpalayam (R.V) Koundachipudur (P), Ammapatti Chithravuthan",NOTA,NOTA,5,786,0.64,False
128,"P.U.E.S(Old School Building), Kottapulipalayam,Building facing Chinniyagounder valasu Ward No2 All Voters East (separate Building)","Chittravuthanpalayam (R.V) Koundachipudur (P), Kottamppuli",Indirani.T,,81,388,20.88,False
128,"P.U.E.S(Old School Building), Kottapulipalayam,Building facing Chinniyagounder valasu Ward No2 All Voters East (separate Building)","Chittravuthanpalayam (R.V) Koundachipudur (P), Kottamppuli",Sathyabama.P,,200,388,51.55,True
128,"P.U.E.S(Old School Building), Kottapulipalayam,Building facing Chinniyagounder valasu Ward No2 All Voters East (separate Building)","Chittravuthanpalayam (R.V) Koundachipudur (P), Kottamppuli",Dhivya,,12,388,3.09,False
128,"P.U.E.S(Old School Building), Kottapulipalayam,Building facing Chinniyagounder valasu Ward No2 All Voters East (separate Building)","Chittravuthanpalayam (R.V) Koundachipudur (P), Kottamppuli",Gowri Chitra,,93,388,23.97,False
128,"P.U.E.S(Old School Building), Kottapulipalayam,Building facing Chinniyagounder valasu Ward No2 All Voters East (separate Building)","Chittravuthanpalayam (R.V) Koundachipudur (P), Kottamppuli",Ananthi.S,,0,388,0.0,False
128,"P.U.E.S(Old School Building), Kottapulipalayam,Building facing Chinniyagounder valasu Ward No2 All Voters East (separate Building)","Chittravuthanpalayam (R.V) Koundachipudur (P), Kottamppuli",Indhirani.C,,0,388,0.0,False
128,"P.U.E.S(Old School Building), Kottapulipalayam,Building facing Chinniyagounder valasu Ward No2 All Voters East (separate Building)","Chittravuthanpalayam (R.V) Koundachipudur (P), Kottamppuli",Gowri.P,,0,388,0.0,False
128,"P.U.E.S(Old School Building), Kottapulipalayam,Building facing Chinniyagounder valasu Ward No2 All Voters East (separate Building)","Chittravuthanpalayam (R.V) Koundachipudur (P), Kottamppuli",Mohanraj.M,,0,388,0.0,False
128,"P.U.E.S(Old School Building), Kottapulipalayam,Building facing Chinniyagounder valasu Ward No2 All Voters East (separate Building)","Chittravuthanpalayam (R.V) Koundachipudur (P), Kottamppuli",Rohini.S,,0,388,0.0,False
128,"P.U.E.S(Old School Building), Kottapulipalayam,Building facing Chinniyagounder valasu Ward No2 All Voters East (separate Building)","Chittravuthanpalayam (R.V) Koundachipudur (P), Kottamppuli",NOTA,NOTA,2,388,0.52,False
129,"P.U.E.S, Kondarasampalayam- 638657,East Facing Terraced Ward No 1 All Voters Building Southern Side","Chittravuthanpalayam (R.V) Koundachipudur (P), Kondarasampalayam East; Chittravuthanpalayam (R.V) Koundachipudur (P), Maruthi Nagar Ward No 2",Indirani.T,,244,808,30.2,False
129,"P.U.E.S, Kondarasampalayam- 638657,East Facing Terraced Ward No 1 All Voters Building Southern Side","Chittravuthanpalayam (R.V) Koundachipudur (P), Kondarasampalayam East; Chittravuthanpalayam (R.V) Koundachipudur (P), Maruthi Nagar Ward No 2",Sathyabama.P,,273,808,33.79,True
129,"P.U.E.S, Kondarasampalayam- 638657,East Facing Terraced Ward No 1 All Voters Building Southern Side","Chittravuthanpalayam (R.V) Koundachipudur (P), Kondarasampalayam East; Chittravuthanpalayam (R.V) Koundachipudur (P), Maruthi Nagar Ward No 2",Dhivya,,42,808,5.2,False
129,"P.U.E.S, Kondarasampalayam- 638657,East Facing Terraced Ward No 1 All Voters Building Southern Side","Chittravuthanpalayam (R.V) Koundachipudur (P), Kondarasampalayam East; Chittravuthanpalayam (R.V) Koundachipudur (P), Maruthi Nagar Ward No 2",Gowri Chitra,,242,808,29.95,False
129,"P.U.E.S, Kondarasampalayam- 638657,East Facing Terraced Ward No 1 All Voters Building Southern Side","Chittravuthanpalayam (R.V) Koundachipudur (P), Kondarasampalayam East; Chittravuthanpalayam (R.V) Koundachipudur (P), Maruthi Nagar Ward No 2",Ananthi.S,,1,808,0.12,False
129,"P.U.E.S, Kondarasampalayam- 638657,East Facing Terraced Ward No 1 All Voters Building Southern Side","Chittravuthanpalayam (R.V) Koundachipudur (P), Kondarasampalayam East; Chittravuthanpalayam (R.V) Koundachipudur (P), Maruthi Nagar Ward No 2",Indhirani.C,,0,808,0.0,False
129,"P.U.E.S, Kondarasampalayam- 638657,East Facing Terraced Ward No 1 All Voters Building Southern Side","Chittravuthanpalayam (R.V) Koundachipudur (P), Kondarasampalayam East; Chittravuthanpalayam (R.V) Koundachipudur (P), Maruthi Nagar Ward No 2",Gowri.P,,0,808,0.0,False
129,"P.U.E.S, Kondarasampalayam- 638657,East Facing Terraced Ward No 1 All Voters Building Southern Side","Chittravuthanpalayam (R.V) Koundachipudur (P), Kondarasampalayam East; Chittravuthanpalayam (R.V) Koundachipudur (P), Maruthi Nagar Ward No 2",Mohanraj.M,,1,808,0.12,False
129,"P.U.E.S, Kondarasampalayam- 638657,East Facing Terraced Ward No 1 All Voters Building Southern Side","Chittravuthanpalayam (R.V) Koundachipudur (P), Kondarasampalayam East; Chittravuthanpalayam (R.V) Koundachipudur (P), Maruthi Nagar Ward No 2",Rohini.S,,2,808,0.25,False
129,"P.U.E.S, Kondarasampalayam- 638657,East Facing Terraced Ward No 1 All Voters Building Southern Side","Chittravuthanpalayam (R.V) Koundachipudur (P), Kondarasampalayam East; Chittravuthanpalayam (R.V) Koundachipudur (P), Maruthi Nagar Ward No 2",NOTA,NOTA,3,808,0.37,False
130,"Panchayat Union Elementary School, Kondarasampalayam 638657, East facing Building,(North NAS Nagar, Kumaran Nagar ,Kurunchi Nagar Portion) Panchayat Union Elementary","Chittravuthanpalayam (R.V) Koundachipudur (P), Vinovanagar ,Serannagar ,; Chittravuthanpalayam (R.V) Koundachipudur (P), Ramnagar Ward No 1; Chittravuthanpalayam (R.V) Koundachipudur (P), Gandhinagar South Ward No",Indirani.T,,196,651,30.11,False
130,"Panchayat Union Elementary School, Kondarasampalayam 638657, East facing Building,(North NAS Nagar, Kumaran Nagar ,Kurunchi Nagar Portion) Panchayat Union Elementary","Chittravuthanpalayam (R.V) Koundachipudur (P), Vinovanagar ,Serannagar ,; Chittravuthanpalayam (R.V) Koundachipudur (P), Ramnagar Ward No 1; Chittravuthanpalayam (R.V) Koundachipudur (P), Gandhinagar South Ward No",Sathyabama.P,,250,651,38.4,True
130,"Panchayat Union Elementary School, Kondarasampalayam 638657, East facing Building,(North NAS Nagar, Kumaran Nagar ,Kurunchi Nagar Portion) Panchayat Union Elementary","Chittravuthanpalayam (R.V) Koundachipudur (P), Vinovanagar ,Serannagar ,; Chittravuthanpalayam (R.V) Koundachipudur (P), Ramnagar Ward No 1; Chittravuthanpalayam (R.V) Koundachipudur (P), Gandhinagar South Ward No",Dhivya,,27,651,4.15,False
130,"Panchayat Union Elementary School, Kondarasampalayam 638657, East facing Building,(North NAS Nagar, Kumaran Nagar ,Kurunchi Nagar Portion) Panchayat Union Elementary","Chittravuthanpalayam (R.V) Koundachipudur (P), Vinovanagar ,Serannagar ,; Chittravuthanpalayam (R.V) Koundachipudur (P), Ramnagar Ward No 1; Chittravuthanpalayam (R.V) Koundachipudur (P), Gandhinagar South Ward No",Gowri Chitra,,175,651,26.88,False
130,"Panchayat Union Elementary School, Kondarasampalayam 638657, East facing Building,(North NAS Nagar, Kumaran Nagar ,Kurunchi Nagar Portion) Panchayat Union Elementary","Chittravuthanpalayam (R.V) Koundachipudur (P), Vinovanagar ,Serannagar ,; Chittravuthanpalayam (R.V) Koundachipudur (P), Ramnagar Ward No 1; Chittravuthanpalayam (R.V) Koundachipudur (P), Gandhinagar South Ward No",Ananthi.S,,0,651,0.0,False
130,"Panchayat Union Elementary School, Kondarasampalayam 638657, East facing Building,(North NAS Nagar, Kumaran Nagar ,Kurunchi Nagar Portion) Panchayat Union Elementary","Chittravuthanpalayam (R.V) Koundachipudur (P), Vinovanagar ,Serannagar ,; Chittravuthanpalayam (R.V) Koundachipudur (P), Ramnagar Ward No 1; Chittravuthanpalayam (R.V) Koundachipudur (P), Gandhinagar South Ward No",Indhirani.C,,0,651,0.0,False
130,"Panchayat Union Elementary School, Kondarasampalayam 638657, East facing Building,(North NAS Nagar, Kumaran Nagar ,Kurunchi Nagar Portion) Panchayat Union Elementary","Chittravuthanpalayam (R.V) Koundachipudur (P), Vinovanagar ,Serannagar ,; Chittravuthanpalayam (R.V) Koundachipudur (P), Ramnagar Ward No 1; Chittravuthanpalayam (R.V) Koundachipudur (P), Gandhinagar South Ward No",Gowri.P,,0,651,0.0,False
130,"Panchayat Union Elementary School, Kondarasampalayam 638657, East facing Building,(North NAS Nagar, Kumaran Nagar ,Kurunchi Nagar Portion) Panchayat Union Elementary","Chittravuthanpalayam (R.V) Koundachipudur (P), Vinovanagar ,Serannagar ,; Chittravuthanpalayam (R.V) Koundachipudur (P), Ramnagar Ward No 1; Chittravuthanpalayam (R.V) Koundachipudur (P), Gandhinagar South Ward No",Mohanraj.M,,0,651,0.0,False
130,"Panchayat Union Elementary School, Kondarasampalayam 638657, East facing Building,(North NAS Nagar, Kumaran Nagar ,Kurunchi Nagar Portion) Panchayat Union Elementary","Chittravuthanpalayam (R.V) Koundachipudur (P), Vinovanagar ,Serannagar ,; Chittravuthanpalayam (R.V) Koundachipudur (P), Ramnagar Ward No 1; Chittravuthanpalayam (R.V) Koundachipudur (P), Gandhinagar South Ward No",Rohini.S,,0,651,0.0,False
130,"Panchayat Union Elementary School, Kondarasampalayam 638657, East facing Building,(North NAS Nagar, Kumaran Nagar ,Kurunchi Nagar Portion) Panchayat Union Elementary","Chittravuthanpalayam (R.V) Koundachipudur (P), Vinovanagar ,Serannagar ,; Chittravuthanpalayam (R.V) Koundachipudur (P), Ramnagar Ward No 1; Chittravuthanpalayam (R.V) Koundachipudur (P), Gandhinagar South Ward No",NOTA,NOTA,3,651,0.46,False
131,"School, Kondarasampalayam 1 638657 South Facing Building(West Portion) Nagar Ward No1 ) Ward No 1","Chittravuthanpalayam (R.V) Koundachipudur (P), Udumalai Road (Salavaiyalar; Chittravuthanpalayam (R.V) Koundachipudur (P), Maragatham Nagar Lakshmi",Indirani.T,,218,668,32.63,False
131,"School, Kondarasampalayam 1 638657 South Facing Building(West Portion) Nagar Ward No1 ) Ward No 1","Chittravuthanpalayam (R.V) Koundachipudur (P), Udumalai Road (Salavaiyalar; Chittravuthanpalayam (R.V) Koundachipudur (P), Maragatham Nagar Lakshmi",Sathyabama.P,,223,668,33.38,True
131,"School, Kondarasampalayam 1 638657 South Facing Building(West Portion) Nagar Ward No1 ) Ward No 1","Chittravuthanpalayam (R.V) Koundachipudur (P), Udumalai Road (Salavaiyalar; Chittravuthanpalayam (R.V) Koundachipudur (P), Maragatham Nagar Lakshmi",Dhivya,,26,668,3.89,False
131,"School, Kondarasampalayam 1 638657 South Facing Building(West Portion) Nagar Ward No1 ) Ward No 1","Chittravuthanpalayam (R.V) Koundachipudur (P), Udumalai Road (Salavaiyalar; Chittravuthanpalayam (R.V) Koundachipudur (P), Maragatham Nagar Lakshmi",Gowri Chitra,,195,668,29.19,False
131,"School, Kondarasampalayam 1 638657 South Facing Building(West Portion) Nagar Ward No1 ) Ward No 1","Chittravuthanpalayam (R.V) Koundachipudur (P), Udumalai Road (Salavaiyalar; Chittravuthanpalayam (R.V) Koundachipudur (P), Maragatham Nagar Lakshmi",Ananthi.S,,1,668,0.15,False
131,"School, Kondarasampalayam 1 638657 South Facing Building(West Portion) Nagar Ward No1 ) Ward No 1","Chittravuthanpalayam (R.V) Koundachipudur (P), Udumalai Road (Salavaiyalar; Chittravuthanpalayam (R.V) Koundachipudur (P), Maragatham Nagar Lakshmi",Indhirani.C,,0,668,0.0,False
131,"School, Kondarasampalayam 1 638657 South Facing Building(West Portion) Nagar Ward No1 ) Ward No 1","Chittravuthanpalayam (R.V) Koundachipudur (P), Udumalai Road (Salavaiyalar; Chittravuthanpalayam (R.V) Koundachipudur (P), Maragatham Nagar Lakshmi",Gowri.P,,2,668,0.3,False
131,"School, Kondarasampalayam 1 638657 South Facing Building(West Portion) Nagar Ward No1 ) Ward No 1","Chittravuthanpalayam (R.V) Koundachipudur (P), Udumalai Road (Salavaiyalar; Chittravuthanpalayam (R.V) Koundachipudur (P), Maragatham Nagar Lakshmi",Mohanraj.M,,0,668,0.0,False
131,"School, Kondarasampalayam 1 638657 South Facing Building(West Portion) Nagar Ward No1 ) Ward No 1","Chittravuthanpalayam (R.V) Koundachipudur (P), Udumalai Road (Salavaiyalar; Chittravuthanpalayam (R.V) Koundachipudur (P), Maragatham Nagar Lakshmi",Rohini.S,,2,668,0.3,False
131,"School, Kondarasampalayam 1 638657 South Facing Building(West Portion) Nagar Ward No1 ) Ward No 1","Chittravuthanpalayam (R.V) Koundachipudur (P), Udumalai Road (Salavaiyalar; Chittravuthanpalayam (R.V) Koundachipudur (P), Maragatham Nagar Lakshmi",NOTA,NOTA,1,668,0.15,False
132,"Panchayat Union Elementary School, Kondarasampalayam 638657, South facing Building,East Nagar Ward No 1 Portion","Chittravuthanpalayam (R.V) Koundachipudur (P), Seethakadu Ward No 1; Chittravuthanpalayam (R.V) Koundachipudur (P), Udumalai Road ( Salavaiyalar; Chittravuthanpalayam (R.V) Koundachipudur (P), Alangiyam Road Ward No 1; Chittravuthanpalayam (R.V) Koundachipudur (P), Anandhajothi Valagam Ward",Indirani.T,,186,879,21.16,False
132,"Panchayat Union Elementary School, Kondarasampalayam 638657, South facing Building,East Nagar Ward No 1 Portion","Chittravuthanpalayam (R.V) Koundachipudur (P), Seethakadu Ward No 1; Chittravuthanpalayam (R.V) Koundachipudur (P), Udumalai Road ( Salavaiyalar; Chittravuthanpalayam (R.V) Koundachipudur (P), Alangiyam Road Ward No 1; Chittravuthanpalayam (R.V) Koundachipudur (P), Anandhajothi Valagam Ward",Sathyabama.P,,412,879,46.87,True
132,"Panchayat Union Elementary School, Kondarasampalayam 638657, South facing Building,East Nagar Ward No 1 Portion","Chittravuthanpalayam (R.V) Koundachipudur (P), Seethakadu Ward No 1; Chittravuthanpalayam (R.V) Koundachipudur (P), Udumalai Road ( Salavaiyalar; Chittravuthanpalayam (R.V) Koundachipudur (P), Alangiyam Road Ward No 1; Chittravuthanpalayam (R.V) Koundachipudur (P), Anandhajothi Valagam Ward",Dhivya,,35,879,3.98,False
132,"Panchayat Union Elementary School, Kondarasampalayam 638657, South facing Building,East Nagar Ward No 1 Portion","Chittravuthanpalayam (R.V) Koundachipudur (P), Seethakadu Ward No 1; Chittravuthanpalayam (R.V) Koundachipudur (P), Udumalai Road ( Salavaiyalar; Chittravuthanpalayam (R.V) Koundachipudur (P), Alangiyam Road Ward No 1; Chittravuthanpalayam (R.V) Koundachipudur (P), Anandhajothi Valagam Ward",Gowri Chitra,,238,879,27.08,False
132,"Panchayat Union Elementary School, Kondarasampalayam 638657, South facing Building,East Nagar Ward No 1 Portion","Chittravuthanpalayam (R.V) Koundachipudur (P), Seethakadu Ward No 1; Chittravuthanpalayam (R.V) Koundachipudur (P), Udumalai Road ( Salavaiyalar; Chittravuthanpalayam (R.V) Koundachipudur (P), Alangiyam Road Ward No 1; Chittravuthanpalayam (R.V) Koundachipudur (P), Anandhajothi Valagam Ward",Ananthi.S,,0,879,0.0,False
132,"Panchayat Union Elementary School, Kondarasampalayam 638657, South facing Building,East Nagar Ward No 1 Portion","Chittravuthanpalayam (R.V) Koundachipudur (P), Seethakadu Ward No 1; Chittravuthanpalayam (R.V) Koundachipudur (P), Udumalai Road ( Salavaiyalar; Chittravuthanpalayam (R.V) Koundachipudur (P), Alangiyam Road Ward No 1; Chittravuthanpalayam (R.V) Koundachipudur (P), Anandhajothi Valagam Ward",Indhirani.C,,0,879,0.0,False
132,"Panchayat Union Elementary School, Kondarasampalayam 638657, South facing Building,East Nagar Ward No 1 Portion","Chittravuthanpalayam (R.V) Koundachipudur (P), Seethakadu Ward No 1; Chittravuthanpalayam (R.V) Koundachipudur (P), Udumalai Road ( Salavaiyalar; Chittravuthanpalayam (R.V) Koundachipudur (P), Alangiyam Road Ward No 1; Chittravuthanpalayam (R.V) Koundachipudur (P), Anandhajothi Valagam Ward",Gowri.P,,1,879,0.11,False
132,"Panchayat Union Elementary School, Kondarasampalayam 638657, South facing Building,East Nagar Ward No 1 Portion","Chittravuthanpalayam (R.V) Koundachipudur (P), Seethakadu Ward No 1; Chittravuthanpalayam (R.V) Koundachipudur (P), Udumalai Road ( Salavaiyalar; Chittravuthanpalayam (R.V) Koundachipudur (P), Alangiyam Road Ward No 1; Chittravuthanpalayam (R.V) Koundachipudur (P), Anandhajothi Valagam Ward",Mohanraj.M,,0,879,0.0,False
132,"Panchayat Union Elementary School, Kondarasampalayam 638657, South facing Building,East Nagar Ward No 1 Portion","Chittravuthanpalayam (R.V) Koundachipudur (P), Seethakadu Ward No 1; Chittravuthanpalayam (R.V) Koundachipudur (P), Udumalai Road ( Salavaiyalar; Chittravuthanpalayam (R.V) Koundachipudur (P), Alangiyam Road Ward No 1; Chittravuthanpalayam (R.V) Koundachipudur (P), Anandhajothi Valagam Ward",Rohini.S,,1,879,0.11,False
132,"Panchayat Union Elementary School, Kondarasampalayam 638657, South facing Building,East Nagar Ward No 1 Portion","Chittravuthanpalayam (R.V) Koundachipudur (P), Seethakadu Ward No 1; Chittravuthanpalayam (R.V) Koundachipudur (P), Udumalai Road ( Salavaiyalar; Chittravuthanpalayam (R.V) Koundachipudur (P), Alangiyam Road Ward No 1; Chittravuthanpalayam (R.V) Koundachipudur (P), Anandhajothi Valagam Ward",NOTA,NOTA,6,879,0.68,False
133,"Anganwadi Centre, No 1 Kondarasampalayam, South Facing Building Annanagar Ward NAS Nagar, Kumaran Nagar ,Kurunchi Nagar","Chittravuthanpalayam (R.V) Koundachipudur (P), West Harijanacolony; Chittravuthanpalayam (R.V) Koundachipudur (P), VinobaNagar ,Serannagar ,",Indirani.T,,213,679,31.37,False
133,"Anganwadi Centre, No 1 Kondarasampalayam, South Facing Building Annanagar Ward NAS Nagar, Kumaran Nagar ,Kurunchi Nagar","Chittravuthanpalayam (R.V) Koundachipudur (P), West Harijanacolony; Chittravuthanpalayam (R.V) Koundachipudur (P), VinobaNagar ,Serannagar ,",Sathyabama.P,,292,679,43.0,True
133,"Anganwadi Centre, No 1 Kondarasampalayam, South Facing Building Annanagar Ward NAS Nagar, Kumaran Nagar ,Kurunchi Nagar","Chittravuthanpalayam (R.V) Koundachipudur (P), West Harijanacolony; Chittravuthanpalayam (R.V) Koundachipudur (P), VinobaNagar ,Serannagar ,",Dhivya,,24,679,3.53,False
133,"Anganwadi Centre, No 1 Kondarasampalayam, South Facing Building Annanagar Ward NAS Nagar, Kumaran Nagar ,Kurunchi Nagar","Chittravuthanpalayam (R.V) Koundachipudur (P), West Harijanacolony; Chittravuthanpalayam (R.V) Koundachipudur (P), VinobaNagar ,Serannagar ,",Gowri Chitra,,146,679,21.5,False
133,"Anganwadi Centre, No 1 Kondarasampalayam, South Facing Building Annanagar Ward NAS Nagar, Kumaran Nagar ,Kurunchi Nagar","Chittravuthanpalayam (R.V) Koundachipudur (P), West Harijanacolony; Chittravuthanpalayam (R.V) Koundachipudur (P), VinobaNagar ,Serannagar ,",Ananthi.S,,0,679,0.0,False
133,"Anganwadi Centre, No 1 Kondarasampalayam, South Facing Building Annanagar Ward NAS Nagar, Kumaran Nagar ,Kurunchi Nagar","Chittravuthanpalayam (R.V) Koundachipudur (P), West Harijanacolony; Chittravuthanpalayam (R.V) Koundachipudur (P), VinobaNagar ,Serannagar ,",Indhirani.C,,0,679,0.0,False
133,"Anganwadi Centre, No 1 Kondarasampalayam, South Facing Building Annanagar Ward NAS Nagar, Kumaran Nagar ,Kurunchi Nagar","Chittravuthanpalayam (R.V) Koundachipudur (P), West Harijanacolony; Chittravuthanpalayam (R.V) Koundachipudur (P), VinobaNagar ,Serannagar ,",Gowri.P,,0,679,0.0,False
133,"Anganwadi Centre, No 1 Kondarasampalayam, South Facing Building Annanagar Ward NAS Nagar, Kumaran Nagar ,Kurunchi Nagar","Chittravuthanpalayam (R.V) Koundachipudur (P), West Harijanacolony; Chittravuthanpalayam (R.V) Koundachipudur (P), VinobaNagar ,Serannagar ,",Mohanraj.M,,0,679,0.0,False
133,"Anganwadi Centre, No 1 Kondarasampalayam, South Facing Building Annanagar Ward NAS Nagar, Kumaran Nagar ,Kurunchi Nagar","Chittravuthanpalayam (R.V) Koundachipudur (P), West Harijanacolony; Chittravuthanpalayam (R.V) Koundachipudur (P), VinobaNagar ,Serannagar ,",Rohini.S,,2,679,0.29,False
133,"Anganwadi Centre, No 1 Kondarasampalayam, South Facing Building Annanagar Ward NAS Nagar, Kumaran Nagar ,Kurunchi Nagar","Chittravuthanpalayam (R.V) Koundachipudur (P), West Harijanacolony; Chittravuthanpalayam (R.V) Koundachipudur (P), VinobaNagar ,Serannagar ,",NOTA,NOTA,2,679,0.29,False
134,"Mpl.Middle School, Kolinjivadi- 638673,Building Facing North (East Portion)",Dharapuram (M) Uppuduraipalayam Ward No 10,Indirani.T,,169,780,21.67,False
134,"Mpl.Middle School, Kolinjivadi- 638673,Building Facing North (East Portion)",Dharapuram (M) Uppuduraipalayam Ward No 10,Sathyabama.P,,292,780,37.44,True
134,"Mpl.Middle School, Kolinjivadi- 638673,Building Facing North (East Portion)",Dharapuram (M) Uppuduraipalayam Ward No 10,Dhivya,,28,780,3.59,False
134,"Mpl.Middle School, Kolinjivadi- 638673,Building Facing North (East Portion)",Dharapuram (M) Uppuduraipalayam Ward No 10,Gowri Chitra,,286,780,36.67,False
134,"Mpl.Middle School, Kolinjivadi- 638673,Building Facing North (East Portion)",Dharapuram (M) Uppuduraipalayam Ward No 10,Ananthi.S,,0,780,0.0,False
134,"Mpl.Middle School, Kolinjivadi- 638673,Building Facing North (East Portion)",Dharapuram (M) Uppuduraipalayam Ward No 10,Indhirani.C,,0,780,0.0,False
134,"Mpl.Middle School, Kolinjivadi- 638673,Building Facing North (East Portion)",Dharapuram (M) Uppuduraipalayam Ward No 10,Gowri.P,,0,780,0.0,False
134,"Mpl.Middle School, Kolinjivadi- 638673,Building Facing North (East Portion)",Dharapuram (M) Uppuduraipalayam Ward No 10,Mohanraj.M,,0,780,0.0,False
134,"Mpl.Middle School, Kolinjivadi- 638673,Building Facing North (East Portion)",Dharapuram (M) Uppuduraipalayam Ward No 10,Rohini.S,,2,780,0.26,False
134,"Mpl.Middle School, Kolinjivadi- 638673,Building Facing North (East Portion)",Dharapuram (M) Uppuduraipalayam Ward No 10,NOTA,NOTA,3,780,0.38,False
135,"Mpl.Middle School, Kolinjivadi- 638673,South Facing Building (West Portion)",Dharapuram (M) Uppuduraipalayam Harijanastreet Ward No 10; Dharapuram (M) Arasupalli Palayam Ward No 10,Indirani.T,,347,617,56.24,True
135,"Mpl.Middle School, Kolinjivadi- 638673,South Facing Building (West Portion)",Dharapuram (M) Uppuduraipalayam Harijanastreet Ward No 10; Dharapuram (M) Arasupalli Palayam Ward No 10,Sathyabama.P,,90,617,14.59,False
135,"Mpl.Middle School, Kolinjivadi- 638673,South Facing Building (West Portion)",Dharapuram (M) Uppuduraipalayam Harijanastreet Ward No 10; Dharapuram (M) Arasupalli Palayam Ward No 10,Dhivya,,13,617,2.11,False
135,"Mpl.Middle School, Kolinjivadi- 638673,South Facing Building (West Portion)",Dharapuram (M) Uppuduraipalayam Harijanastreet Ward No 10; Dharapuram (M) Arasupalli Palayam Ward No 10,Gowri Chitra,,162,617,26.26,False
135,"Mpl.Middle School, Kolinjivadi- 638673,South Facing Building (West Portion)",Dharapuram (M) Uppuduraipalayam Harijanastreet Ward No 10; Dharapuram (M) Arasupalli Palayam Ward No 10,Ananthi.S,,0,617,0.0,False
135,"Mpl.Middle School, Kolinjivadi- 638673,South Facing Building (West Portion)",Dharapuram (M) Uppuduraipalayam Harijanastreet Ward No 10; Dharapuram (M) Arasupalli Palayam Ward No 10,Indhirani.C,,0,617,0.0,False
135,"Mpl.Middle School, Kolinjivadi- 638673,South Facing Building (West Portion)",Dharapuram (M) Uppuduraipalayam Harijanastreet Ward No 10; Dharapuram (M) Arasupalli Palayam Ward No 10,Gowri.P,,0,617,0.0,False
135,"Mpl.Middle School, Kolinjivadi- 638673,South Facing Building (West Portion)",Dharapuram (M) Uppuduraipalayam Harijanastreet Ward No 10; Dharapuram (M) Arasupalli Palayam Ward No 10,Mohanraj.M,,0,617,0.0,False
135,"Mpl.Middle School, Kolinjivadi- 638673,South Facing Building (West Portion)",Dharapuram (M) Uppuduraipalayam Harijanastreet Ward No 10; Dharapuram (M) Arasupalli Palayam Ward No 10,Rohini.S,,0,617,0.0,False
135,"Mpl.Middle School, Kolinjivadi- 638673,South Facing Building (West Portion)",Dharapuram (M) Uppuduraipalayam Harijanastreet Ward No 10; Dharapuram (M) Arasupalli Palayam Ward No 10,NOTA,NOTA,5,617,0.81,False
136,"Mpl.Middle School, Kolinjivadi- 638673,Building facing North (West side Room) Eastern side building of North-South Road)",Dharapuram (M) Meenakshipuram ward No.9,Indirani.T,,213,589,36.16,True
136,"Mpl.Middle School, Kolinjivadi- 638673,Building facing North (West side Room) Eastern side building of North-South Road)",Dharapuram (M) Meenakshipuram ward No.9,Sathyabama.P,,164,589,27.84,False
136,"Mpl.Middle School, Kolinjivadi- 638673,Building facing North (West side Room) Eastern side building of North-South Road)",Dharapuram (M) Meenakshipuram ward No.9,Dhivya,,7,589,1.19,False
136,"Mpl.Middle School, Kolinjivadi- 638673,Building facing North (West side Room) Eastern side building of North-South Road)",Dharapuram (M) Meenakshipuram ward No.9,Gowri Chitra,,201,589,34.13,False
136,"Mpl.Middle School, Kolinjivadi- 638673,Building facing North (West side Room) Eastern side building of North-South Road)",Dharapuram (M) Meenakshipuram ward No.9,Ananthi.S,,0,589,0.0,False
136,"Mpl.Middle School, Kolinjivadi- 638673,Building facing North (West side Room) Eastern side building of North-South Road)",Dharapuram (M) Meenakshipuram ward No.9,Indhirani.C,,0,589,0.0,False
136,"Mpl.Middle School, Kolinjivadi- 638673,Building facing North (West side Room) Eastern side building of North-South Road)",Dharapuram (M) Meenakshipuram ward No.9,Gowri.P,,1,589,0.17,False
136,"Mpl.Middle School, Kolinjivadi- 638673,Building facing North (West side Room) Eastern side building of North-South Road)",Dharapuram (M) Meenakshipuram ward No.9,Mohanraj.M,,0,589,0.0,False
136,"Mpl.Middle School, Kolinjivadi- 638673,Building facing North (West side Room) Eastern side building of North-South Road)",Dharapuram (M) Meenakshipuram ward No.9,Rohini.S,,1,589,0.17,False
136,"Mpl.Middle School, Kolinjivadi- 638673,Building facing North (West side Room) Eastern side building of North-South Road)",Dharapuram (M) Meenakshipuram ward No.9,NOTA,NOTA,2,589,0.34,False
137,"Mpl.Middle School, Kolinjivadi- 638673,Building facing North (Center Room) Eastern side building of North-South Road",Dharapuram (M) Sokkanathapalayam Ward No 9,Indirani.T,,370,663,55.81,True
137,"Mpl.Middle School, Kolinjivadi- 638673,Building facing North (Center Room) Eastern side building of North-South Road",Dharapuram (M) Sokkanathapalayam Ward No 9,Sathyabama.P,,112,663,16.89,False
137,"Mpl.Middle School, Kolinjivadi- 638673,Building facing North (Center Room) Eastern side building of North-South Road",Dharapuram (M) Sokkanathapalayam Ward No 9,Dhivya,,11,663,1.66,False
137,"Mpl.Middle School, Kolinjivadi- 638673,Building facing North (Center Room) Eastern side building of North-South Road",Dharapuram (M) Sokkanathapalayam Ward No 9,Gowri Chitra,,168,663,25.34,False
137,"Mpl.Middle School, Kolinjivadi- 638673,Building facing North (Center Room) Eastern side building of North-South Road",Dharapuram (M) Sokkanathapalayam Ward No 9,Ananthi.S,,0,663,0.0,False
137,"Mpl.Middle School, Kolinjivadi- 638673,Building facing North (Center Room) Eastern side building of North-South Road",Dharapuram (M) Sokkanathapalayam Ward No 9,Indhirani.C,,0,663,0.0,False
137,"Mpl.Middle School, Kolinjivadi- 638673,Building facing North (Center Room) Eastern side building of North-South Road",Dharapuram (M) Sokkanathapalayam Ward No 9,Gowri.P,,0,663,0.0,False
137,"Mpl.Middle School, Kolinjivadi- 638673,Building facing North (Center Room) Eastern side building of North-South Road",Dharapuram (M) Sokkanathapalayam Ward No 9,Mohanraj.M,,0,663,0.0,False
137,"Mpl.Middle School, Kolinjivadi- 638673,Building facing North (Center Room) Eastern side building of North-South Road",Dharapuram (M) Sokkanathapalayam Ward No 9,Rohini.S,,0,663,0.0,False
137,"Mpl.Middle School, Kolinjivadi- 638673,Building facing North (Center Room) Eastern side building of North-South Road",Dharapuram (M) Sokkanathapalayam Ward No 9,NOTA,NOTA,2,663,0.3,False
138,"Mpl.Middle School, Kolinjivadi- 638673,Building facing North (East side Room) Eastern side building of North South Road)(5th Std)",Dharapuram (M) Kolinjivadi Agraharam ward No 8; Dharapuram (M) Kolinjivadi Kuddi Theru Ward No 8,Indirani.T,,160,498,32.13,False
138,"Mpl.Middle School, Kolinjivadi- 638673,Building facing North (East side Room) Eastern side building of North South Road)(5th Std)",Dharapuram (M) Kolinjivadi Agraharam ward No 8; Dharapuram (M) Kolinjivadi Kuddi Theru Ward No 8,Sathyabama.P,,182,498,36.55,True
138,"Mpl.Middle School, Kolinjivadi- 638673,Building facing North (East side Room) Eastern side building of North South Road)(5th Std)",Dharapuram (M) Kolinjivadi Agraharam ward No 8; Dharapuram (M) Kolinjivadi Kuddi Theru Ward No 8,Dhivya,,25,498,5.02,False
138,"Mpl.Middle School, Kolinjivadi- 638673,Building facing North (East side Room) Eastern side building of North South Road)(5th Std)",Dharapuram (M) Kolinjivadi Agraharam ward No 8; Dharapuram (M) Kolinjivadi Kuddi Theru Ward No 8,Gowri Chitra,,126,498,25.3,False
138,"Mpl.Middle School, Kolinjivadi- 638673,Building facing North (East side Room) Eastern side building of North South Road)(5th Std)",Dharapuram (M) Kolinjivadi Agraharam ward No 8; Dharapuram (M) Kolinjivadi Kuddi Theru Ward No 8,Ananthi.S,,0,498,0.0,False
138,"Mpl.Middle School, Kolinjivadi- 638673,Building facing North (East side Room) Eastern side building of North South Road)(5th Std)",Dharapuram (M) Kolinjivadi Agraharam ward No 8; Dharapuram (M) Kolinjivadi Kuddi Theru Ward No 8,Indhirani.C,,1,498,0.2,False
138,"Mpl.Middle School, Kolinjivadi- 638673,Building facing North (East side Room) Eastern side building of North South Road)(5th Std)",Dharapuram (M) Kolinjivadi Agraharam ward No 8; Dharapuram (M) Kolinjivadi Kuddi Theru Ward No 8,Gowri.P,,0,498,0.0,False
138,"Mpl.Middle School, Kolinjivadi- 638673,Building facing North (East side Room) Eastern side building of North South Road)(5th Std)",Dharapuram (M) Kolinjivadi Agraharam ward No 8; Dharapuram (M) Kolinjivadi Kuddi Theru Ward No 8,Mohanraj.M,,0,498,0.0,False
138,"Mpl.Middle School, Kolinjivadi- 638673,Building facing North (East side Room) Eastern side building of North South Road)(5th Std)",Dharapuram (M) Kolinjivadi Agraharam ward No 8; Dharapuram (M) Kolinjivadi Kuddi Theru Ward No 8,Rohini.S,,0,498,0.0,False
138,"Mpl.Middle School, Kolinjivadi- 638673,Building facing North (East side Room) Eastern side building of North South Road)(5th Std)",Dharapuram (M) Kolinjivadi Agraharam ward No 8; Dharapuram (M) Kolinjivadi Kuddi Theru Ward No 8,NOTA,NOTA,4,498,0.8,False
139,"Mpl.Middle School, Kolinjivadi- 638673,Building facing North (East side Room) Eastern side building of North South Road) (Store Room)",Dharapuram (M) Kolinjivadi Harijana Street Ward No 8; Dharapuram (M) Kolinjivadi Iratai Street Ward No.8,Indirani.T,,204,551,37.02,True
139,"Mpl.Middle School, Kolinjivadi- 638673,Building facing North (East side Room) Eastern side building of North South Road) (Store Room)",Dharapuram (M) Kolinjivadi Harijana Street Ward No 8; Dharapuram (M) Kolinjivadi Iratai Street Ward No.8,Sathyabama.P,,192,551,34.85,False
139,"Mpl.Middle School, Kolinjivadi- 638673,Building facing North (East side Room) Eastern side building of North South Road) (Store Room)",Dharapuram (M) Kolinjivadi Harijana Street Ward No 8; Dharapuram (M) Kolinjivadi Iratai Street Ward No.8,Dhivya,,12,551,2.18,False
139,"Mpl.Middle School, Kolinjivadi- 638673,Building facing North (East side Room) Eastern side building of North South Road) (Store Room)",Dharapuram (M) Kolinjivadi Harijana Street Ward No 8; Dharapuram (M) Kolinjivadi Iratai Street Ward No.8,Gowri Chitra,,141,551,25.59,False
139,"Mpl.Middle School, Kolinjivadi- 638673,Building facing North (East side Room) Eastern side building of North South Road) (Store Room)",Dharapuram (M) Kolinjivadi Harijana Street Ward No 8; Dharapuram (M) Kolinjivadi Iratai Street Ward No.8,Ananthi.S,,1,551,0.18,False
139,"Mpl.Middle School, Kolinjivadi- 638673,Building facing North (East side Room) Eastern side building of North South Road) (Store Room)",Dharapuram (M) Kolinjivadi Harijana Street Ward No 8; Dharapuram (M) Kolinjivadi Iratai Street Ward No.8,Indhirani.C,,0,551,0.0,False
139,"Mpl.Middle School, Kolinjivadi- 638673,Building facing North (East side Room) Eastern side building of North South Road) (Store Room)",Dharapuram (M) Kolinjivadi Harijana Street Ward No 8; Dharapuram (M) Kolinjivadi Iratai Street Ward No.8,Gowri.P,,0,551,0.0,False
139,"Mpl.Middle School, Kolinjivadi- 638673,Building facing North (East side Room) Eastern side building of North South Road) (Store Room)",Dharapuram (M) Kolinjivadi Harijana Street Ward No 8; Dharapuram (M) Kolinjivadi Iratai Street Ward No.8,Mohanraj.M,,0,551,0.0,False
139,"Mpl.Middle School, Kolinjivadi- 638673,Building facing North (East side Room) Eastern side building of North South Road) (Store Room)",Dharapuram (M) Kolinjivadi Harijana Street Ward No 8; Dharapuram (M) Kolinjivadi Iratai Street Ward No.8,Rohini.S,,1,551,0.18,False
139,"Mpl.Middle School, Kolinjivadi- 638673,Building facing North (East side Room) Eastern side building of North South Road) (Store Room)",Dharapuram (M) Kolinjivadi Harijana Street Ward No 8; Dharapuram (M) Kolinjivadi Iratai Street Ward No.8,NOTA,NOTA,0,551,0.0,False
140,"Govt.Higher Sec.School, Dharapuram-638656,North facing building West Portion (Room No.52)",Dharapuram (M) Anumanthapuram Ahraharam Ward No 11; OVERSEAS ELECTORS,Indirani.T,,116,498,23.29,False
140,"Govt.Higher Sec.School, Dharapuram-638656,North facing building West Portion (Room No.52)",Dharapuram (M) Anumanthapuram Ahraharam Ward No 11; OVERSEAS ELECTORS,Sathyabama.P,,210,498,42.17,True
140,"Govt.Higher Sec.School, Dharapuram-638656,North facing building West Portion (Room No.52)",Dharapuram (M) Anumanthapuram Ahraharam Ward No 11; OVERSEAS ELECTORS,Dhivya,,13,498,2.61,False
140,"Govt.Higher Sec.School, Dharapuram-638656,North facing building West Portion (Room No.52)",Dharapuram (M) Anumanthapuram Ahraharam Ward No 11; OVERSEAS ELECTORS,Gowri Chitra,,155,498,31.12,False
140,"Govt.Higher Sec.School, Dharapuram-638656,North facing building West Portion (Room No.52)",Dharapuram (M) Anumanthapuram Ahraharam Ward No 11; OVERSEAS ELECTORS,Ananthi.S,,0,498,0.0,False
140,"Govt.Higher Sec.School, Dharapuram-638656,North facing building West Portion (Room No.52)",Dharapuram (M) Anumanthapuram Ahraharam Ward No 11; OVERSEAS ELECTORS,Indhirani.C,,0,498,0.0,False
140,"Govt.Higher Sec.School, Dharapuram-638656,North facing building West Portion (Room No.52)",Dharapuram (M) Anumanthapuram Ahraharam Ward No 11; OVERSEAS ELECTORS,Gowri.P,,0,498,0.0,False
140,"Govt.Higher Sec.School, Dharapuram-638656,North facing building West Portion (Room No.52)",Dharapuram (M) Anumanthapuram Ahraharam Ward No 11; OVERSEAS ELECTORS,Mohanraj.M,,0,498,0.0,False
140,"Govt.Higher Sec.School, Dharapuram-638656,North facing building West Portion (Room No.52)",Dharapuram (M) Anumanthapuram Ahraharam Ward No 11; OVERSEAS ELECTORS,Rohini.S,,1,498,0.2,False
140,"Govt.Higher Sec.School, Dharapuram-638656,North facing building West Portion (Room No.52)",Dharapuram (M) Anumanthapuram Ahraharam Ward No 11; OVERSEAS ELECTORS,NOTA,NOTA,3,498,0.6,False
141,"Govt.Higher Sec.School, Dharapuram,North facing Building, East Portion (Room No.51)",Dharapuram (M) Anumanthapuram Kuddi Theru Ward No 11; Dharapuram (M) V.M.Kandasamy Nagar Ward No.11,Indirani.T,,136,507,26.82,False
141,"Govt.Higher Sec.School, Dharapuram,North facing Building, East Portion (Room No.51)",Dharapuram (M) Anumanthapuram Kuddi Theru Ward No 11; Dharapuram (M) V.M.Kandasamy Nagar Ward No.11,Sathyabama.P,,168,507,33.14,False
141,"Govt.Higher Sec.School, Dharapuram,North facing Building, East Portion (Room No.51)",Dharapuram (M) Anumanthapuram Kuddi Theru Ward No 11; Dharapuram (M) V.M.Kandasamy Nagar Ward No.11,Dhivya,,15,507,2.96,False
141,"Govt.Higher Sec.School, Dharapuram,North facing Building, East Portion (Room No.51)",Dharapuram (M) Anumanthapuram Kuddi Theru Ward No 11; Dharapuram (M) V.M.Kandasamy Nagar Ward No.11,Gowri Chitra,,186,507,36.69,True
141,"Govt.Higher Sec.School, Dharapuram,North facing Building, East Portion (Room No.51)",Dharapuram (M) Anumanthapuram Kuddi Theru Ward No 11; Dharapuram (M) V.M.Kandasamy Nagar Ward No.11,Ananthi.S,,0,507,0.0,False
141,"Govt.Higher Sec.School, Dharapuram,North facing Building, East Portion (Room No.51)",Dharapuram (M) Anumanthapuram Kuddi Theru Ward No 11; Dharapuram (M) V.M.Kandasamy Nagar Ward No.11,Indhirani.C,,0,507,0.0,False
141,"Govt.Higher Sec.School, Dharapuram,North facing Building, East Portion (Room No.51)",Dharapuram (M) Anumanthapuram Kuddi Theru Ward No 11; Dharapuram (M) V.M.Kandasamy Nagar Ward No.11,Gowri.P,,0,507,0.0,False
141,"Govt.Higher Sec.School, Dharapuram,North facing Building, East Portion (Room No.51)",Dharapuram (M) Anumanthapuram Kuddi Theru Ward No 11; Dharapuram (M) V.M.Kandasamy Nagar Ward No.11,Mohanraj.M,,0,507,0.0,False
141,"Govt.Higher Sec.School, Dharapuram,North facing Building, East Portion (Room No.51)",Dharapuram (M) Anumanthapuram Kuddi Theru Ward No 11; Dharapuram (M) V.M.Kandasamy Nagar Ward No.11,Rohini.S,,0,507,0.0,False
141,"Govt.Higher Sec.School, Dharapuram,North facing Building, East Portion (Room No.51)",Dharapuram (M) Anumanthapuram Kuddi Theru Ward No 11; Dharapuram (M) V.M.Kandasamy Nagar Ward No.11,NOTA,NOTA,2,507,0.39,False
142,"Govt.Higher Sec.School, Dharapuram,South facing RCC building (East Portion) Room No-21",Dharapuram (M) Solakkadai Street Ward No.7; Dharapuram (M) Kottai Mettu Theru Ward No 7,Indirani.T,,277,742,37.33,True
142,"Govt.Higher Sec.School, Dharapuram,South facing RCC building (East Portion) Room No-21",Dharapuram (M) Solakkadai Street Ward No.7; Dharapuram (M) Kottai Mettu Theru Ward No 7,Sathyabama.P,,173,742,23.32,False
142,"Govt.Higher Sec.School, Dharapuram,South facing RCC building (East Portion) Room No-21",Dharapuram (M) Solakkadai Street Ward No.7; Dharapuram (M) Kottai Mettu Theru Ward No 7,Dhivya,,12,742,1.62,False
142,"Govt.Higher Sec.School, Dharapuram,South facing RCC building (East Portion) Room No-21",Dharapuram (M) Solakkadai Street Ward No.7; Dharapuram (M) Kottai Mettu Theru Ward No 7,Gowri Chitra,,275,742,37.06,False
142,"Govt.Higher Sec.School, Dharapuram,South facing RCC building (East Portion) Room No-21",Dharapuram (M) Solakkadai Street Ward No.7; Dharapuram (M) Kottai Mettu Theru Ward No 7,Ananthi.S,,1,742,0.13,False
142,"Govt.Higher Sec.School, Dharapuram,South facing RCC building (East Portion) Room No-21",Dharapuram (M) Solakkadai Street Ward No.7; Dharapuram (M) Kottai Mettu Theru Ward No 7,Indhirani.C,,2,742,0.27,False
142,"Govt.Higher Sec.School, Dharapuram,South facing RCC building (East Portion) Room No-21",Dharapuram (M) Solakkadai Street Ward No.7; Dharapuram (M) Kottai Mettu Theru Ward No 7,Gowri.P,,0,742,0.0,False
142,"Govt.Higher Sec.School, Dharapuram,South facing RCC building (East Portion) Room No-21",Dharapuram (M) Solakkadai Street Ward No.7; Dharapuram (M) Kottai Mettu Theru Ward No 7,Mohanraj.M,,1,742,0.13,False
142,"Govt.Higher Sec.School, Dharapuram,South facing RCC building (East Portion) Room No-21",Dharapuram (M) Solakkadai Street Ward No.7; Dharapuram (M) Kottai Mettu Theru Ward No 7,Rohini.S,,0,742,0.0,False
142,"Govt.Higher Sec.School, Dharapuram,South facing RCC building (East Portion) Room No-21",Dharapuram (M) Solakkadai Street Ward No.7; Dharapuram (M) Kottai Mettu Theru Ward No 7,NOTA,NOTA,1,742,0.13,False
143,"Govt.Higher Sec.School, Dharapuram,South facing RCC building (West Portion) Room No-23",Dharapuram (M) Sollakadai Kurruku Street Ward No 7; Dharapuram (M) Kaliamman Kovil Street Ward No 7,Indirani.T,,196,847,23.14,False
143,"Govt.Higher Sec.School, Dharapuram,South facing RCC building (West Portion) Room No-23",Dharapuram (M) Sollakadai Kurruku Street Ward No 7; Dharapuram (M) Kaliamman Kovil Street Ward No 7,Sathyabama.P,,287,847,33.88,False
143,"Govt.Higher Sec.School, Dharapuram,South facing RCC building (West Portion) Room No-23",Dharapuram (M) Sollakadai Kurruku Street Ward No 7; Dharapuram (M) Kaliamman Kovil Street Ward No 7,Dhivya,,26,847,3.07,False
143,"Govt.Higher Sec.School, Dharapuram,South facing RCC building (West Portion) Room No-23",Dharapuram (M) Sollakadai Kurruku Street Ward No 7; Dharapuram (M) Kaliamman Kovil Street Ward No 7,Gowri Chitra,,331,847,39.08,True
143,"Govt.Higher Sec.School, Dharapuram,South facing RCC building (West Portion) Room No-23",Dharapuram (M) Sollakadai Kurruku Street Ward No 7; Dharapuram (M) Kaliamman Kovil Street Ward No 7,Ananthi.S,,0,847,0.0,False
143,"Govt.Higher Sec.School, Dharapuram,South facing RCC building (West Portion) Room No-23",Dharapuram (M) Sollakadai Kurruku Street Ward No 7; Dharapuram (M) Kaliamman Kovil Street Ward No 7,Indhirani.C,,2,847,0.24,False
143,"Govt.Higher Sec.School, Dharapuram,South facing RCC building (West Portion) Room No-23",Dharapuram (M) Sollakadai Kurruku Street Ward No 7; Dharapuram (M) Kaliamman Kovil Street Ward No 7,Gowri.P,,0,847,0.0,False
143,"Govt.Higher Sec.School, Dharapuram,South facing RCC building (West Portion) Room No-23",Dharapuram (M) Sollakadai Kurruku Street Ward No 7; Dharapuram (M) Kaliamman Kovil Street Ward No 7,Mohanraj.M,,1,847,0.12,False
143,"Govt.Higher Sec.School, Dharapuram,South facing RCC building (West Portion) Room No-23",Dharapuram (M) Sollakadai Kurruku Street Ward No 7; Dharapuram (M) Kaliamman Kovil Street Ward No 7,Rohini.S,,2,847,0.24,False
143,"Govt.Higher Sec.School, Dharapuram,South facing RCC building (West Portion) Room No-23",Dharapuram (M) Sollakadai Kurruku Street Ward No 7; Dharapuram (M) Kaliamman Kovil Street Ward No 7,NOTA,NOTA,2,847,0.24,False
144,"Municipal Middle School, O.P.S.Road, Dharapuram, West facing building, North Portion",Dharapuram (M) Jawlikadai Street Ward No 12 and 17; Dharapuram (M) Chairman Street Ward No 12; Dharapuram (M) Mariamman Kovil Street Ward No 12,Indirani.T,,238,750,31.73,False
144,"Municipal Middle School, O.P.S.Road, Dharapuram, West facing building, North Portion",Dharapuram (M) Jawlikadai Street Ward No 12 and 17; Dharapuram (M) Chairman Street Ward No 12; Dharapuram (M) Mariamman Kovil Street Ward No 12,Sathyabama.P,,213,750,28.4,False
144,"Municipal Middle School, O.P.S.Road, Dharapuram, West facing building, North Portion",Dharapuram (M) Jawlikadai Street Ward No 12 and 17; Dharapuram (M) Chairman Street Ward No 12; Dharapuram (M) Mariamman Kovil Street Ward No 12,Dhivya,,24,750,3.2,False
144,"Municipal Middle School, O.P.S.Road, Dharapuram, West facing building, North Portion",Dharapuram (M) Jawlikadai Street Ward No 12 and 17; Dharapuram (M) Chairman Street Ward No 12; Dharapuram (M) Mariamman Kovil Street Ward No 12,Gowri Chitra,,272,750,36.27,True
144,"Municipal Middle School, O.P.S.Road, Dharapuram, West facing building, North Portion",Dharapuram (M) Jawlikadai Street Ward No 12 and 17; Dharapuram (M) Chairman Street Ward No 12; Dharapuram (M) Mariamman Kovil Street Ward No 12,Ananthi.S,,2,750,0.27,False
144,"Municipal Middle School, O.P.S.Road, Dharapuram, West facing building, North Portion",Dharapuram (M) Jawlikadai Street Ward No 12 and 17; Dharapuram (M) Chairman Street Ward No 12; Dharapuram (M) Mariamman Kovil Street Ward No 12,Indhirani.C,,0,750,0.0,False
144,"Municipal Middle School, O.P.S.Road, Dharapuram, West facing building, North Portion",Dharapuram (M) Jawlikadai Street Ward No 12 and 17; Dharapuram (M) Chairman Street Ward No 12; Dharapuram (M) Mariamman Kovil Street Ward No 12,Gowri.P,,0,750,0.0,False
144,"Municipal Middle School, O.P.S.Road, Dharapuram, West facing building, North Portion",Dharapuram (M) Jawlikadai Street Ward No 12 and 17; Dharapuram (M) Chairman Street Ward No 12; Dharapuram (M) Mariamman Kovil Street Ward No 12,Mohanraj.M,,0,750,0.0,False
144,"Municipal Middle School, O.P.S.Road, Dharapuram, West facing building, North Portion",Dharapuram (M) Jawlikadai Street Ward No 12 and 17; Dharapuram (M) Chairman Street Ward No 12; Dharapuram (M) Mariamman Kovil Street Ward No 12,Rohini.S,,0,750,0.0,False
144,"Municipal Middle School, O.P.S.Road, Dharapuram, West facing building, North Portion",Dharapuram (M) Jawlikadai Street Ward No 12 and 17; Dharapuram (M) Chairman Street Ward No 12; Dharapuram (M) Mariamman Kovil Street Ward No 12,NOTA,NOTA,1,750,0.13,False
145,"Noon Meal Centre, Jinnamaidanam, Dharapuram,Building Facing East","Dharapuram (M) Aththar Majith Theru Ward No 5; Dharapuram (M) Muslim Theru Ward No 6; Dharapuram (M), Jamal Puthur Ward No 5",Indirani.T,,476,619,76.9,True
145,"Noon Meal Centre, Jinnamaidanam, Dharapuram,Building Facing East","Dharapuram (M) Aththar Majith Theru Ward No 5; Dharapuram (M) Muslim Theru Ward No 6; Dharapuram (M), Jamal Puthur Ward No 5",Sathyabama.P,,21,619,3.39,False
145,"Noon Meal Centre, Jinnamaidanam, Dharapuram,Building Facing East","Dharapuram (M) Aththar Majith Theru Ward No 5; Dharapuram (M) Muslim Theru Ward No 6; Dharapuram (M), Jamal Puthur Ward No 5",Dhivya,,9,619,1.45,False
145,"Noon Meal Centre, Jinnamaidanam, Dharapuram,Building Facing East","Dharapuram (M) Aththar Majith Theru Ward No 5; Dharapuram (M) Muslim Theru Ward No 6; Dharapuram (M), Jamal Puthur Ward No 5",Gowri Chitra,,109,619,17.61,False
145,"Noon Meal Centre, Jinnamaidanam, Dharapuram,Building Facing East","Dharapuram (M) Aththar Majith Theru Ward No 5; Dharapuram (M) Muslim Theru Ward No 6; Dharapuram (M), Jamal Puthur Ward No 5",Ananthi.S,,0,619,0.0,False
145,"Noon Meal Centre, Jinnamaidanam, Dharapuram,Building Facing East","Dharapuram (M) Aththar Majith Theru Ward No 5; Dharapuram (M) Muslim Theru Ward No 6; Dharapuram (M), Jamal Puthur Ward No 5",Indhirani.C,,0,619,0.0,False
145,"Noon Meal Centre, Jinnamaidanam, Dharapuram,Building Facing East","Dharapuram (M) Aththar Majith Theru Ward No 5; Dharapuram (M) Muslim Theru Ward No 6; Dharapuram (M), Jamal Puthur Ward No 5",Gowri.P,,0,619,0.0,False
145,"Noon Meal Centre, Jinnamaidanam, Dharapuram,Building Facing East","Dharapuram (M) Aththar Majith Theru Ward No 5; Dharapuram (M) Muslim Theru Ward No 6; Dharapuram (M), Jamal Puthur Ward No 5",Mohanraj.M,,0,619,0.0,False
145,"Noon Meal Centre, Jinnamaidanam, Dharapuram,Building Facing East","Dharapuram (M) Aththar Majith Theru Ward No 5; Dharapuram (M) Muslim Theru Ward No 6; Dharapuram (M), Jamal Puthur Ward No 5",Rohini.S,,0,619,0.0,False
145,"Noon Meal Centre, Jinnamaidanam, Dharapuram,Building Facing East","Dharapuram (M) Aththar Majith Theru Ward No 5; Dharapuram (M) Muslim Theru Ward No 6; Dharapuram (M), Jamal Puthur Ward No 5",NOTA,NOTA,4,619,0.65,False
146,"Mpl.Middle School, OPS Street, Dharapuram,Building Facing West (Separate Building) 8th Std",Dharapuram (M) Seerasahif Theru Ward No 6; Dharapuram (M) Raja Vaikal Muslim Theru Ward No 6; Dharapuram (M) Kollar Street Ward No 12,Indirani.T,,473,648,72.99,True
146,"Mpl.Middle School, OPS Street, Dharapuram,Building Facing West (Separate Building) 8th Std",Dharapuram (M) Seerasahif Theru Ward No 6; Dharapuram (M) Raja Vaikal Muslim Theru Ward No 6; Dharapuram (M) Kollar Street Ward No 12,Sathyabama.P,,47,648,7.25,False
146,"Mpl.Middle School, OPS Street, Dharapuram,Building Facing West (Separate Building) 8th Std",Dharapuram (M) Seerasahif Theru Ward No 6; Dharapuram (M) Raja Vaikal Muslim Theru Ward No 6; Dharapuram (M) Kollar Street Ward No 12,Dhivya,,6,648,0.93,False
146,"Mpl.Middle School, OPS Street, Dharapuram,Building Facing West (Separate Building) 8th Std",Dharapuram (M) Seerasahif Theru Ward No 6; Dharapuram (M) Raja Vaikal Muslim Theru Ward No 6; Dharapuram (M) Kollar Street Ward No 12,Gowri Chitra,,118,648,18.21,False
146,"Mpl.Middle School, OPS Street, Dharapuram,Building Facing West (Separate Building) 8th Std",Dharapuram (M) Seerasahif Theru Ward No 6; Dharapuram (M) Raja Vaikal Muslim Theru Ward No 6; Dharapuram (M) Kollar Street Ward No 12,Ananthi.S,,1,648,0.15,False
146,"Mpl.Middle School, OPS Street, Dharapuram,Building Facing West (Separate Building) 8th Std",Dharapuram (M) Seerasahif Theru Ward No 6; Dharapuram (M) Raja Vaikal Muslim Theru Ward No 6; Dharapuram (M) Kollar Street Ward No 12,Indhirani.C,,0,648,0.0,False
146,"Mpl.Middle School, OPS Street, Dharapuram,Building Facing West (Separate Building) 8th Std",Dharapuram (M) Seerasahif Theru Ward No 6; Dharapuram (M) Raja Vaikal Muslim Theru Ward No 6; Dharapuram (M) Kollar Street Ward No 12,Gowri.P,,0,648,0.0,False
146,"Mpl.Middle School, OPS Street, Dharapuram,Building Facing West (Separate Building) 8th Std",Dharapuram (M) Seerasahif Theru Ward No 6; Dharapuram (M) Raja Vaikal Muslim Theru Ward No 6; Dharapuram (M) Kollar Street Ward No 12,Mohanraj.M,,0,648,0.0,False
146,"Mpl.Middle School, OPS Street, Dharapuram,Building Facing West (Separate Building) 8th Std",Dharapuram (M) Seerasahif Theru Ward No 6; Dharapuram (M) Raja Vaikal Muslim Theru Ward No 6; Dharapuram (M) Kollar Street Ward No 12,Rohini.S,,0,648,0.0,False
146,"Mpl.Middle School, OPS Street, Dharapuram,Building Facing West (Separate Building) 8th Std",Dharapuram (M) Seerasahif Theru Ward No 6; Dharapuram (M) Raja Vaikal Muslim Theru Ward No 6; Dharapuram (M) Kollar Street Ward No 12,NOTA,NOTA,3,648,0.46,False
147,"Mpl.Middle School, OPS Street, Dharapuram,Building facing East (South Portion) 2nd Std","Dharapuram (M) Old Police Station Street Ward No 12; Dharapuram (M), West Muslim Theru Ward No 6; Dharapuram (M) V.O.C Theru Ward No 5",Indirani.T,,399,545,73.21,True
147,"Mpl.Middle School, OPS Street, Dharapuram,Building facing East (South Portion) 2nd Std","Dharapuram (M) Old Police Station Street Ward No 12; Dharapuram (M), West Muslim Theru Ward No 6; Dharapuram (M) V.O.C Theru Ward No 5",Sathyabama.P,,36,545,6.61,False
147,"Mpl.Middle School, OPS Street, Dharapuram,Building facing East (South Portion) 2nd Std","Dharapuram (M) Old Police Station Street Ward No 12; Dharapuram (M), West Muslim Theru Ward No 6; Dharapuram (M) V.O.C Theru Ward No 5",Dhivya,,8,545,1.47,False
147,"Mpl.Middle School, OPS Street, Dharapuram,Building facing East (South Portion) 2nd Std","Dharapuram (M) Old Police Station Street Ward No 12; Dharapuram (M), West Muslim Theru Ward No 6; Dharapuram (M) V.O.C Theru Ward No 5",Gowri Chitra,,96,545,17.61,False
147,"Mpl.Middle School, OPS Street, Dharapuram,Building facing East (South Portion) 2nd Std","Dharapuram (M) Old Police Station Street Ward No 12; Dharapuram (M), West Muslim Theru Ward No 6; Dharapuram (M) V.O.C Theru Ward No 5",Ananthi.S,,0,545,0.0,False
147,"Mpl.Middle School, OPS Street, Dharapuram,Building facing East (South Portion) 2nd Std","Dharapuram (M) Old Police Station Street Ward No 12; Dharapuram (M), West Muslim Theru Ward No 6; Dharapuram (M) V.O.C Theru Ward No 5",Indhirani.C,,1,545,0.18,False
147,"Mpl.Middle School, OPS Street, Dharapuram,Building facing East (South Portion) 2nd Std","Dharapuram (M) Old Police Station Street Ward No 12; Dharapuram (M), West Muslim Theru Ward No 6; Dharapuram (M) V.O.C Theru Ward No 5",Gowri.P,,0,545,0.0,False
147,"Mpl.Middle School, OPS Street, Dharapuram,Building facing East (South Portion) 2nd Std","Dharapuram (M) Old Police Station Street Ward No 12; Dharapuram (M), West Muslim Theru Ward No 6; Dharapuram (M) V.O.C Theru Ward No 5",Mohanraj.M,,0,545,0.0,False
147,"Mpl.Middle School, OPS Street, Dharapuram,Building facing East (South Portion) 2nd Std","Dharapuram (M) Old Police Station Street Ward No 12; Dharapuram (M), West Muslim Theru Ward No 6; Dharapuram (M) V.O.C Theru Ward No 5",Rohini.S,,2,545,0.37,False
147,"Mpl.Middle School, OPS Street, Dharapuram,Building facing East (South Portion) 2nd Std","Dharapuram (M) Old Police Station Street Ward No 12; Dharapuram (M), West Muslim Theru Ward No 6; Dharapuram (M) V.O.C Theru Ward No 5",NOTA,NOTA,3,545,0.55,False
148,"Municipal Middle School, O.P.S.Road, Dharapuram 638656, East facing Building (Middle Portion)","Dharapuram (M), Attavanai Majith Theru Ward No 6",Indirani.T,,506,621,81.48,True
148,"Municipal Middle School, O.P.S.Road, Dharapuram 638656, East facing Building (Middle Portion)","Dharapuram (M), Attavanai Majith Theru Ward No 6",Sathyabama.P,,27,621,4.35,False
148,"Municipal Middle School, O.P.S.Road, Dharapuram 638656, East facing Building (Middle Portion)","Dharapuram (M), Attavanai Majith Theru Ward No 6",Dhivya,,11,621,1.77,False
148,"Municipal Middle School, O.P.S.Road, Dharapuram 638656, East facing Building (Middle Portion)","Dharapuram (M), Attavanai Majith Theru Ward No 6",Gowri Chitra,,75,621,12.08,False
148,"Municipal Middle School, O.P.S.Road, Dharapuram 638656, East facing Building (Middle Portion)","Dharapuram (M), Attavanai Majith Theru Ward No 6",Ananthi.S,,0,621,0.0,False
148,"Municipal Middle School, O.P.S.Road, Dharapuram 638656, East facing Building (Middle Portion)","Dharapuram (M), Attavanai Majith Theru Ward No 6",Indhirani.C,,0,621,0.0,False
148,"Municipal Middle School, O.P.S.Road, Dharapuram 638656, East facing Building (Middle Portion)","Dharapuram (M), Attavanai Majith Theru Ward No 6",Gowri.P,,0,621,0.0,False
148,"Municipal Middle School, O.P.S.Road, Dharapuram 638656, East facing Building (Middle Portion)","Dharapuram (M), Attavanai Majith Theru Ward No 6",Mohanraj.M,,0,621,0.0,False
148,"Municipal Middle School, O.P.S.Road, Dharapuram 638656, East facing Building (Middle Portion)","Dharapuram (M), Attavanai Majith Theru Ward No 6",Rohini.S,,0,621,0.0,False
148,"Municipal Middle School, O.P.S.Road, Dharapuram 638656, East facing Building (Middle Portion)","Dharapuram (M), Attavanai Majith Theru Ward No 6",NOTA,NOTA,2,621,0.32,False
149,"Mpl.Middle School, OPS Street, Dharapuram,Building facing East (North Portion) 5th Std",Dharapuram (M) Sundaram Agraharam Kuddi Theru Ward No 5; Dharapuram (M) Sundaram Aghraharam Ward No 13; Dharapuram (M) Sundaram Setimai Theru Ward No 13,Indirani.T,,162,550,29.45,False
149,"Mpl.Middle School, OPS Street, Dharapuram,Building facing East (North Portion) 5th Std",Dharapuram (M) Sundaram Agraharam Kuddi Theru Ward No 5; Dharapuram (M) Sundaram Aghraharam Ward No 13; Dharapuram (M) Sundaram Setimai Theru Ward No 13,Sathyabama.P,,183,550,33.27,False
149,"Mpl.Middle School, OPS Street, Dharapuram,Building facing East (North Portion) 5th Std",Dharapuram (M) Sundaram Agraharam Kuddi Theru Ward No 5; Dharapuram (M) Sundaram Aghraharam Ward No 13; Dharapuram (M) Sundaram Setimai Theru Ward No 13,Dhivya,,12,550,2.18,False
149,"Mpl.Middle School, OPS Street, Dharapuram,Building facing East (North Portion) 5th Std",Dharapuram (M) Sundaram Agraharam Kuddi Theru Ward No 5; Dharapuram (M) Sundaram Aghraharam Ward No 13; Dharapuram (M) Sundaram Setimai Theru Ward No 13,Gowri Chitra,,188,550,34.18,True
149,"Mpl.Middle School, OPS Street, Dharapuram,Building facing East (North Portion) 5th Std",Dharapuram (M) Sundaram Agraharam Kuddi Theru Ward No 5; Dharapuram (M) Sundaram Aghraharam Ward No 13; Dharapuram (M) Sundaram Setimai Theru Ward No 13,Ananthi.S,,0,550,0.0,False
149,"Mpl.Middle School, OPS Street, Dharapuram,Building facing East (North Portion) 5th Std",Dharapuram (M) Sundaram Agraharam Kuddi Theru Ward No 5; Dharapuram (M) Sundaram Aghraharam Ward No 13; Dharapuram (M) Sundaram Setimai Theru Ward No 13,Indhirani.C,,1,550,0.18,False
149,"Mpl.Middle School, OPS Street, Dharapuram,Building facing East (North Portion) 5th Std",Dharapuram (M) Sundaram Agraharam Kuddi Theru Ward No 5; Dharapuram (M) Sundaram Aghraharam Ward No 13; Dharapuram (M) Sundaram Setimai Theru Ward No 13,Gowri.P,,0,550,0.0,False
149,"Mpl.Middle School, OPS Street, Dharapuram,Building facing East (North Portion) 5th Std",Dharapuram (M) Sundaram Agraharam Kuddi Theru Ward No 5; Dharapuram (M) Sundaram Aghraharam Ward No 13; Dharapuram (M) Sundaram Setimai Theru Ward No 13,Mohanraj.M,,0,550,0.0,False
149,"Mpl.Middle School, OPS Street, Dharapuram,Building facing East (North Portion) 5th Std",Dharapuram (M) Sundaram Agraharam Kuddi Theru Ward No 5; Dharapuram (M) Sundaram Aghraharam Ward No 13; Dharapuram (M) Sundaram Setimai Theru Ward No 13,Rohini.S,,0,550,0.0,False
149,"Mpl.Middle School, OPS Street, Dharapuram,Building facing East (North Portion) 5th Std",Dharapuram (M) Sundaram Agraharam Kuddi Theru Ward No 5; Dharapuram (M) Sundaram Aghraharam Ward No 13; Dharapuram (M) Sundaram Setimai Theru Ward No 13,NOTA,NOTA,4,550,0.73,False
150,"Municipal Middle School, O.P.S.Road, Dharapuram 638656, West facing building, South No 13 Portion,7 th Standard Room",Dharapurma (M) West Bajanai Madathere ward 13; Dharapuram (M) West Bajanai Madatheru (kariyakaliamman Kiol Street) Ward,Indirani.T,,159,420,37.86,False
150,"Municipal Middle School, O.P.S.Road, Dharapuram 638656, West facing building, South No 13 Portion,7 th Standard Room",Dharapurma (M) West Bajanai Madathere ward 13; Dharapuram (M) West Bajanai Madatheru (kariyakaliamman Kiol Street) Ward,Sathyabama.P,,90,420,21.43,False
150,"Municipal Middle School, O.P.S.Road, Dharapuram 638656, West facing building, South No 13 Portion,7 th Standard Room",Dharapurma (M) West Bajanai Madathere ward 13; Dharapuram (M) West Bajanai Madatheru (kariyakaliamman Kiol Street) Ward,Dhivya,,3,420,0.71,False
150,"Municipal Middle School, O.P.S.Road, Dharapuram 638656, West facing building, South No 13 Portion,7 th Standard Room",Dharapurma (M) West Bajanai Madathere ward 13; Dharapuram (M) West Bajanai Madatheru (kariyakaliamman Kiol Street) Ward,Gowri Chitra,,165,420,39.29,True
150,"Municipal Middle School, O.P.S.Road, Dharapuram 638656, West facing building, South No 13 Portion,7 th Standard Room",Dharapurma (M) West Bajanai Madathere ward 13; Dharapuram (M) West Bajanai Madatheru (kariyakaliamman Kiol Street) Ward,Ananthi.S,,0,420,0.0,False
150,"Municipal Middle School, O.P.S.Road, Dharapuram 638656, West facing building, South No 13 Portion,7 th Standard Room",Dharapurma (M) West Bajanai Madathere ward 13; Dharapuram (M) West Bajanai Madatheru (kariyakaliamman Kiol Street) Ward,Indhirani.C,,1,420,0.24,False
150,"Municipal Middle School, O.P.S.Road, Dharapuram 638656, West facing building, South No 13 Portion,7 th Standard Room",Dharapurma (M) West Bajanai Madathere ward 13; Dharapuram (M) West Bajanai Madatheru (kariyakaliamman Kiol Street) Ward,Gowri.P,,0,420,0.0,False
150,"Municipal Middle School, O.P.S.Road, Dharapuram 638656, West facing building, South No 13 Portion,7 th Standard Room",Dharapurma (M) West Bajanai Madathere ward 13; Dharapuram (M) West Bajanai Madatheru (kariyakaliamman Kiol Street) Ward,Mohanraj.M,,1,420,0.24,False
150,"Municipal Middle School, O.P.S.Road, Dharapuram 638656, West facing building, South No 13 Portion,7 th Standard Room",Dharapurma (M) West Bajanai Madathere ward 13; Dharapuram (M) West Bajanai Madatheru (kariyakaliamman Kiol Street) Ward,Rohini.S,,0,420,0.0,False
150,"Municipal Middle School, O.P.S.Road, Dharapuram 638656, West facing building, South No 13 Portion,7 th Standard Room",Dharapurma (M) West Bajanai Madathere ward 13; Dharapuram (M) West Bajanai Madatheru (kariyakaliamman Kiol Street) Ward,NOTA,NOTA,1,420,0.24,False
151,"C.S.I.Ele.School, Kamankovil Street,Building facing South (Western side)","Dharapuram (M) North Theru Ward No 2; Dharapuram (M), Kamarajapuram Muthal KurrukuTheru Ward No 1",Indirani.T,,261,704,37.07,True
151,"C.S.I.Ele.School, Kamankovil Street,Building facing South (Western side)","Dharapuram (M) North Theru Ward No 2; Dharapuram (M), Kamarajapuram Muthal KurrukuTheru Ward No 1",Sathyabama.P,,161,704,22.87,False
151,"C.S.I.Ele.School, Kamankovil Street,Building facing South (Western side)","Dharapuram (M) North Theru Ward No 2; Dharapuram (M), Kamarajapuram Muthal KurrukuTheru Ward No 1",Dhivya,,29,704,4.12,False
151,"C.S.I.Ele.School, Kamankovil Street,Building facing South (Western side)","Dharapuram (M) North Theru Ward No 2; Dharapuram (M), Kamarajapuram Muthal KurrukuTheru Ward No 1",Gowri Chitra,,247,704,35.09,False
151,"C.S.I.Ele.School, Kamankovil Street,Building facing South (Western side)","Dharapuram (M) North Theru Ward No 2; Dharapuram (M), Kamarajapuram Muthal KurrukuTheru Ward No 1",Ananthi.S,,0,704,0.0,False
151,"C.S.I.Ele.School, Kamankovil Street,Building facing South (Western side)","Dharapuram (M) North Theru Ward No 2; Dharapuram (M), Kamarajapuram Muthal KurrukuTheru Ward No 1",Indhirani.C,,0,704,0.0,False
151,"C.S.I.Ele.School, Kamankovil Street,Building facing South (Western side)","Dharapuram (M) North Theru Ward No 2; Dharapuram (M), Kamarajapuram Muthal KurrukuTheru Ward No 1",Gowri.P,,0,704,0.0,False
151,"C.S.I.Ele.School, Kamankovil Street,Building facing South (Western side)","Dharapuram (M) North Theru Ward No 2; Dharapuram (M), Kamarajapuram Muthal KurrukuTheru Ward No 1",Mohanraj.M,,0,704,0.0,False
151,"C.S.I.Ele.School, Kamankovil Street,Building facing South (Western side)","Dharapuram (M) North Theru Ward No 2; Dharapuram (M), Kamarajapuram Muthal KurrukuTheru Ward No 1",Rohini.S,,1,704,0.14,False
151,"C.S.I.Ele.School, Kamankovil Street,Building facing South (Western side)","Dharapuram (M) North Theru Ward No 2; Dharapuram (M), Kamarajapuram Muthal KurrukuTheru Ward No 1",NOTA,NOTA,5,704,0.71,False
152,"C.S.I.Ele.School, Kammankovil Street, Dharapuram,Building facing South (East Portion)","Dharapuram (M) North Roman Catholic Christian Street Ward No 2; Dharapuram (M), Errachi Masthan Nagar Ward No 1",Indirani.T,,352,841,41.85,False
152,"C.S.I.Ele.School, Kammankovil Street, Dharapuram,Building facing South (East Portion)","Dharapuram (M) North Roman Catholic Christian Street Ward No 2; Dharapuram (M), Errachi Masthan Nagar Ward No 1",Sathyabama.P,,88,841,10.46,False
152,"C.S.I.Ele.School, Kammankovil Street, Dharapuram,Building facing South (East Portion)","Dharapuram (M) North Roman Catholic Christian Street Ward No 2; Dharapuram (M), Errachi Masthan Nagar Ward No 1",Dhivya,,38,841,4.52,False
152,"C.S.I.Ele.School, Kammankovil Street, Dharapuram,Building facing South (East Portion)","Dharapuram (M) North Roman Catholic Christian Street Ward No 2; Dharapuram (M), Errachi Masthan Nagar Ward No 1",Gowri Chitra,,361,841,42.93,True
152,"C.S.I.Ele.School, Kammankovil Street, Dharapuram,Building facing South (East Portion)","Dharapuram (M) North Roman Catholic Christian Street Ward No 2; Dharapuram (M), Errachi Masthan Nagar Ward No 1",Ananthi.S,,0,841,0.0,False
152,"C.S.I.Ele.School, Kammankovil Street, Dharapuram,Building facing South (East Portion)","Dharapuram (M) North Roman Catholic Christian Street Ward No 2; Dharapuram (M), Errachi Masthan Nagar Ward No 1",Indhirani.C,,0,841,0.0,False
152,"C.S.I.Ele.School, Kammankovil Street, Dharapuram,Building facing South (East Portion)","Dharapuram (M) North Roman Catholic Christian Street Ward No 2; Dharapuram (M), Errachi Masthan Nagar Ward No 1",Gowri.P,,0,841,0.0,False
152,"C.S.I.Ele.School, Kammankovil Street, Dharapuram,Building facing South (East Portion)","Dharapuram (M) North Roman Catholic Christian Street Ward No 2; Dharapuram (M), Errachi Masthan Nagar Ward No 1",Mohanraj.M,,0,841,0.0,False
152,"C.S.I.Ele.School, Kammankovil Street, Dharapuram,Building facing South (East Portion)","Dharapuram (M) North Roman Catholic Christian Street Ward No 2; Dharapuram (M), Errachi Masthan Nagar Ward No 1",Rohini.S,,0,841,0.0,False
152,"C.S.I.Ele.School, Kammankovil Street, Dharapuram,Building facing South (East Portion)","Dharapuram (M) North Roman Catholic Christian Street Ward No 2; Dharapuram (M), Errachi Masthan Nagar Ward No 1",NOTA,NOTA,2,841,0.24,False
153,"C.S.I.Ele.School, Kammankovil Street, Dharapuram,Building facing West (2nd Std)",Dharapuram (M) Kamarajapuram Muthal Theru Ward No 2; Dharapuram (M) Kamarajapuram Second Street Ward No 2; Dharapuram (M) Kamarajapuram 3 street Ward No 2,Indirani.T,,259,737,35.14,False
153,"C.S.I.Ele.School, Kammankovil Street, Dharapuram,Building facing West (2nd Std)",Dharapuram (M) Kamarajapuram Muthal Theru Ward No 2; Dharapuram (M) Kamarajapuram Second Street Ward No 2; Dharapuram (M) Kamarajapuram 3 street Ward No 2,Sathyabama.P,,145,737,19.67,False
153,"C.S.I.Ele.School, Kammankovil Street, Dharapuram,Building facing West (2nd Std)",Dharapuram (M) Kamarajapuram Muthal Theru Ward No 2; Dharapuram (M) Kamarajapuram Second Street Ward No 2; Dharapuram (M) Kamarajapuram 3 street Ward No 2,Dhivya,,34,737,4.61,False
153,"C.S.I.Ele.School, Kammankovil Street, Dharapuram,Building facing West (2nd Std)",Dharapuram (M) Kamarajapuram Muthal Theru Ward No 2; Dharapuram (M) Kamarajapuram Second Street Ward No 2; Dharapuram (M) Kamarajapuram 3 street Ward No 2,Gowri Chitra,,289,737,39.21,True
153,"C.S.I.Ele.School, Kammankovil Street, Dharapuram,Building facing West (2nd Std)",Dharapuram (M) Kamarajapuram Muthal Theru Ward No 2; Dharapuram (M) Kamarajapuram Second Street Ward No 2; Dharapuram (M) Kamarajapuram 3 street Ward No 2,Ananthi.S,,1,737,0.14,False
153,"C.S.I.Ele.School, Kammankovil Street, Dharapuram,Building facing West (2nd Std)",Dharapuram (M) Kamarajapuram Muthal Theru Ward No 2; Dharapuram (M) Kamarajapuram Second Street Ward No 2; Dharapuram (M) Kamarajapuram 3 street Ward No 2,Indhirani.C,,0,737,0.0,False
153,"C.S.I.Ele.School, Kammankovil Street, Dharapuram,Building facing West (2nd Std)",Dharapuram (M) Kamarajapuram Muthal Theru Ward No 2; Dharapuram (M) Kamarajapuram Second Street Ward No 2; Dharapuram (M) Kamarajapuram 3 street Ward No 2,Gowri.P,,0,737,0.0,False
153,"C.S.I.Ele.School, Kammankovil Street, Dharapuram,Building facing West (2nd Std)",Dharapuram (M) Kamarajapuram Muthal Theru Ward No 2; Dharapuram (M) Kamarajapuram Second Street Ward No 2; Dharapuram (M) Kamarajapuram 3 street Ward No 2,Mohanraj.M,,0,737,0.0,False
153,"C.S.I.Ele.School, Kammankovil Street, Dharapuram,Building facing West (2nd Std)",Dharapuram (M) Kamarajapuram Muthal Theru Ward No 2; Dharapuram (M) Kamarajapuram Second Street Ward No 2; Dharapuram (M) Kamarajapuram 3 street Ward No 2,Rohini.S,,2,737,0.27,False
153,"C.S.I.Ele.School, Kammankovil Street, Dharapuram,Building facing West (2nd Std)",Dharapuram (M) Kamarajapuram Muthal Theru Ward No 2; Dharapuram (M) Kamarajapuram Second Street Ward No 2; Dharapuram (M) Kamarajapuram 3 street Ward No 2,NOTA,NOTA,7,737,0.95,False
154,"C.S.I.Elementary School, Kamankovil St,Dharapuram 638656, West facing building (North Portion)","Dharapuram (M), Kamarajapuram Third Street Ward No 1; Dharapuram (M), Kamarajapuram 5th Street; Dharapuram (M) Erraichi Masthan Nagar ( Arasu Oliyar Colony) Ward No.1",Indirani.T,,288,750,38.4,True
154,"C.S.I.Elementary School, Kamankovil St,Dharapuram 638656, West facing building (North Portion)","Dharapuram (M), Kamarajapuram Third Street Ward No 1; Dharapuram (M), Kamarajapuram 5th Street; Dharapuram (M) Erraichi Masthan Nagar ( Arasu Oliyar Colony) Ward No.1",Sathyabama.P,,176,750,23.47,False
154,"C.S.I.Elementary School, Kamankovil St,Dharapuram 638656, West facing building (North Portion)","Dharapuram (M), Kamarajapuram Third Street Ward No 1; Dharapuram (M), Kamarajapuram 5th Street; Dharapuram (M) Erraichi Masthan Nagar ( Arasu Oliyar Colony) Ward No.1",Dhivya,,26,750,3.47,False
154,"C.S.I.Elementary School, Kamankovil St,Dharapuram 638656, West facing building (North Portion)","Dharapuram (M), Kamarajapuram Third Street Ward No 1; Dharapuram (M), Kamarajapuram 5th Street; Dharapuram (M) Erraichi Masthan Nagar ( Arasu Oliyar Colony) Ward No.1",Gowri Chitra,,252,750,33.6,False
154,"C.S.I.Elementary School, Kamankovil St,Dharapuram 638656, West facing building (North Portion)","Dharapuram (M), Kamarajapuram Third Street Ward No 1; Dharapuram (M), Kamarajapuram 5th Street; Dharapuram (M) Erraichi Masthan Nagar ( Arasu Oliyar Colony) Ward No.1",Ananthi.S,,1,750,0.13,False
154,"C.S.I.Elementary School, Kamankovil St,Dharapuram 638656, West facing building (North Portion)","Dharapuram (M), Kamarajapuram Third Street Ward No 1; Dharapuram (M), Kamarajapuram 5th Street; Dharapuram (M) Erraichi Masthan Nagar ( Arasu Oliyar Colony) Ward No.1",Indhirani.C,,0,750,0.0,False
154,"C.S.I.Elementary School, Kamankovil St,Dharapuram 638656, West facing building (North Portion)","Dharapuram (M), Kamarajapuram Third Street Ward No 1; Dharapuram (M), Kamarajapuram 5th Street; Dharapuram (M) Erraichi Masthan Nagar ( Arasu Oliyar Colony) Ward No.1",Gowri.P,,1,750,0.13,False
154,"C.S.I.Elementary School, Kamankovil St,Dharapuram 638656, West facing building (North Portion)","Dharapuram (M), Kamarajapuram Third Street Ward No 1; Dharapuram (M), Kamarajapuram 5th Street; Dharapuram (M) Erraichi Masthan Nagar ( Arasu Oliyar Colony) Ward No.1",Mohanraj.M,,1,750,0.13,False
154,"C.S.I.Elementary School, Kamankovil St,Dharapuram 638656, West facing building (North Portion)","Dharapuram (M), Kamarajapuram Third Street Ward No 1; Dharapuram (M), Kamarajapuram 5th Street; Dharapuram (M) Erraichi Masthan Nagar ( Arasu Oliyar Colony) Ward No.1",Rohini.S,,1,750,0.13,False
154,"C.S.I.Elementary School, Kamankovil St,Dharapuram 638656, West facing building (North Portion)","Dharapuram (M), Kamarajapuram Third Street Ward No 1; Dharapuram (M), Kamarajapuram 5th Street; Dharapuram (M) Erraichi Masthan Nagar ( Arasu Oliyar Colony) Ward No.1",NOTA,NOTA,4,750,0.53,False
155,"St.Antony Middle School, Poolavadi Road, Dharapuram,Building facing East (North Portion)","Dharapuram (M), Kaman Koil Theru Ward No 4",Indirani.T,,289,620,46.61,True
155,"St.Antony Middle School, Poolavadi Road, Dharapuram,Building facing East (North Portion)","Dharapuram (M), Kaman Koil Theru Ward No 4",Sathyabama.P,,99,620,15.97,False
155,"St.Antony Middle School, Poolavadi Road, Dharapuram,Building facing East (North Portion)","Dharapuram (M), Kaman Koil Theru Ward No 4",Dhivya,,36,620,5.81,False
155,"St.Antony Middle School, Poolavadi Road, Dharapuram,Building facing East (North Portion)","Dharapuram (M), Kaman Koil Theru Ward No 4",Gowri Chitra,,192,620,30.97,False
155,"St.Antony Middle School, Poolavadi Road, Dharapuram,Building facing East (North Portion)","Dharapuram (M), Kaman Koil Theru Ward No 4",Ananthi.S,,1,620,0.16,False
155,"St.Antony Middle School, Poolavadi Road, Dharapuram,Building facing East (North Portion)","Dharapuram (M), Kaman Koil Theru Ward No 4",Indhirani.C,,0,620,0.0,False
155,"St.Antony Middle School, Poolavadi Road, Dharapuram,Building facing East (North Portion)","Dharapuram (M), Kaman Koil Theru Ward No 4",Gowri.P,,0,620,0.0,False
155,"St.Antony Middle School, Poolavadi Road, Dharapuram,Building facing East (North Portion)","Dharapuram (M), Kaman Koil Theru Ward No 4",Mohanraj.M,,0,620,0.0,False
155,"St.Antony Middle School, Poolavadi Road, Dharapuram,Building facing East (North Portion)","Dharapuram (M), Kaman Koil Theru Ward No 4",Rohini.S,,2,620,0.32,False
155,"St.Antony Middle School, Poolavadi Road, Dharapuram,Building facing East (North Portion)","Dharapuram (M), Kaman Koil Theru Ward No 4",NOTA,NOTA,1,620,0.16,False
156,"St.Antony Middle School, Poolavadi Road, Dharapuram,Building facing East (South Portion)","Dharapuram (M), Thirupur Road Ward No 4",Indirani.T,,292,685,42.63,True
156,"St.Antony Middle School, Poolavadi Road, Dharapuram,Building facing East (South Portion)","Dharapuram (M), Thirupur Road Ward No 4",Sathyabama.P,,111,685,16.2,False
156,"St.Antony Middle School, Poolavadi Road, Dharapuram,Building facing East (South Portion)","Dharapuram (M), Thirupur Road Ward No 4",Dhivya,,32,685,4.67,False
156,"St.Antony Middle School, Poolavadi Road, Dharapuram,Building facing East (South Portion)","Dharapuram (M), Thirupur Road Ward No 4",Gowri Chitra,,242,685,35.33,False
156,"St.Antony Middle School, Poolavadi Road, Dharapuram,Building facing East (South Portion)","Dharapuram (M), Thirupur Road Ward No 4",Ananthi.S,,0,685,0.0,False
156,"St.Antony Middle School, Poolavadi Road, Dharapuram,Building facing East (South Portion)","Dharapuram (M), Thirupur Road Ward No 4",Indhirani.C,,1,685,0.15,False
156,"St.Antony Middle School, Poolavadi Road, Dharapuram,Building facing East (South Portion)","Dharapuram (M), Thirupur Road Ward No 4",Gowri.P,,0,685,0.0,False
156,"St.Antony Middle School, Poolavadi Road, Dharapuram,Building facing East (South Portion)","Dharapuram (M), Thirupur Road Ward No 4",Mohanraj.M,,0,685,0.0,False
156,"St.Antony Middle School, Poolavadi Road, Dharapuram,Building facing East (South Portion)","Dharapuram (M), Thirupur Road Ward No 4",Rohini.S,,1,685,0.15,False
156,"St.Antony Middle School, Poolavadi Road, Dharapuram,Building facing East (South Portion)","Dharapuram (M), Thirupur Road Ward No 4",NOTA,NOTA,6,685,0.88,False
157,"St Antony Middle School, Poolavadi Road, Dharapuram, East facing Building (Middle Portion)","Dharapuram (M), Thirupur Road Ward No 4; Dharapuram (M) Thiruvalluvar Theru Ward No 4; Dharapuram (M), Sitharavuthan Palayam Oddaitheru Ward No 3",Indirani.T,,255,712,35.81,False
157,"St Antony Middle School, Poolavadi Road, Dharapuram, East facing Building (Middle Portion)","Dharapuram (M), Thirupur Road Ward No 4; Dharapuram (M) Thiruvalluvar Theru Ward No 4; Dharapuram (M), Sitharavuthan Palayam Oddaitheru Ward No 3",Sathyabama.P,,131,712,18.4,False
157,"St Antony Middle School, Poolavadi Road, Dharapuram, East facing Building (Middle Portion)","Dharapuram (M), Thirupur Road Ward No 4; Dharapuram (M) Thiruvalluvar Theru Ward No 4; Dharapuram (M), Sitharavuthan Palayam Oddaitheru Ward No 3",Dhivya,,30,712,4.21,False
157,"St Antony Middle School, Poolavadi Road, Dharapuram, East facing Building (Middle Portion)","Dharapuram (M), Thirupur Road Ward No 4; Dharapuram (M) Thiruvalluvar Theru Ward No 4; Dharapuram (M), Sitharavuthan Palayam Oddaitheru Ward No 3",Gowri Chitra,,291,712,40.87,True
157,"St Antony Middle School, Poolavadi Road, Dharapuram, East facing Building (Middle Portion)","Dharapuram (M), Thirupur Road Ward No 4; Dharapuram (M) Thiruvalluvar Theru Ward No 4; Dharapuram (M), Sitharavuthan Palayam Oddaitheru Ward No 3",Ananthi.S,,0,712,0.0,False
157,"St Antony Middle School, Poolavadi Road, Dharapuram, East facing Building (Middle Portion)","Dharapuram (M), Thirupur Road Ward No 4; Dharapuram (M) Thiruvalluvar Theru Ward No 4; Dharapuram (M), Sitharavuthan Palayam Oddaitheru Ward No 3",Indhirani.C,,0,712,0.0,False
157,"St Antony Middle School, Poolavadi Road, Dharapuram, East facing Building (Middle Portion)","Dharapuram (M), Thirupur Road Ward No 4; Dharapuram (M) Thiruvalluvar Theru Ward No 4; Dharapuram (M), Sitharavuthan Palayam Oddaitheru Ward No 3",Gowri.P,,0,712,0.0,False
157,"St Antony Middle School, Poolavadi Road, Dharapuram, East facing Building (Middle Portion)","Dharapuram (M), Thirupur Road Ward No 4; Dharapuram (M) Thiruvalluvar Theru Ward No 4; Dharapuram (M), Sitharavuthan Palayam Oddaitheru Ward No 3",Mohanraj.M,,0,712,0.0,False
157,"St Antony Middle School, Poolavadi Road, Dharapuram, East facing Building (Middle Portion)","Dharapuram (M), Thirupur Road Ward No 4; Dharapuram (M) Thiruvalluvar Theru Ward No 4; Dharapuram (M), Sitharavuthan Palayam Oddaitheru Ward No 3",Rohini.S,,0,712,0.0,False
157,"St Antony Middle School, Poolavadi Road, Dharapuram, East facing Building (Middle Portion)","Dharapuram (M), Thirupur Road Ward No 4; Dharapuram (M) Thiruvalluvar Theru Ward No 4; Dharapuram (M), Sitharavuthan Palayam Oddaitheru Ward No 3",NOTA,NOTA,5,712,0.7,False
158,"St.Antony Middle School, Poolavadi Road, Dharapuram,Building facing South (West Portion)","Dharapuram (M), Nachiyam Palayam Theru Puthur Ward No 2; Dharapuram(M) Sitharavuthan Palayam Palayur Ward No 3; Dharapuram (M) Agri office Near Jallikuli Ward No.3",Indirani.T,,187,575,32.52,False
158,"St.Antony Middle School, Poolavadi Road, Dharapuram,Building facing South (West Portion)","Dharapuram (M), Nachiyam Palayam Theru Puthur Ward No 2; Dharapuram(M) Sitharavuthan Palayam Palayur Ward No 3; Dharapuram (M) Agri office Near Jallikuli Ward No.3",Sathyabama.P,,139,575,24.17,False
158,"St.Antony Middle School, Poolavadi Road, Dharapuram,Building facing South (West Portion)","Dharapuram (M), Nachiyam Palayam Theru Puthur Ward No 2; Dharapuram(M) Sitharavuthan Palayam Palayur Ward No 3; Dharapuram (M) Agri office Near Jallikuli Ward No.3",Dhivya,,31,575,5.39,False
158,"St.Antony Middle School, Poolavadi Road, Dharapuram,Building facing South (West Portion)","Dharapuram (M), Nachiyam Palayam Theru Puthur Ward No 2; Dharapuram(M) Sitharavuthan Palayam Palayur Ward No 3; Dharapuram (M) Agri office Near Jallikuli Ward No.3",Gowri Chitra,,214,575,37.22,True
158,"St.Antony Middle School, Poolavadi Road, Dharapuram,Building facing South (West Portion)","Dharapuram (M), Nachiyam Palayam Theru Puthur Ward No 2; Dharapuram(M) Sitharavuthan Palayam Palayur Ward No 3; Dharapuram (M) Agri office Near Jallikuli Ward No.3",Ananthi.S,,0,575,0.0,False
158,"St.Antony Middle School, Poolavadi Road, Dharapuram,Building facing South (West Portion)","Dharapuram (M), Nachiyam Palayam Theru Puthur Ward No 2; Dharapuram(M) Sitharavuthan Palayam Palayur Ward No 3; Dharapuram (M) Agri office Near Jallikuli Ward No.3",Indhirani.C,,1,575,0.17,False
158,"St.Antony Middle School, Poolavadi Road, Dharapuram,Building facing South (West Portion)","Dharapuram (M), Nachiyam Palayam Theru Puthur Ward No 2; Dharapuram(M) Sitharavuthan Palayam Palayur Ward No 3; Dharapuram (M) Agri office Near Jallikuli Ward No.3",Gowri.P,,0,575,0.0,False
158,"St.Antony Middle School, Poolavadi Road, Dharapuram,Building facing South (West Portion)","Dharapuram (M), Nachiyam Palayam Theru Puthur Ward No 2; Dharapuram(M) Sitharavuthan Palayam Palayur Ward No 3; Dharapuram (M) Agri office Near Jallikuli Ward No.3",Mohanraj.M,,0,575,0.0,False
158,"St.Antony Middle School, Poolavadi Road, Dharapuram,Building facing South (West Portion)","Dharapuram (M), Nachiyam Palayam Theru Puthur Ward No 2; Dharapuram(M) Sitharavuthan Palayam Palayur Ward No 3; Dharapuram (M) Agri office Near Jallikuli Ward No.3",Rohini.S,,2,575,0.35,False
158,"St.Antony Middle School, Poolavadi Road, Dharapuram,Building facing South (West Portion)","Dharapuram (M), Nachiyam Palayam Theru Puthur Ward No 2; Dharapuram(M) Sitharavuthan Palayam Palayur Ward No 3; Dharapuram (M) Agri office Near Jallikuli Ward No.3",NOTA,NOTA,1,575,0.17,False
159,"St.Antony Middle School, Poolavadi Road, Dharapuram,Building facing South (East Portion)",Dharapuram (M) Chithravuthanpalayam Katoor Ward No 3,Indirani.T,,237,739,32.07,False
159,"St.Antony Middle School, Poolavadi Road, Dharapuram,Building facing South (East Portion)",Dharapuram (M) Chithravuthanpalayam Katoor Ward No 3,Sathyabama.P,,200,739,27.06,False
159,"St.Antony Middle School, Poolavadi Road, Dharapuram,Building facing South (East Portion)",Dharapuram (M) Chithravuthanpalayam Katoor Ward No 3,Dhivya,,35,739,4.74,False
159,"St.Antony Middle School, Poolavadi Road, Dharapuram,Building facing South (East Portion)",Dharapuram (M) Chithravuthanpalayam Katoor Ward No 3,Gowri Chitra,,257,739,34.78,True
159,"St.Antony Middle School, Poolavadi Road, Dharapuram,Building facing South (East Portion)",Dharapuram (M) Chithravuthanpalayam Katoor Ward No 3,Ananthi.S,,1,739,0.14,False
159,"St.Antony Middle School, Poolavadi Road, Dharapuram,Building facing South (East Portion)",Dharapuram (M) Chithravuthanpalayam Katoor Ward No 3,Indhirani.C,,1,739,0.14,False
159,"St.Antony Middle School, Poolavadi Road, Dharapuram,Building facing South (East Portion)",Dharapuram (M) Chithravuthanpalayam Katoor Ward No 3,Gowri.P,,1,739,0.14,False
159,"St.Antony Middle School, Poolavadi Road, Dharapuram,Building facing South (East Portion)",Dharapuram (M) Chithravuthanpalayam Katoor Ward No 3,Mohanraj.M,,0,739,0.0,False
159,"St.Antony Middle School, Poolavadi Road, Dharapuram,Building facing South (East Portion)",Dharapuram (M) Chithravuthanpalayam Katoor Ward No 3,Rohini.S,,4,739,0.54,False
159,"St.Antony Middle School, Poolavadi Road, Dharapuram,Building facing South (East Portion)",Dharapuram (M) Chithravuthanpalayam Katoor Ward No 3,NOTA,NOTA,3,739,0.41,False
160,"Mpl.Ele.School, Bajanai Mada Street, Dharapuram,Building facing East",Dharapuram (M) Nehru Nagar Ward No 14,Indirani.T,,322,796,40.45,True
160,"Mpl.Ele.School, Bajanai Mada Street, Dharapuram,Building facing East",Dharapuram (M) Nehru Nagar Ward No 14,Sathyabama.P,,198,796,24.87,False
160,"Mpl.Ele.School, Bajanai Mada Street, Dharapuram,Building facing East",Dharapuram (M) Nehru Nagar Ward No 14,Dhivya,,19,796,2.39,False
160,"Mpl.Ele.School, Bajanai Mada Street, Dharapuram,Building facing East",Dharapuram (M) Nehru Nagar Ward No 14,Gowri Chitra,,254,796,31.91,False
160,"Mpl.Ele.School, Bajanai Mada Street, Dharapuram,Building facing East",Dharapuram (M) Nehru Nagar Ward No 14,Ananthi.S,,0,796,0.0,False
160,"Mpl.Ele.School, Bajanai Mada Street, Dharapuram,Building facing East",Dharapuram (M) Nehru Nagar Ward No 14,Indhirani.C,,0,796,0.0,False
160,"Mpl.Ele.School, Bajanai Mada Street, Dharapuram,Building facing East",Dharapuram (M) Nehru Nagar Ward No 14,Gowri.P,,0,796,0.0,False
160,"Mpl.Ele.School, Bajanai Mada Street, Dharapuram,Building facing East",Dharapuram (M) Nehru Nagar Ward No 14,Mohanraj.M,,0,796,0.0,False
160,"Mpl.Ele.School, Bajanai Mada Street, Dharapuram,Building facing East",Dharapuram (M) Nehru Nagar Ward No 14,Rohini.S,,0,796,0.0,False
160,"Mpl.Ele.School, Bajanai Mada Street, Dharapuram,Building facing East",Dharapuram (M) Nehru Nagar Ward No 14,NOTA,NOTA,3,796,0.38,False
161,"Mpl.Ele.School, Bajanai Mada Street, Dharapuram, Building facing North (West Portion)",Dharapuram (M) Nethaji Street Ward No 14,Indirani.T,,331,602,54.98,True
161,"Mpl.Ele.School, Bajanai Mada Street, Dharapuram, Building facing North (West Portion)",Dharapuram (M) Nethaji Street Ward No 14,Sathyabama.P,,124,602,20.6,False
161,"Mpl.Ele.School, Bajanai Mada Street, Dharapuram, Building facing North (West Portion)",Dharapuram (M) Nethaji Street Ward No 14,Dhivya,,10,602,1.66,False
161,"Mpl.Ele.School, Bajanai Mada Street, Dharapuram, Building facing North (West Portion)",Dharapuram (M) Nethaji Street Ward No 14,Gowri Chitra,,133,602,22.09,False
161,"Mpl.Ele.School, Bajanai Mada Street, Dharapuram, Building facing North (West Portion)",Dharapuram (M) Nethaji Street Ward No 14,Ananthi.S,,0,602,0.0,False
161,"Mpl.Ele.School, Bajanai Mada Street, Dharapuram, Building facing North (West Portion)",Dharapuram (M) Nethaji Street Ward No 14,Indhirani.C,,0,602,0.0,False
161,"Mpl.Ele.School, Bajanai Mada Street, Dharapuram, Building facing North (West Portion)",Dharapuram (M) Nethaji Street Ward No 14,Gowri.P,,0,602,0.0,False
161,"Mpl.Ele.School, Bajanai Mada Street, Dharapuram, Building facing North (West Portion)",Dharapuram (M) Nethaji Street Ward No 14,Mohanraj.M,,1,602,0.17,False
161,"Mpl.Ele.School, Bajanai Mada Street, Dharapuram, Building facing North (West Portion)",Dharapuram (M) Nethaji Street Ward No 14,Rohini.S,,0,602,0.0,False
161,"Mpl.Ele.School, Bajanai Mada Street, Dharapuram, Building facing North (West Portion)",Dharapuram (M) Nethaji Street Ward No 14,NOTA,NOTA,3,602,0.5,False
162,"Ponnu Govt Girls High School, Bajanai Mada Street, Dharapuram, West facing Building(Middle Portion)",Dharapuram (M) Thiruneelakandar Street Ward No 5; Dharapuram (M) Vetrillaikara Theru Ward No 5; Dharapuram (M) Chithravuthan Palayam West Theru Ward No 3,Indirani.T,,181,402,45.02,True
162,"Ponnu Govt Girls High School, Bajanai Mada Street, Dharapuram, West facing Building(Middle Portion)",Dharapuram (M) Thiruneelakandar Street Ward No 5; Dharapuram (M) Vetrillaikara Theru Ward No 5; Dharapuram (M) Chithravuthan Palayam West Theru Ward No 3,Sathyabama.P,,101,402,25.12,False
162,"Ponnu Govt Girls High School, Bajanai Mada Street, Dharapuram, West facing Building(Middle Portion)",Dharapuram (M) Thiruneelakandar Street Ward No 5; Dharapuram (M) Vetrillaikara Theru Ward No 5; Dharapuram (M) Chithravuthan Palayam West Theru Ward No 3,Dhivya,,7,402,1.74,False
162,"Ponnu Govt Girls High School, Bajanai Mada Street, Dharapuram, West facing Building(Middle Portion)",Dharapuram (M) Thiruneelakandar Street Ward No 5; Dharapuram (M) Vetrillaikara Theru Ward No 5; Dharapuram (M) Chithravuthan Palayam West Theru Ward No 3,Gowri Chitra,,110,402,27.36,False
162,"Ponnu Govt Girls High School, Bajanai Mada Street, Dharapuram, West facing Building(Middle Portion)",Dharapuram (M) Thiruneelakandar Street Ward No 5; Dharapuram (M) Vetrillaikara Theru Ward No 5; Dharapuram (M) Chithravuthan Palayam West Theru Ward No 3,Ananthi.S,,0,402,0.0,False
162,"Ponnu Govt Girls High School, Bajanai Mada Street, Dharapuram, West facing Building(Middle Portion)",Dharapuram (M) Thiruneelakandar Street Ward No 5; Dharapuram (M) Vetrillaikara Theru Ward No 5; Dharapuram (M) Chithravuthan Palayam West Theru Ward No 3,Indhirani.C,,1,402,0.25,False
162,"Ponnu Govt Girls High School, Bajanai Mada Street, Dharapuram, West facing Building(Middle Portion)",Dharapuram (M) Thiruneelakandar Street Ward No 5; Dharapuram (M) Vetrillaikara Theru Ward No 5; Dharapuram (M) Chithravuthan Palayam West Theru Ward No 3,Gowri.P,,0,402,0.0,False
162,"Ponnu Govt Girls High School, Bajanai Mada Street, Dharapuram, West facing Building(Middle Portion)",Dharapuram (M) Thiruneelakandar Street Ward No 5; Dharapuram (M) Vetrillaikara Theru Ward No 5; Dharapuram (M) Chithravuthan Palayam West Theru Ward No 3,Mohanraj.M,,0,402,0.0,False
162,"Ponnu Govt Girls High School, Bajanai Mada Street, Dharapuram, West facing Building(Middle Portion)",Dharapuram (M) Thiruneelakandar Street Ward No 5; Dharapuram (M) Vetrillaikara Theru Ward No 5; Dharapuram (M) Chithravuthan Palayam West Theru Ward No 3,Rohini.S,,0,402,0.0,False
162,"Ponnu Govt Girls High School, Bajanai Mada Street, Dharapuram, West facing Building(Middle Portion)",Dharapuram (M) Thiruneelakandar Street Ward No 5; Dharapuram (M) Vetrillaikara Theru Ward No 5; Dharapuram (M) Chithravuthan Palayam West Theru Ward No 3,NOTA,NOTA,2,402,0.5,False
163,"Mpl.Ele.School, Bajanai Mada Street, Dharapuram,Building facing North (East Portion) 2nd Std",Dharapuram (M) Kollathupunchai Theru Ward No 16,Indirani.T,,148,459,32.24,False
163,"Mpl.Ele.School, Bajanai Mada Street, Dharapuram,Building facing North (East Portion) 2nd Std",Dharapuram (M) Kollathupunchai Theru Ward No 16,Sathyabama.P,,122,459,26.58,False
163,"Mpl.Ele.School, Bajanai Mada Street, Dharapuram,Building facing North (East Portion) 2nd Std",Dharapuram (M) Kollathupunchai Theru Ward No 16,Dhivya,,17,459,3.7,False
163,"Mpl.Ele.School, Bajanai Mada Street, Dharapuram,Building facing North (East Portion) 2nd Std",Dharapuram (M) Kollathupunchai Theru Ward No 16,Gowri Chitra,,169,459,36.82,True
163,"Mpl.Ele.School, Bajanai Mada Street, Dharapuram,Building facing North (East Portion) 2nd Std",Dharapuram (M) Kollathupunchai Theru Ward No 16,Ananthi.S,,1,459,0.22,False
163,"Mpl.Ele.School, Bajanai Mada Street, Dharapuram,Building facing North (East Portion) 2nd Std",Dharapuram (M) Kollathupunchai Theru Ward No 16,Indhirani.C,,0,459,0.0,False
163,"Mpl.Ele.School, Bajanai Mada Street, Dharapuram,Building facing North (East Portion) 2nd Std",Dharapuram (M) Kollathupunchai Theru Ward No 16,Gowri.P,,0,459,0.0,False
163,"Mpl.Ele.School, Bajanai Mada Street, Dharapuram,Building facing North (East Portion) 2nd Std",Dharapuram (M) Kollathupunchai Theru Ward No 16,Mohanraj.M,,0,459,0.0,False
163,"Mpl.Ele.School, Bajanai Mada Street, Dharapuram,Building facing North (East Portion) 2nd Std",Dharapuram (M) Kollathupunchai Theru Ward No 16,Rohini.S,,0,459,0.0,False
163,"Mpl.Ele.School, Bajanai Mada Street, Dharapuram,Building facing North (East Portion) 2nd Std",Dharapuram (M) Kollathupunchai Theru Ward No 16,NOTA,NOTA,2,459,0.44,False
164,"Anganwadi Certer, Bajanai Mada Street, Dharapuram,Building facing South (Separate Portion)",Dharapuram (M) N.g.g.o colony Ward No.16; Dharapuram (M) R K R Nagar Ward No 15; OVERSEAS ELECTORS; Dharapuram (M) Bajanaimada South Theru Ward No 16,Indirani.T,,165,516,31.98,False
164,"Anganwadi Certer, Bajanai Mada Street, Dharapuram,Building facing South (Separate Portion)",Dharapuram (M) N.g.g.o colony Ward No.16; Dharapuram (M) R K R Nagar Ward No 15; OVERSEAS ELECTORS; Dharapuram (M) Bajanaimada South Theru Ward No 16,Sathyabama.P,,164,516,31.78,False
164,"Anganwadi Certer, Bajanai Mada Street, Dharapuram,Building facing South (Separate Portion)",Dharapuram (M) N.g.g.o colony Ward No.16; Dharapuram (M) R K R Nagar Ward No 15; OVERSEAS ELECTORS; Dharapuram (M) Bajanaimada South Theru Ward No 16,Dhivya,,14,516,2.71,False
164,"Anganwadi Certer, Bajanai Mada Street, Dharapuram,Building facing South (Separate Portion)",Dharapuram (M) N.g.g.o colony Ward No.16; Dharapuram (M) R K R Nagar Ward No 15; OVERSEAS ELECTORS; Dharapuram (M) Bajanaimada South Theru Ward No 16,Gowri Chitra,,169,516,32.75,True
164,"Anganwadi Certer, Bajanai Mada Street, Dharapuram,Building facing South (Separate Portion)",Dharapuram (M) N.g.g.o colony Ward No.16; Dharapuram (M) R K R Nagar Ward No 15; OVERSEAS ELECTORS; Dharapuram (M) Bajanaimada South Theru Ward No 16,Ananthi.S,,0,516,0.0,False
164,"Anganwadi Certer, Bajanai Mada Street, Dharapuram,Building facing South (Separate Portion)",Dharapuram (M) N.g.g.o colony Ward No.16; Dharapuram (M) R K R Nagar Ward No 15; OVERSEAS ELECTORS; Dharapuram (M) Bajanaimada South Theru Ward No 16,Indhirani.C,,1,516,0.19,False
164,"Anganwadi Certer, Bajanai Mada Street, Dharapuram,Building facing South (Separate Portion)",Dharapuram (M) N.g.g.o colony Ward No.16; Dharapuram (M) R K R Nagar Ward No 15; OVERSEAS ELECTORS; Dharapuram (M) Bajanaimada South Theru Ward No 16,Gowri.P,,0,516,0.0,False
164,"Anganwadi Certer, Bajanai Mada Street, Dharapuram,Building facing South (Separate Portion)",Dharapuram (M) N.g.g.o colony Ward No.16; Dharapuram (M) R K R Nagar Ward No 15; OVERSEAS ELECTORS; Dharapuram (M) Bajanaimada South Theru Ward No 16,Mohanraj.M,,0,516,0.0,False
164,"Anganwadi Certer, Bajanai Mada Street, Dharapuram,Building facing South (Separate Portion)",Dharapuram (M) N.g.g.o colony Ward No.16; Dharapuram (M) R K R Nagar Ward No 15; OVERSEAS ELECTORS; Dharapuram (M) Bajanaimada South Theru Ward No 16,Rohini.S,,0,516,0.0,False
164,"Anganwadi Certer, Bajanai Mada Street, Dharapuram,Building facing South (Separate Portion)",Dharapuram (M) N.g.g.o colony Ward No.16; Dharapuram (M) R K R Nagar Ward No 15; OVERSEAS ELECTORS; Dharapuram (M) Bajanaimada South Theru Ward No 16,NOTA,NOTA,3,516,0.58,False
165,"Ponnu Govt.Girls High School, Bajanai Mada Street, Dharapuram ,Building facing West (North Portion)",Dharapuram (M) Bajanai Mada Middle Theru Ward No 16; Dharapuram (M) Kuppusamy Theru Ward No 16; Dharapuram (M) Vasantha Road Ward No 20; Dharapuram (M) Vasantha Road Kurruku Theru ( C.S.I Valagam ) Ward No 20,Indirani.T,,255,611,41.73,True
165,"Ponnu Govt.Girls High School, Bajanai Mada Street, Dharapuram ,Building facing West (North Portion)",Dharapuram (M) Bajanai Mada Middle Theru Ward No 16; Dharapuram (M) Kuppusamy Theru Ward No 16; Dharapuram (M) Vasantha Road Ward No 20; Dharapuram (M) Vasantha Road Kurruku Theru ( C.S.I Valagam ) Ward No 20,Sathyabama.P,,146,611,23.9,False
165,"Ponnu Govt.Girls High School, Bajanai Mada Street, Dharapuram ,Building facing West (North Portion)",Dharapuram (M) Bajanai Mada Middle Theru Ward No 16; Dharapuram (M) Kuppusamy Theru Ward No 16; Dharapuram (M) Vasantha Road Ward No 20; Dharapuram (M) Vasantha Road Kurruku Theru ( C.S.I Valagam ) Ward No 20,Dhivya,,17,611,2.78,False
165,"Ponnu Govt.Girls High School, Bajanai Mada Street, Dharapuram ,Building facing West (North Portion)",Dharapuram (M) Bajanai Mada Middle Theru Ward No 16; Dharapuram (M) Kuppusamy Theru Ward No 16; Dharapuram (M) Vasantha Road Ward No 20; Dharapuram (M) Vasantha Road Kurruku Theru ( C.S.I Valagam ) Ward No 20,Gowri Chitra,,185,611,30.28,False
165,"Ponnu Govt.Girls High School, Bajanai Mada Street, Dharapuram ,Building facing West (North Portion)",Dharapuram (M) Bajanai Mada Middle Theru Ward No 16; Dharapuram (M) Kuppusamy Theru Ward No 16; Dharapuram (M) Vasantha Road Ward No 20; Dharapuram (M) Vasantha Road Kurruku Theru ( C.S.I Valagam ) Ward No 20,Ananthi.S,,0,611,0.0,False
165,"Ponnu Govt.Girls High School, Bajanai Mada Street, Dharapuram ,Building facing West (North Portion)",Dharapuram (M) Bajanai Mada Middle Theru Ward No 16; Dharapuram (M) Kuppusamy Theru Ward No 16; Dharapuram (M) Vasantha Road Ward No 20; Dharapuram (M) Vasantha Road Kurruku Theru ( C.S.I Valagam ) Ward No 20,Indhirani.C,,2,611,0.33,False
165,"Ponnu Govt.Girls High School, Bajanai Mada Street, Dharapuram ,Building facing West (North Portion)",Dharapuram (M) Bajanai Mada Middle Theru Ward No 16; Dharapuram (M) Kuppusamy Theru Ward No 16; Dharapuram (M) Vasantha Road Ward No 20; Dharapuram (M) Vasantha Road Kurruku Theru ( C.S.I Valagam ) Ward No 20,Gowri.P,,1,611,0.16,False
165,"Ponnu Govt.Girls High School, Bajanai Mada Street, Dharapuram ,Building facing West (North Portion)",Dharapuram (M) Bajanai Mada Middle Theru Ward No 16; Dharapuram (M) Kuppusamy Theru Ward No 16; Dharapuram (M) Vasantha Road Ward No 20; Dharapuram (M) Vasantha Road Kurruku Theru ( C.S.I Valagam ) Ward No 20,Mohanraj.M,,1,611,0.16,False
165,"Ponnu Govt.Girls High School, Bajanai Mada Street, Dharapuram ,Building facing West (North Portion)",Dharapuram (M) Bajanai Mada Middle Theru Ward No 16; Dharapuram (M) Kuppusamy Theru Ward No 16; Dharapuram (M) Vasantha Road Ward No 20; Dharapuram (M) Vasantha Road Kurruku Theru ( C.S.I Valagam ) Ward No 20,Rohini.S,,0,611,0.0,False
165,"Ponnu Govt.Girls High School, Bajanai Mada Street, Dharapuram ,Building facing West (North Portion)",Dharapuram (M) Bajanai Mada Middle Theru Ward No 16; Dharapuram (M) Kuppusamy Theru Ward No 16; Dharapuram (M) Vasantha Road Ward No 20; Dharapuram (M) Vasantha Road Kurruku Theru ( C.S.I Valagam ) Ward No 20,NOTA,NOTA,4,611,0.65,False
166,"Ponnu Govt. Girls High School,Bajanai Mada St, Dharapuram,Building facing West (South Portion)",Dharapuram (M) Vasntha Road Kurruku Theru (Annanagar) Ward No 20; Dharapuram (M) Vasantha Raod Kurruku Theru (M.S.P Nagar) Ward No 20; Dharapuram (M) C.S.I Nagar Ward No 20,Indirani.T,,194,541,35.86,True
166,"Ponnu Govt. Girls High School,Bajanai Mada St, Dharapuram,Building facing West (South Portion)",Dharapuram (M) Vasntha Road Kurruku Theru (Annanagar) Ward No 20; Dharapuram (M) Vasantha Raod Kurruku Theru (M.S.P Nagar) Ward No 20; Dharapuram (M) C.S.I Nagar Ward No 20,Sathyabama.P,,156,541,28.84,False
166,"Ponnu Govt. Girls High School,Bajanai Mada St, Dharapuram,Building facing West (South Portion)",Dharapuram (M) Vasntha Road Kurruku Theru (Annanagar) Ward No 20; Dharapuram (M) Vasantha Raod Kurruku Theru (M.S.P Nagar) Ward No 20; Dharapuram (M) C.S.I Nagar Ward No 20,Dhivya,,26,541,4.81,False
166,"Ponnu Govt. Girls High School,Bajanai Mada St, Dharapuram,Building facing West (South Portion)",Dharapuram (M) Vasntha Road Kurruku Theru (Annanagar) Ward No 20; Dharapuram (M) Vasantha Raod Kurruku Theru (M.S.P Nagar) Ward No 20; Dharapuram (M) C.S.I Nagar Ward No 20,Gowri Chitra,,158,541,29.21,False
166,"Ponnu Govt. Girls High School,Bajanai Mada St, Dharapuram,Building facing West (South Portion)",Dharapuram (M) Vasntha Road Kurruku Theru (Annanagar) Ward No 20; Dharapuram (M) Vasantha Raod Kurruku Theru (M.S.P Nagar) Ward No 20; Dharapuram (M) C.S.I Nagar Ward No 20,Ananthi.S,,1,541,0.18,False
166,"Ponnu Govt. Girls High School,Bajanai Mada St, Dharapuram,Building facing West (South Portion)",Dharapuram (M) Vasntha Road Kurruku Theru (Annanagar) Ward No 20; Dharapuram (M) Vasantha Raod Kurruku Theru (M.S.P Nagar) Ward No 20; Dharapuram (M) C.S.I Nagar Ward No 20,Indhirani.C,,1,541,0.18,False
166,"Ponnu Govt. Girls High School,Bajanai Mada St, Dharapuram,Building facing West (South Portion)",Dharapuram (M) Vasntha Road Kurruku Theru (Annanagar) Ward No 20; Dharapuram (M) Vasantha Raod Kurruku Theru (M.S.P Nagar) Ward No 20; Dharapuram (M) C.S.I Nagar Ward No 20,Gowri.P,,0,541,0.0,False
166,"Ponnu Govt. Girls High School,Bajanai Mada St, Dharapuram,Building facing West (South Portion)",Dharapuram (M) Vasntha Road Kurruku Theru (Annanagar) Ward No 20; Dharapuram (M) Vasantha Raod Kurruku Theru (M.S.P Nagar) Ward No 20; Dharapuram (M) C.S.I Nagar Ward No 20,Mohanraj.M,,1,541,0.18,False
166,"Ponnu Govt. Girls High School,Bajanai Mada St, Dharapuram,Building facing West (South Portion)",Dharapuram (M) Vasntha Road Kurruku Theru (Annanagar) Ward No 20; Dharapuram (M) Vasantha Raod Kurruku Theru (M.S.P Nagar) Ward No 20; Dharapuram (M) C.S.I Nagar Ward No 20,Rohini.S,,1,541,0.18,False
166,"Ponnu Govt. Girls High School,Bajanai Mada St, Dharapuram,Building facing West (South Portion)",Dharapuram (M) Vasntha Road Kurruku Theru (Annanagar) Ward No 20; Dharapuram (M) Vasantha Raod Kurruku Theru (M.S.P Nagar) Ward No 20; Dharapuram (M) C.S.I Nagar Ward No 20,NOTA,NOTA,3,541,0.55,False
167,"C.S.I Boys Hr.Sec.School, Pollachi Road, dharapuram, Building facing West (South Portion)",Dharapuram (M)Elliesh Nagar Ward No 15; Dharapuram (M) Palaniyappa Nagar Ward No 15; Dharapuram (M) C.S.I Boys High School Compound Ward 15; Dharapuram (M) Sagunipalayam Road Ward No 15; Dharapuram (M) Ellish nagar West Sivasakthi Nagar Ward No 15,Indirani.T,,234,592,39.53,True
167,"C.S.I Boys Hr.Sec.School, Pollachi Road, dharapuram, Building facing West (South Portion)",Dharapuram (M)Elliesh Nagar Ward No 15; Dharapuram (M) Palaniyappa Nagar Ward No 15; Dharapuram (M) C.S.I Boys High School Compound Ward 15; Dharapuram (M) Sagunipalayam Road Ward No 15; Dharapuram (M) Ellish nagar West Sivasakthi Nagar Ward No 15,Sathyabama.P,,155,592,26.18,False
167,"C.S.I Boys Hr.Sec.School, Pollachi Road, dharapuram, Building facing West (South Portion)",Dharapuram (M)Elliesh Nagar Ward No 15; Dharapuram (M) Palaniyappa Nagar Ward No 15; Dharapuram (M) C.S.I Boys High School Compound Ward 15; Dharapuram (M) Sagunipalayam Road Ward No 15; Dharapuram (M) Ellish nagar West Sivasakthi Nagar Ward No 15,Dhivya,,20,592,3.38,False
167,"C.S.I Boys Hr.Sec.School, Pollachi Road, dharapuram, Building facing West (South Portion)",Dharapuram (M)Elliesh Nagar Ward No 15; Dharapuram (M) Palaniyappa Nagar Ward No 15; Dharapuram (M) C.S.I Boys High School Compound Ward 15; Dharapuram (M) Sagunipalayam Road Ward No 15; Dharapuram (M) Ellish nagar West Sivasakthi Nagar Ward No 15,Gowri Chitra,,180,592,30.41,False
167,"C.S.I Boys Hr.Sec.School, Pollachi Road, dharapuram, Building facing West (South Portion)",Dharapuram (M)Elliesh Nagar Ward No 15; Dharapuram (M) Palaniyappa Nagar Ward No 15; Dharapuram (M) C.S.I Boys High School Compound Ward 15; Dharapuram (M) Sagunipalayam Road Ward No 15; Dharapuram (M) Ellish nagar West Sivasakthi Nagar Ward No 15,Ananthi.S,,1,592,0.17,False
167,"C.S.I Boys Hr.Sec.School, Pollachi Road, dharapuram, Building facing West (South Portion)",Dharapuram (M)Elliesh Nagar Ward No 15; Dharapuram (M) Palaniyappa Nagar Ward No 15; Dharapuram (M) C.S.I Boys High School Compound Ward 15; Dharapuram (M) Sagunipalayam Road Ward No 15; Dharapuram (M) Ellish nagar West Sivasakthi Nagar Ward No 15,Indhirani.C,,0,592,0.0,False
167,"C.S.I Boys Hr.Sec.School, Pollachi Road, dharapuram, Building facing West (South Portion)",Dharapuram (M)Elliesh Nagar Ward No 15; Dharapuram (M) Palaniyappa Nagar Ward No 15; Dharapuram (M) C.S.I Boys High School Compound Ward 15; Dharapuram (M) Sagunipalayam Road Ward No 15; Dharapuram (M) Ellish nagar West Sivasakthi Nagar Ward No 15,Gowri.P,,0,592,0.0,False
167,"C.S.I Boys Hr.Sec.School, Pollachi Road, dharapuram, Building facing West (South Portion)",Dharapuram (M)Elliesh Nagar Ward No 15; Dharapuram (M) Palaniyappa Nagar Ward No 15; Dharapuram (M) C.S.I Boys High School Compound Ward 15; Dharapuram (M) Sagunipalayam Road Ward No 15; Dharapuram (M) Ellish nagar West Sivasakthi Nagar Ward No 15,Mohanraj.M,,0,592,0.0,False
167,"C.S.I Boys Hr.Sec.School, Pollachi Road, dharapuram, Building facing West (South Portion)",Dharapuram (M)Elliesh Nagar Ward No 15; Dharapuram (M) Palaniyappa Nagar Ward No 15; Dharapuram (M) C.S.I Boys High School Compound Ward 15; Dharapuram (M) Sagunipalayam Road Ward No 15; Dharapuram (M) Ellish nagar West Sivasakthi Nagar Ward No 15,Rohini.S,,1,592,0.17,False
167,"C.S.I Boys Hr.Sec.School, Pollachi Road, dharapuram, Building facing West (South Portion)",Dharapuram (M)Elliesh Nagar Ward No 15; Dharapuram (M) Palaniyappa Nagar Ward No 15; Dharapuram (M) C.S.I Boys High School Compound Ward 15; Dharapuram (M) Sagunipalayam Road Ward No 15; Dharapuram (M) Ellish nagar West Sivasakthi Nagar Ward No 15,NOTA,NOTA,1,592,0.17,False
168,"N.C.P.Mpl.Hr.Sec.School, Pollachi Road, Dharapuram,Building facing West (Centre Portion)","Dharapuram (M) Periyakadai Street Ward No.5,12,17 and 18; Dharapuram (M) Nallammal pettai Street Ward No 17; Dharapuram (M) Sankar Mill Backside Ward No 5",Indirani.T,,283,747,37.88,True
168,"N.C.P.Mpl.Hr.Sec.School, Pollachi Road, Dharapuram,Building facing West (Centre Portion)","Dharapuram (M) Periyakadai Street Ward No.5,12,17 and 18; Dharapuram (M) Nallammal pettai Street Ward No 17; Dharapuram (M) Sankar Mill Backside Ward No 5",Sathyabama.P,,181,747,24.23,False
168,"N.C.P.Mpl.Hr.Sec.School, Pollachi Road, Dharapuram,Building facing West (Centre Portion)","Dharapuram (M) Periyakadai Street Ward No.5,12,17 and 18; Dharapuram (M) Nallammal pettai Street Ward No 17; Dharapuram (M) Sankar Mill Backside Ward No 5",Dhivya,,16,747,2.14,False
168,"N.C.P.Mpl.Hr.Sec.School, Pollachi Road, Dharapuram,Building facing West (Centre Portion)","Dharapuram (M) Periyakadai Street Ward No.5,12,17 and 18; Dharapuram (M) Nallammal pettai Street Ward No 17; Dharapuram (M) Sankar Mill Backside Ward No 5",Gowri Chitra,,262,747,35.07,False
168,"N.C.P.Mpl.Hr.Sec.School, Pollachi Road, Dharapuram,Building facing West (Centre Portion)","Dharapuram (M) Periyakadai Street Ward No.5,12,17 and 18; Dharapuram (M) Nallammal pettai Street Ward No 17; Dharapuram (M) Sankar Mill Backside Ward No 5",Ananthi.S,,0,747,0.0,False
168,"N.C.P.Mpl.Hr.Sec.School, Pollachi Road, Dharapuram,Building facing West (Centre Portion)","Dharapuram (M) Periyakadai Street Ward No.5,12,17 and 18; Dharapuram (M) Nallammal pettai Street Ward No 17; Dharapuram (M) Sankar Mill Backside Ward No 5",Indhirani.C,,0,747,0.0,False
168,"N.C.P.Mpl.Hr.Sec.School, Pollachi Road, Dharapuram,Building facing West (Centre Portion)","Dharapuram (M) Periyakadai Street Ward No.5,12,17 and 18; Dharapuram (M) Nallammal pettai Street Ward No 17; Dharapuram (M) Sankar Mill Backside Ward No 5",Gowri.P,,1,747,0.13,False
168,"N.C.P.Mpl.Hr.Sec.School, Pollachi Road, Dharapuram,Building facing West (Centre Portion)","Dharapuram (M) Periyakadai Street Ward No.5,12,17 and 18; Dharapuram (M) Nallammal pettai Street Ward No 17; Dharapuram (M) Sankar Mill Backside Ward No 5",Mohanraj.M,,1,747,0.13,False
168,"N.C.P.Mpl.Hr.Sec.School, Pollachi Road, Dharapuram,Building facing West (Centre Portion)","Dharapuram (M) Periyakadai Street Ward No.5,12,17 and 18; Dharapuram (M) Nallammal pettai Street Ward No 17; Dharapuram (M) Sankar Mill Backside Ward No 5",Rohini.S,,0,747,0.0,False
168,"N.C.P.Mpl.Hr.Sec.School, Pollachi Road, Dharapuram,Building facing West (Centre Portion)","Dharapuram (M) Periyakadai Street Ward No.5,12,17 and 18; Dharapuram (M) Nallammal pettai Street Ward No 17; Dharapuram (M) Sankar Mill Backside Ward No 5",NOTA,NOTA,3,747,0.4,False
169,"N.C.P.Mpl.Hr.Sec.School, Pollachi Road, Dharapuram,Building facing East (South Side)",Dharapuram (M) Nachimuhtu Puthur Ward No 21; Dharapuram (M) N.M Puthur Krruku Theru Merpuram Ward No 22,Indirani.T,,196,623,31.46,False
169,"N.C.P.Mpl.Hr.Sec.School, Pollachi Road, Dharapuram,Building facing East (South Side)",Dharapuram (M) Nachimuhtu Puthur Ward No 21; Dharapuram (M) N.M Puthur Krruku Theru Merpuram Ward No 22,Sathyabama.P,,201,623,32.26,True
169,"N.C.P.Mpl.Hr.Sec.School, Pollachi Road, Dharapuram,Building facing East (South Side)",Dharapuram (M) Nachimuhtu Puthur Ward No 21; Dharapuram (M) N.M Puthur Krruku Theru Merpuram Ward No 22,Dhivya,,26,623,4.17,False
169,"N.C.P.Mpl.Hr.Sec.School, Pollachi Road, Dharapuram,Building facing East (South Side)",Dharapuram (M) Nachimuhtu Puthur Ward No 21; Dharapuram (M) N.M Puthur Krruku Theru Merpuram Ward No 22,Gowri Chitra,,198,623,31.78,False
169,"N.C.P.Mpl.Hr.Sec.School, Pollachi Road, Dharapuram,Building facing East (South Side)",Dharapuram (M) Nachimuhtu Puthur Ward No 21; Dharapuram (M) N.M Puthur Krruku Theru Merpuram Ward No 22,Ananthi.S,,0,623,0.0,False
169,"N.C.P.Mpl.Hr.Sec.School, Pollachi Road, Dharapuram,Building facing East (South Side)",Dharapuram (M) Nachimuhtu Puthur Ward No 21; Dharapuram (M) N.M Puthur Krruku Theru Merpuram Ward No 22,Indhirani.C,,0,623,0.0,False
169,"N.C.P.Mpl.Hr.Sec.School, Pollachi Road, Dharapuram,Building facing East (South Side)",Dharapuram (M) Nachimuhtu Puthur Ward No 21; Dharapuram (M) N.M Puthur Krruku Theru Merpuram Ward No 22,Gowri.P,,0,623,0.0,False
169,"N.C.P.Mpl.Hr.Sec.School, Pollachi Road, Dharapuram,Building facing East (South Side)",Dharapuram (M) Nachimuhtu Puthur Ward No 21; Dharapuram (M) N.M Puthur Krruku Theru Merpuram Ward No 22,Mohanraj.M,,0,623,0.0,False
169,"N.C.P.Mpl.Hr.Sec.School, Pollachi Road, Dharapuram,Building facing East (South Side)",Dharapuram (M) Nachimuhtu Puthur Ward No 21; Dharapuram (M) N.M Puthur Krruku Theru Merpuram Ward No 22,Rohini.S,,0,623,0.0,False
169,"N.C.P.Mpl.Hr.Sec.School, Pollachi Road, Dharapuram,Building facing East (South Side)",Dharapuram (M) Nachimuhtu Puthur Ward No 21; Dharapuram (M) N.M Puthur Krruku Theru Merpuram Ward No 22,NOTA,NOTA,2,623,0.32,False
170,"C.S.I Boys Hr.Sec.School, Pollachi Road, dharapuram, Building facing East (Centre Portion)","Dharapuram (M) N. M Puthur Cross Street 2 (NMP Nagar) Ward No 22; Dharapuram (M) N.M Theru II Asiriyar Colony Ward No 22; Dharapuram (M), Bagathil Vasikathavargal; OVERSEAS ELECTORS",Indirani.T,,182,660,27.58,False
170,"C.S.I Boys Hr.Sec.School, Pollachi Road, dharapuram, Building facing East (Centre Portion)","Dharapuram (M) N. M Puthur Cross Street 2 (NMP Nagar) Ward No 22; Dharapuram (M) N.M Theru II Asiriyar Colony Ward No 22; Dharapuram (M), Bagathil Vasikathavargal; OVERSEAS ELECTORS",Sathyabama.P,,263,660,39.85,True
170,"C.S.I Boys Hr.Sec.School, Pollachi Road, dharapuram, Building facing East (Centre Portion)","Dharapuram (M) N. M Puthur Cross Street 2 (NMP Nagar) Ward No 22; Dharapuram (M) N.M Theru II Asiriyar Colony Ward No 22; Dharapuram (M), Bagathil Vasikathavargal; OVERSEAS ELECTORS",Dhivya,,23,660,3.48,False
170,"C.S.I Boys Hr.Sec.School, Pollachi Road, dharapuram, Building facing East (Centre Portion)","Dharapuram (M) N. M Puthur Cross Street 2 (NMP Nagar) Ward No 22; Dharapuram (M) N.M Theru II Asiriyar Colony Ward No 22; Dharapuram (M), Bagathil Vasikathavargal; OVERSEAS ELECTORS",Gowri Chitra,,182,660,27.58,False
170,"C.S.I Boys Hr.Sec.School, Pollachi Road, dharapuram, Building facing East (Centre Portion)","Dharapuram (M) N. M Puthur Cross Street 2 (NMP Nagar) Ward No 22; Dharapuram (M) N.M Theru II Asiriyar Colony Ward No 22; Dharapuram (M), Bagathil Vasikathavargal; OVERSEAS ELECTORS",Ananthi.S,,0,660,0.0,False
170,"C.S.I Boys Hr.Sec.School, Pollachi Road, dharapuram, Building facing East (Centre Portion)","Dharapuram (M) N. M Puthur Cross Street 2 (NMP Nagar) Ward No 22; Dharapuram (M) N.M Theru II Asiriyar Colony Ward No 22; Dharapuram (M), Bagathil Vasikathavargal; OVERSEAS ELECTORS",Indhirani.C,,0,660,0.0,False
170,"C.S.I Boys Hr.Sec.School, Pollachi Road, dharapuram, Building facing East (Centre Portion)","Dharapuram (M) N. M Puthur Cross Street 2 (NMP Nagar) Ward No 22; Dharapuram (M) N.M Theru II Asiriyar Colony Ward No 22; Dharapuram (M), Bagathil Vasikathavargal; OVERSEAS ELECTORS",Gowri.P,,2,660,0.3,False
170,"C.S.I Boys Hr.Sec.School, Pollachi Road, dharapuram, Building facing East (Centre Portion)","Dharapuram (M) N. M Puthur Cross Street 2 (NMP Nagar) Ward No 22; Dharapuram (M) N.M Theru II Asiriyar Colony Ward No 22; Dharapuram (M), Bagathil Vasikathavargal; OVERSEAS ELECTORS",Mohanraj.M,,0,660,0.0,False
170,"C.S.I Boys Hr.Sec.School, Pollachi Road, dharapuram, Building facing East (Centre Portion)","Dharapuram (M) N. M Puthur Cross Street 2 (NMP Nagar) Ward No 22; Dharapuram (M) N.M Theru II Asiriyar Colony Ward No 22; Dharapuram (M), Bagathil Vasikathavargal; OVERSEAS ELECTORS",Rohini.S,,1,660,0.15,False
170,"C.S.I Boys Hr.Sec.School, Pollachi Road, dharapuram, Building facing East (Centre Portion)","Dharapuram (M) N. M Puthur Cross Street 2 (NMP Nagar) Ward No 22; Dharapuram (M) N.M Theru II Asiriyar Colony Ward No 22; Dharapuram (M), Bagathil Vasikathavargal; OVERSEAS ELECTORS",NOTA,NOTA,7,660,1.06,False
171,"C.S.I Boys Hr.Sec.School, Pollachi Road, dharapuram, Building facing East (North side)",Dharapuram (M) old Veetu Vasathi Variya kuddiyirrupu Ward No 23,Indirani.T,,164,410,40.0,True
171,"C.S.I Boys Hr.Sec.School, Pollachi Road, dharapuram, Building facing East (North side)",Dharapuram (M) old Veetu Vasathi Variya kuddiyirrupu Ward No 23,Sathyabama.P,,94,410,22.93,False
171,"C.S.I Boys Hr.Sec.School, Pollachi Road, dharapuram, Building facing East (North side)",Dharapuram (M) old Veetu Vasathi Variya kuddiyirrupu Ward No 23,Dhivya,,12,410,2.93,False
171,"C.S.I Boys Hr.Sec.School, Pollachi Road, dharapuram, Building facing East (North side)",Dharapuram (M) old Veetu Vasathi Variya kuddiyirrupu Ward No 23,Gowri Chitra,,136,410,33.17,False
171,"C.S.I Boys Hr.Sec.School, Pollachi Road, dharapuram, Building facing East (North side)",Dharapuram (M) old Veetu Vasathi Variya kuddiyirrupu Ward No 23,Ananthi.S,,0,410,0.0,False
171,"C.S.I Boys Hr.Sec.School, Pollachi Road, dharapuram, Building facing East (North side)",Dharapuram (M) old Veetu Vasathi Variya kuddiyirrupu Ward No 23,Indhirani.C,,0,410,0.0,False
171,"C.S.I Boys Hr.Sec.School, Pollachi Road, dharapuram, Building facing East (North side)",Dharapuram (M) old Veetu Vasathi Variya kuddiyirrupu Ward No 23,Gowri.P,,1,410,0.24,False
171,"C.S.I Boys Hr.Sec.School, Pollachi Road, dharapuram, Building facing East (North side)",Dharapuram (M) old Veetu Vasathi Variya kuddiyirrupu Ward No 23,Mohanraj.M,,0,410,0.0,False
171,"C.S.I Boys Hr.Sec.School, Pollachi Road, dharapuram, Building facing East (North side)",Dharapuram (M) old Veetu Vasathi Variya kuddiyirrupu Ward No 23,Rohini.S,,0,410,0.0,False
171,"C.S.I Boys Hr.Sec.School, Pollachi Road, dharapuram, Building facing East (North side)",Dharapuram (M) old Veetu Vasathi Variya kuddiyirrupu Ward No 23,NOTA,NOTA,3,410,0.73,False
172,"C S I Boys Higher Secondary School, Pollachi Road, Dharapuram, North facing Building (Middle Portion)",Dharapuram (M) old Veetu Vasathi Variya kuddiyirrupu Ward No 23,Indirani.T,,202,428,47.2,True
172,"C S I Boys Higher Secondary School, Pollachi Road, Dharapuram, North facing Building (Middle Portion)",Dharapuram (M) old Veetu Vasathi Variya kuddiyirrupu Ward No 23,Sathyabama.P,,93,428,21.73,False
172,"C S I Boys Higher Secondary School, Pollachi Road, Dharapuram, North facing Building (Middle Portion)",Dharapuram (M) old Veetu Vasathi Variya kuddiyirrupu Ward No 23,Dhivya,,12,428,2.8,False
172,"C S I Boys Higher Secondary School, Pollachi Road, Dharapuram, North facing Building (Middle Portion)",Dharapuram (M) old Veetu Vasathi Variya kuddiyirrupu Ward No 23,Gowri Chitra,,114,428,26.64,False
172,"C S I Boys Higher Secondary School, Pollachi Road, Dharapuram, North facing Building (Middle Portion)",Dharapuram (M) old Veetu Vasathi Variya kuddiyirrupu Ward No 23,Ananthi.S,,0,428,0.0,False
172,"C S I Boys Higher Secondary School, Pollachi Road, Dharapuram, North facing Building (Middle Portion)",Dharapuram (M) old Veetu Vasathi Variya kuddiyirrupu Ward No 23,Indhirani.C,,0,428,0.0,False
172,"C S I Boys Higher Secondary School, Pollachi Road, Dharapuram, North facing Building (Middle Portion)",Dharapuram (M) old Veetu Vasathi Variya kuddiyirrupu Ward No 23,Gowri.P,,0,428,0.0,False
172,"C S I Boys Higher Secondary School, Pollachi Road, Dharapuram, North facing Building (Middle Portion)",Dharapuram (M) old Veetu Vasathi Variya kuddiyirrupu Ward No 23,Mohanraj.M,,1,428,0.23,False
172,"C S I Boys Higher Secondary School, Pollachi Road, Dharapuram, North facing Building (Middle Portion)",Dharapuram (M) old Veetu Vasathi Variya kuddiyirrupu Ward No 23,Rohini.S,,1,428,0.23,False
172,"C S I Boys Higher Secondary School, Pollachi Road, Dharapuram, North facing Building (Middle Portion)",Dharapuram (M) old Veetu Vasathi Variya kuddiyirrupu Ward No 23,NOTA,NOTA,5,428,1.17,False
173,"Municipal Middle School, Valaiyakkara Street, Dharapuram- 638656,Building facing South (West Portion)",Dharapuram (M) Sulthaniya Theru Ward No 17,Indirani.T,,489,642,76.17,True
173,"Municipal Middle School, Valaiyakkara Street, Dharapuram- 638656,Building facing South (West Portion)",Dharapuram (M) Sulthaniya Theru Ward No 17,Sathyabama.P,,22,642,3.43,False
173,"Municipal Middle School, Valaiyakkara Street, Dharapuram- 638656,Building facing South (West Portion)",Dharapuram (M) Sulthaniya Theru Ward No 17,Dhivya,,4,642,0.62,False
173,"Municipal Middle School, Valaiyakkara Street, Dharapuram- 638656,Building facing South (West Portion)",Dharapuram (M) Sulthaniya Theru Ward No 17,Gowri Chitra,,125,642,19.47,False
173,"Municipal Middle School, Valaiyakkara Street, Dharapuram- 638656,Building facing South (West Portion)",Dharapuram (M) Sulthaniya Theru Ward No 17,Ananthi.S,,0,642,0.0,False
173,"Municipal Middle School, Valaiyakkara Street, Dharapuram- 638656,Building facing South (West Portion)",Dharapuram (M) Sulthaniya Theru Ward No 17,Indhirani.C,,0,642,0.0,False
173,"Municipal Middle School, Valaiyakkara Street, Dharapuram- 638656,Building facing South (West Portion)",Dharapuram (M) Sulthaniya Theru Ward No 17,Gowri.P,,0,642,0.0,False
173,"Municipal Middle School, Valaiyakkara Street, Dharapuram- 638656,Building facing South (West Portion)",Dharapuram (M) Sulthaniya Theru Ward No 17,Mohanraj.M,,0,642,0.0,False
173,"Municipal Middle School, Valaiyakkara Street, Dharapuram- 638656,Building facing South (West Portion)",Dharapuram (M) Sulthaniya Theru Ward No 17,Rohini.S,,0,642,0.0,False
173,"Municipal Middle School, Valaiyakkara Street, Dharapuram- 638656,Building facing South (West Portion)",Dharapuram (M) Sulthaniya Theru Ward No 17,NOTA,NOTA,2,642,0.31,False
174,"Municipal Middle School, Valaiyakaran Street,Dharapuram- 638656,West facing Building",Dharapuram (M) Bairavan Kovil Street Ward No 18; Dharapuram (M) Puthumajith Theru Ward No 18,Indirani.T,,229,487,47.02,True
174,"Municipal Middle School, Valaiyakaran Street,Dharapuram- 638656,West facing Building",Dharapuram (M) Bairavan Kovil Street Ward No 18; Dharapuram (M) Puthumajith Theru Ward No 18,Sathyabama.P,,116,487,23.82,False
174,"Municipal Middle School, Valaiyakaran Street,Dharapuram- 638656,West facing Building",Dharapuram (M) Bairavan Kovil Street Ward No 18; Dharapuram (M) Puthumajith Theru Ward No 18,Dhivya,,13,487,2.67,False
174,"Municipal Middle School, Valaiyakaran Street,Dharapuram- 638656,West facing Building",Dharapuram (M) Bairavan Kovil Street Ward No 18; Dharapuram (M) Puthumajith Theru Ward No 18,Gowri Chitra,,129,487,26.49,False
174,"Municipal Middle School, Valaiyakaran Street,Dharapuram- 638656,West facing Building",Dharapuram (M) Bairavan Kovil Street Ward No 18; Dharapuram (M) Puthumajith Theru Ward No 18,Ananthi.S,,0,487,0.0,False
174,"Municipal Middle School, Valaiyakaran Street,Dharapuram- 638656,West facing Building",Dharapuram (M) Bairavan Kovil Street Ward No 18; Dharapuram (M) Puthumajith Theru Ward No 18,Indhirani.C,,0,487,0.0,False
174,"Municipal Middle School, Valaiyakaran Street,Dharapuram- 638656,West facing Building",Dharapuram (M) Bairavan Kovil Street Ward No 18; Dharapuram (M) Puthumajith Theru Ward No 18,Gowri.P,,0,487,0.0,False
174,"Municipal Middle School, Valaiyakaran Street,Dharapuram- 638656,West facing Building",Dharapuram (M) Bairavan Kovil Street Ward No 18; Dharapuram (M) Puthumajith Theru Ward No 18,Mohanraj.M,,0,487,0.0,False
174,"Municipal Middle School, Valaiyakaran Street,Dharapuram- 638656,West facing Building",Dharapuram (M) Bairavan Kovil Street Ward No 18; Dharapuram (M) Puthumajith Theru Ward No 18,Rohini.S,,0,487,0.0,False
174,"Municipal Middle School, Valaiyakaran Street,Dharapuram- 638656,West facing Building",Dharapuram (M) Bairavan Kovil Street Ward No 18; Dharapuram (M) Puthumajith Theru Ward No 18,NOTA,NOTA,0,487,0.0,False
175,"Municipal Middle School, Valayakkar street, Dharapuram, East facing Building (South Portion)",Dharapuram (M) Nallamman Pettai Street Ward No 17; Dharapuram (M) Vallaiyakara Theru Ward No 17; Dharapuram (M) Soundamman Kovil Theru Ward No 17,Indirani.T,,144,417,34.53,False
175,"Municipal Middle School, Valayakkar street, Dharapuram, East facing Building (South Portion)",Dharapuram (M) Nallamman Pettai Street Ward No 17; Dharapuram (M) Vallaiyakara Theru Ward No 17; Dharapuram (M) Soundamman Kovil Theru Ward No 17,Sathyabama.P,,105,417,25.18,False
175,"Municipal Middle School, Valayakkar street, Dharapuram, East facing Building (South Portion)",Dharapuram (M) Nallamman Pettai Street Ward No 17; Dharapuram (M) Vallaiyakara Theru Ward No 17; Dharapuram (M) Soundamman Kovil Theru Ward No 17,Dhivya,,14,417,3.36,False
175,"Municipal Middle School, Valayakkar street, Dharapuram, East facing Building (South Portion)",Dharapuram (M) Nallamman Pettai Street Ward No 17; Dharapuram (M) Vallaiyakara Theru Ward No 17; Dharapuram (M) Soundamman Kovil Theru Ward No 17,Gowri Chitra,,151,417,36.21,True
175,"Municipal Middle School, Valayakkar street, Dharapuram, East facing Building (South Portion)",Dharapuram (M) Nallamman Pettai Street Ward No 17; Dharapuram (M) Vallaiyakara Theru Ward No 17; Dharapuram (M) Soundamman Kovil Theru Ward No 17,Ananthi.S,,0,417,0.0,False
175,"Municipal Middle School, Valayakkar street, Dharapuram, East facing Building (South Portion)",Dharapuram (M) Nallamman Pettai Street Ward No 17; Dharapuram (M) Vallaiyakara Theru Ward No 17; Dharapuram (M) Soundamman Kovil Theru Ward No 17,Indhirani.C,,1,417,0.24,False
175,"Municipal Middle School, Valayakkar street, Dharapuram, East facing Building (South Portion)",Dharapuram (M) Nallamman Pettai Street Ward No 17; Dharapuram (M) Vallaiyakara Theru Ward No 17; Dharapuram (M) Soundamman Kovil Theru Ward No 17,Gowri.P,,0,417,0.0,False
175,"Municipal Middle School, Valayakkar street, Dharapuram, East facing Building (South Portion)",Dharapuram (M) Nallamman Pettai Street Ward No 17; Dharapuram (M) Vallaiyakara Theru Ward No 17; Dharapuram (M) Soundamman Kovil Theru Ward No 17,Mohanraj.M,,0,417,0.0,False
175,"Municipal Middle School, Valayakkar street, Dharapuram, East facing Building (South Portion)",Dharapuram (M) Nallamman Pettai Street Ward No 17; Dharapuram (M) Vallaiyakara Theru Ward No 17; Dharapuram (M) Soundamman Kovil Theru Ward No 17,Rohini.S,,0,417,0.0,False
175,"Municipal Middle School, Valayakkar street, Dharapuram, East facing Building (South Portion)",Dharapuram (M) Nallamman Pettai Street Ward No 17; Dharapuram (M) Vallaiyakara Theru Ward No 17; Dharapuram (M) Soundamman Kovil Theru Ward No 17,NOTA,NOTA,2,417,0.48,False
176,"St.Alocious Girls.Hr.Sec.School, Church Road, Dharapuram- 638656,Building facing South (West Portion) Room No-2",Dharapuram (M) Devendra Street Ward No 19; Dharapuram (M) Devendra Kurruku Theru -2 Ward No 19,Indirani.T,,139,531,26.18,False
176,"St.Alocious Girls.Hr.Sec.School, Church Road, Dharapuram- 638656,Building facing South (West Portion) Room No-2",Dharapuram (M) Devendra Street Ward No 19; Dharapuram (M) Devendra Kurruku Theru -2 Ward No 19,Sathyabama.P,,94,531,17.7,False
176,"St.Alocious Girls.Hr.Sec.School, Church Road, Dharapuram- 638656,Building facing South (West Portion) Room No-2",Dharapuram (M) Devendra Street Ward No 19; Dharapuram (M) Devendra Kurruku Theru -2 Ward No 19,Dhivya,,23,531,4.33,False
176,"St.Alocious Girls.Hr.Sec.School, Church Road, Dharapuram- 638656,Building facing South (West Portion) Room No-2",Dharapuram (M) Devendra Street Ward No 19; Dharapuram (M) Devendra Kurruku Theru -2 Ward No 19,Gowri Chitra,,272,531,51.22,True
176,"St.Alocious Girls.Hr.Sec.School, Church Road, Dharapuram- 638656,Building facing South (West Portion) Room No-2",Dharapuram (M) Devendra Street Ward No 19; Dharapuram (M) Devendra Kurruku Theru -2 Ward No 19,Ananthi.S,,0,531,0.0,False
176,"St.Alocious Girls.Hr.Sec.School, Church Road, Dharapuram- 638656,Building facing South (West Portion) Room No-2",Dharapuram (M) Devendra Street Ward No 19; Dharapuram (M) Devendra Kurruku Theru -2 Ward No 19,Indhirani.C,,0,531,0.0,False
176,"St.Alocious Girls.Hr.Sec.School, Church Road, Dharapuram- 638656,Building facing South (West Portion) Room No-2",Dharapuram (M) Devendra Street Ward No 19; Dharapuram (M) Devendra Kurruku Theru -2 Ward No 19,Gowri.P,,0,531,0.0,False
176,"St.Alocious Girls.Hr.Sec.School, Church Road, Dharapuram- 638656,Building facing South (West Portion) Room No-2",Dharapuram (M) Devendra Street Ward No 19; Dharapuram (M) Devendra Kurruku Theru -2 Ward No 19,Mohanraj.M,,1,531,0.19,False
176,"St.Alocious Girls.Hr.Sec.School, Church Road, Dharapuram- 638656,Building facing South (West Portion) Room No-2",Dharapuram (M) Devendra Street Ward No 19; Dharapuram (M) Devendra Kurruku Theru -2 Ward No 19,Rohini.S,,0,531,0.0,False
176,"St.Alocious Girls.Hr.Sec.School, Church Road, Dharapuram- 638656,Building facing South (West Portion) Room No-2",Dharapuram (M) Devendra Street Ward No 19; Dharapuram (M) Devendra Kurruku Theru -2 Ward No 19,NOTA,NOTA,2,531,0.38,False
177,"St.Alocious Elementary School, Church Road, Dharapuram-638 656,Building facing East (North Portion)",Dharapuram (M) Christhuva Sandhu Ward No 19; Dharapuram (M) Christhuva Anuppar Theru Ward No 18,Indirani.T,,225,583,38.59,False
177,"St.Alocious Elementary School, Church Road, Dharapuram-638 656,Building facing East (North Portion)",Dharapuram (M) Christhuva Sandhu Ward No 19; Dharapuram (M) Christhuva Anuppar Theru Ward No 18,Sathyabama.P,,108,583,18.52,False
177,"St.Alocious Elementary School, Church Road, Dharapuram-638 656,Building facing East (North Portion)",Dharapuram (M) Christhuva Sandhu Ward No 19; Dharapuram (M) Christhuva Anuppar Theru Ward No 18,Dhivya,,11,583,1.89,False
177,"St.Alocious Elementary School, Church Road, Dharapuram-638 656,Building facing East (North Portion)",Dharapuram (M) Christhuva Sandhu Ward No 19; Dharapuram (M) Christhuva Anuppar Theru Ward No 18,Gowri Chitra,,233,583,39.97,True
177,"St.Alocious Elementary School, Church Road, Dharapuram-638 656,Building facing East (North Portion)",Dharapuram (M) Christhuva Sandhu Ward No 19; Dharapuram (M) Christhuva Anuppar Theru Ward No 18,Ananthi.S,,2,583,0.34,False
177,"St.Alocious Elementary School, Church Road, Dharapuram-638 656,Building facing East (North Portion)",Dharapuram (M) Christhuva Sandhu Ward No 19; Dharapuram (M) Christhuva Anuppar Theru Ward No 18,Indhirani.C,,0,583,0.0,False
177,"St.Alocious Elementary School, Church Road, Dharapuram-638 656,Building facing East (North Portion)",Dharapuram (M) Christhuva Sandhu Ward No 19; Dharapuram (M) Christhuva Anuppar Theru Ward No 18,Gowri.P,,0,583,0.0,False
177,"St.Alocious Elementary School, Church Road, Dharapuram-638 656,Building facing East (North Portion)",Dharapuram (M) Christhuva Sandhu Ward No 19; Dharapuram (M) Christhuva Anuppar Theru Ward No 18,Mohanraj.M,,0,583,0.0,False
177,"St.Alocious Elementary School, Church Road, Dharapuram-638 656,Building facing East (North Portion)",Dharapuram (M) Christhuva Sandhu Ward No 19; Dharapuram (M) Christhuva Anuppar Theru Ward No 18,Rohini.S,,2,583,0.34,False
177,"St.Alocious Elementary School, Church Road, Dharapuram-638 656,Building facing East (North Portion)",Dharapuram (M) Christhuva Sandhu Ward No 19; Dharapuram (M) Christhuva Anuppar Theru Ward No 18,NOTA,NOTA,2,583,0.34,False
178,"St.Alocious Elementary School, Church Road, Dharapuram-638 656,Building facing East (South Portion)","Dharapuram (M), Church Street ward No 19; Dharapuram (M), Subramaniyasamy Kovil Theru Ward No 19; Dharapuram (M), New Police Station Street Ward No 19",Indirani.T,,169,448,37.72,True
178,"St.Alocious Elementary School, Church Road, Dharapuram-638 656,Building facing East (South Portion)","Dharapuram (M), Church Street ward No 19; Dharapuram (M), Subramaniyasamy Kovil Theru Ward No 19; Dharapuram (M), New Police Station Street Ward No 19",Sathyabama.P,,122,448,27.23,False
178,"St.Alocious Elementary School, Church Road, Dharapuram-638 656,Building facing East (South Portion)","Dharapuram (M), Church Street ward No 19; Dharapuram (M), Subramaniyasamy Kovil Theru Ward No 19; Dharapuram (M), New Police Station Street Ward No 19",Dhivya,,8,448,1.79,False
178,"St.Alocious Elementary School, Church Road, Dharapuram-638 656,Building facing East (South Portion)","Dharapuram (M), Church Street ward No 19; Dharapuram (M), Subramaniyasamy Kovil Theru Ward No 19; Dharapuram (M), New Police Station Street Ward No 19",Gowri Chitra,,148,448,33.04,False
178,"St.Alocious Elementary School, Church Road, Dharapuram-638 656,Building facing East (South Portion)","Dharapuram (M), Church Street ward No 19; Dharapuram (M), Subramaniyasamy Kovil Theru Ward No 19; Dharapuram (M), New Police Station Street Ward No 19",Ananthi.S,,0,448,0.0,False
178,"St.Alocious Elementary School, Church Road, Dharapuram-638 656,Building facing East (South Portion)","Dharapuram (M), Church Street ward No 19; Dharapuram (M), Subramaniyasamy Kovil Theru Ward No 19; Dharapuram (M), New Police Station Street Ward No 19",Indhirani.C,,0,448,0.0,False
178,"St.Alocious Elementary School, Church Road, Dharapuram-638 656,Building facing East (South Portion)","Dharapuram (M), Church Street ward No 19; Dharapuram (M), Subramaniyasamy Kovil Theru Ward No 19; Dharapuram (M), New Police Station Street Ward No 19",Gowri.P,,0,448,0.0,False
178,"St.Alocious Elementary School, Church Road, Dharapuram-638 656,Building facing East (South Portion)","Dharapuram (M), Church Street ward No 19; Dharapuram (M), Subramaniyasamy Kovil Theru Ward No 19; Dharapuram (M), New Police Station Street Ward No 19",Mohanraj.M,,0,448,0.0,False
178,"St.Alocious Elementary School, Church Road, Dharapuram-638 656,Building facing East (South Portion)","Dharapuram (M), Church Street ward No 19; Dharapuram (M), Subramaniyasamy Kovil Theru Ward No 19; Dharapuram (M), New Police Station Street Ward No 19",Rohini.S,,0,448,0.0,False
178,"St.Alocious Elementary School, Church Road, Dharapuram-638 656,Building facing East (South Portion)","Dharapuram (M), Church Street ward No 19; Dharapuram (M), Subramaniyasamy Kovil Theru Ward No 19; Dharapuram (M), New Police Station Street Ward No 19",NOTA,NOTA,1,448,0.22,False
179,"St.Aloycious Girls.Hr.Sec.School, Church Street, Dharapuram- 638656,West facing building (Room No-54)","Dharapuram (M), Bharathiyar Theru Ward NO 21",Indirani.T,,197,676,29.14,False
179,"St.Aloycious Girls.Hr.Sec.School, Church Street, Dharapuram- 638656,West facing building (Room No-54)","Dharapuram (M), Bharathiyar Theru Ward NO 21",Sathyabama.P,,175,676,25.89,False
179,"St.Aloycious Girls.Hr.Sec.School, Church Street, Dharapuram- 638656,West facing building (Room No-54)","Dharapuram (M), Bharathiyar Theru Ward NO 21",Dhivya,,27,676,3.99,False
179,"St.Aloycious Girls.Hr.Sec.School, Church Street, Dharapuram- 638656,West facing building (Room No-54)","Dharapuram (M), Bharathiyar Theru Ward NO 21",Gowri Chitra,,272,676,40.24,True
179,"St.Aloycious Girls.Hr.Sec.School, Church Street, Dharapuram- 638656,West facing building (Room No-54)","Dharapuram (M), Bharathiyar Theru Ward NO 21",Ananthi.S,,0,676,0.0,False
179,"St.Aloycious Girls.Hr.Sec.School, Church Street, Dharapuram- 638656,West facing building (Room No-54)","Dharapuram (M), Bharathiyar Theru Ward NO 21",Indhirani.C,,0,676,0.0,False
179,"St.Aloycious Girls.Hr.Sec.School, Church Street, Dharapuram- 638656,West facing building (Room No-54)","Dharapuram (M), Bharathiyar Theru Ward NO 21",Gowri.P,,0,676,0.0,False
179,"St.Aloycious Girls.Hr.Sec.School, Church Street, Dharapuram- 638656,West facing building (Room No-54)","Dharapuram (M), Bharathiyar Theru Ward NO 21",Mohanraj.M,,1,676,0.15,False
179,"St.Aloycious Girls.Hr.Sec.School, Church Street, Dharapuram- 638656,West facing building (Room No-54)","Dharapuram (M), Bharathiyar Theru Ward NO 21",Rohini.S,,0,676,0.0,False
179,"St.Aloycious Girls.Hr.Sec.School, Church Street, Dharapuram- 638656,West facing building (Room No-54)","Dharapuram (M), Bharathiyar Theru Ward NO 21",NOTA,NOTA,4,676,0.59,False
180,"St.Aloysius Girls.Higher Sec .School, Church road, Dharapuram, Church Road, 638656 South facing Building (East Portion 2nd Room)",Dharapuram (M) South Ambedkar Theru Ward No 26; Dharapuram (M) New South Ambedkar Theru Ward No 26; Dharapuram (M) Pookara Theru Ward No 30,Indirani.T,,234,599,39.07,False
180,"St.Aloysius Girls.Higher Sec .School, Church road, Dharapuram, Church Road, 638656 South facing Building (East Portion 2nd Room)",Dharapuram (M) South Ambedkar Theru Ward No 26; Dharapuram (M) New South Ambedkar Theru Ward No 26; Dharapuram (M) Pookara Theru Ward No 30,Sathyabama.P,,102,599,17.03,False
180,"St.Aloysius Girls.Higher Sec .School, Church road, Dharapuram, Church Road, 638656 South facing Building (East Portion 2nd Room)",Dharapuram (M) South Ambedkar Theru Ward No 26; Dharapuram (M) New South Ambedkar Theru Ward No 26; Dharapuram (M) Pookara Theru Ward No 30,Dhivya,,17,599,2.84,False
180,"St.Aloysius Girls.Higher Sec .School, Church road, Dharapuram, Church Road, 638656 South facing Building (East Portion 2nd Room)",Dharapuram (M) South Ambedkar Theru Ward No 26; Dharapuram (M) New South Ambedkar Theru Ward No 26; Dharapuram (M) Pookara Theru Ward No 30,Gowri Chitra,,237,599,39.57,True
180,"St.Aloysius Girls.Higher Sec .School, Church road, Dharapuram, Church Road, 638656 South facing Building (East Portion 2nd Room)",Dharapuram (M) South Ambedkar Theru Ward No 26; Dharapuram (M) New South Ambedkar Theru Ward No 26; Dharapuram (M) Pookara Theru Ward No 30,Ananthi.S,,0,599,0.0,False
180,"St.Aloysius Girls.Higher Sec .School, Church road, Dharapuram, Church Road, 638656 South facing Building (East Portion 2nd Room)",Dharapuram (M) South Ambedkar Theru Ward No 26; Dharapuram (M) New South Ambedkar Theru Ward No 26; Dharapuram (M) Pookara Theru Ward No 30,Indhirani.C,,0,599,0.0,False
180,"St.Aloysius Girls.Higher Sec .School, Church road, Dharapuram, Church Road, 638656 South facing Building (East Portion 2nd Room)",Dharapuram (M) South Ambedkar Theru Ward No 26; Dharapuram (M) New South Ambedkar Theru Ward No 26; Dharapuram (M) Pookara Theru Ward No 30,Gowri.P,,2,599,0.33,False
180,"St.Aloysius Girls.Higher Sec .School, Church road, Dharapuram, Church Road, 638656 South facing Building (East Portion 2nd Room)",Dharapuram (M) South Ambedkar Theru Ward No 26; Dharapuram (M) New South Ambedkar Theru Ward No 26; Dharapuram (M) Pookara Theru Ward No 30,Mohanraj.M,,0,599,0.0,False
180,"St.Aloysius Girls.Higher Sec .School, Church road, Dharapuram, Church Road, 638656 South facing Building (East Portion 2nd Room)",Dharapuram (M) South Ambedkar Theru Ward No 26; Dharapuram (M) New South Ambedkar Theru Ward No 26; Dharapuram (M) Pookara Theru Ward No 30,Rohini.S,,3,599,0.5,False
180,"St.Aloysius Girls.Higher Sec .School, Church road, Dharapuram, Church Road, 638656 South facing Building (East Portion 2nd Room)",Dharapuram (M) South Ambedkar Theru Ward No 26; Dharapuram (M) New South Ambedkar Theru Ward No 26; Dharapuram (M) Pookara Theru Ward No 30,NOTA,NOTA,4,599,0.67,False
181,"St.Alocious Girls Hr.Sec.School, Church Road, Dharapuram- 638656,South facing building (East Portion) Room No-4",Dharapuram (M) Thalavaipattinam Road Ward No 26; Dharapuram (M) Alangiyam Road Ward No 26,Indirani.T,,163,488,33.4,True
181,"St.Alocious Girls Hr.Sec.School, Church Road, Dharapuram- 638656,South facing building (East Portion) Room No-4",Dharapuram (M) Thalavaipattinam Road Ward No 26; Dharapuram (M) Alangiyam Road Ward No 26,Sathyabama.P,,148,488,30.33,False
181,"St.Alocious Girls Hr.Sec.School, Church Road, Dharapuram- 638656,South facing building (East Portion) Room No-4",Dharapuram (M) Thalavaipattinam Road Ward No 26; Dharapuram (M) Alangiyam Road Ward No 26,Dhivya,,18,488,3.69,False
181,"St.Alocious Girls Hr.Sec.School, Church Road, Dharapuram- 638656,South facing building (East Portion) Room No-4",Dharapuram (M) Thalavaipattinam Road Ward No 26; Dharapuram (M) Alangiyam Road Ward No 26,Gowri Chitra,,157,488,32.17,False
181,"St.Alocious Girls Hr.Sec.School, Church Road, Dharapuram- 638656,South facing building (East Portion) Room No-4",Dharapuram (M) Thalavaipattinam Road Ward No 26; Dharapuram (M) Alangiyam Road Ward No 26,Ananthi.S,,0,488,0.0,False
181,"St.Alocious Girls Hr.Sec.School, Church Road, Dharapuram- 638656,South facing building (East Portion) Room No-4",Dharapuram (M) Thalavaipattinam Road Ward No 26; Dharapuram (M) Alangiyam Road Ward No 26,Indhirani.C,,0,488,0.0,False
181,"St.Alocious Girls Hr.Sec.School, Church Road, Dharapuram- 638656,South facing building (East Portion) Room No-4",Dharapuram (M) Thalavaipattinam Road Ward No 26; Dharapuram (M) Alangiyam Road Ward No 26,Gowri.P,,0,488,0.0,False
181,"St.Alocious Girls Hr.Sec.School, Church Road, Dharapuram- 638656,South facing building (East Portion) Room No-4",Dharapuram (M) Thalavaipattinam Road Ward No 26; Dharapuram (M) Alangiyam Road Ward No 26,Mohanraj.M,,0,488,0.0,False
181,"St.Alocious Girls Hr.Sec.School, Church Road, Dharapuram- 638656,South facing building (East Portion) Room No-4",Dharapuram (M) Thalavaipattinam Road Ward No 26; Dharapuram (M) Alangiyam Road Ward No 26,Rohini.S,,1,488,0.2,False
181,"St.Alocious Girls Hr.Sec.School, Church Road, Dharapuram- 638656,South facing building (East Portion) Room No-4",Dharapuram (M) Thalavaipattinam Road Ward No 26; Dharapuram (M) Alangiyam Road Ward No 26,NOTA,NOTA,1,488,0.2,False
182,"St Aloysius Girls Higher Sec School, Church road, Dharapuram, South facing Building (East Portion-First Room)","Dharapuram (M) Devendra Kurruku Theru Ward No 19; Dharapuram (M), Narayanan Theru Ward No 21",Indirani.T,,217,662,32.78,False
182,"St Aloysius Girls Higher Sec School, Church road, Dharapuram, South facing Building (East Portion-First Room)","Dharapuram (M) Devendra Kurruku Theru Ward No 19; Dharapuram (M), Narayanan Theru Ward No 21",Sathyabama.P,,126,662,19.03,False
182,"St Aloysius Girls Higher Sec School, Church road, Dharapuram, South facing Building (East Portion-First Room)","Dharapuram (M) Devendra Kurruku Theru Ward No 19; Dharapuram (M), Narayanan Theru Ward No 21",Dhivya,,19,662,2.87,False
182,"St Aloysius Girls Higher Sec School, Church road, Dharapuram, South facing Building (East Portion-First Room)","Dharapuram (M) Devendra Kurruku Theru Ward No 19; Dharapuram (M), Narayanan Theru Ward No 21",Gowri Chitra,,292,662,44.11,True
182,"St Aloysius Girls Higher Sec School, Church road, Dharapuram, South facing Building (East Portion-First Room)","Dharapuram (M) Devendra Kurruku Theru Ward No 19; Dharapuram (M), Narayanan Theru Ward No 21",Ananthi.S,,0,662,0.0,False
182,"St Aloysius Girls Higher Sec School, Church road, Dharapuram, South facing Building (East Portion-First Room)","Dharapuram (M) Devendra Kurruku Theru Ward No 19; Dharapuram (M), Narayanan Theru Ward No 21",Indhirani.C,,0,662,0.0,False
182,"St Aloysius Girls Higher Sec School, Church road, Dharapuram, South facing Building (East Portion-First Room)","Dharapuram (M) Devendra Kurruku Theru Ward No 19; Dharapuram (M), Narayanan Theru Ward No 21",Gowri.P,,0,662,0.0,False
182,"St Aloysius Girls Higher Sec School, Church road, Dharapuram, South facing Building (East Portion-First Room)","Dharapuram (M) Devendra Kurruku Theru Ward No 19; Dharapuram (M), Narayanan Theru Ward No 21",Mohanraj.M,,0,662,0.0,False
182,"St Aloysius Girls Higher Sec School, Church road, Dharapuram, South facing Building (East Portion-First Room)","Dharapuram (M) Devendra Kurruku Theru Ward No 19; Dharapuram (M), Narayanan Theru Ward No 21",Rohini.S,,2,662,0.3,False
182,"St Aloysius Girls Higher Sec School, Church road, Dharapuram, South facing Building (East Portion-First Room)","Dharapuram (M) Devendra Kurruku Theru Ward No 19; Dharapuram (M), Narayanan Theru Ward No 21",NOTA,NOTA,6,662,0.91,False
183,"C.S.I.Girls Hr.Sec.School, Udumalai Road, Dharapuram-638 656,Building facing East (South Portion)","Dharapuram (M) Udumalai Road Ward No 19, 21 and 25; Dharapuram (M) Udumalai Road Kurruku Theru 1 Ward No 25; Dharapuram (M) Udumalai Road Kurruku Theru Vitalbai Nagar Ward No.25",Indirani.T,,172,490,35.1,True
183,"C.S.I.Girls Hr.Sec.School, Udumalai Road, Dharapuram-638 656,Building facing East (South Portion)","Dharapuram (M) Udumalai Road Ward No 19, 21 and 25; Dharapuram (M) Udumalai Road Kurruku Theru 1 Ward No 25; Dharapuram (M) Udumalai Road Kurruku Theru Vitalbai Nagar Ward No.25",Sathyabama.P,,132,490,26.94,False
183,"C.S.I.Girls Hr.Sec.School, Udumalai Road, Dharapuram-638 656,Building facing East (South Portion)","Dharapuram (M) Udumalai Road Ward No 19, 21 and 25; Dharapuram (M) Udumalai Road Kurruku Theru 1 Ward No 25; Dharapuram (M) Udumalai Road Kurruku Theru Vitalbai Nagar Ward No.25",Dhivya,,21,490,4.29,False
183,"C.S.I.Girls Hr.Sec.School, Udumalai Road, Dharapuram-638 656,Building facing East (South Portion)","Dharapuram (M) Udumalai Road Ward No 19, 21 and 25; Dharapuram (M) Udumalai Road Kurruku Theru 1 Ward No 25; Dharapuram (M) Udumalai Road Kurruku Theru Vitalbai Nagar Ward No.25",Gowri Chitra,,164,490,33.47,False
183,"C.S.I.Girls Hr.Sec.School, Udumalai Road, Dharapuram-638 656,Building facing East (South Portion)","Dharapuram (M) Udumalai Road Ward No 19, 21 and 25; Dharapuram (M) Udumalai Road Kurruku Theru 1 Ward No 25; Dharapuram (M) Udumalai Road Kurruku Theru Vitalbai Nagar Ward No.25",Ananthi.S,,0,490,0.0,False
183,"C.S.I.Girls Hr.Sec.School, Udumalai Road, Dharapuram-638 656,Building facing East (South Portion)","Dharapuram (M) Udumalai Road Ward No 19, 21 and 25; Dharapuram (M) Udumalai Road Kurruku Theru 1 Ward No 25; Dharapuram (M) Udumalai Road Kurruku Theru Vitalbai Nagar Ward No.25",Indhirani.C,,0,490,0.0,False
183,"C.S.I.Girls Hr.Sec.School, Udumalai Road, Dharapuram-638 656,Building facing East (South Portion)","Dharapuram (M) Udumalai Road Ward No 19, 21 and 25; Dharapuram (M) Udumalai Road Kurruku Theru 1 Ward No 25; Dharapuram (M) Udumalai Road Kurruku Theru Vitalbai Nagar Ward No.25",Gowri.P,,0,490,0.0,False
183,"C.S.I.Girls Hr.Sec.School, Udumalai Road, Dharapuram-638 656,Building facing East (South Portion)","Dharapuram (M) Udumalai Road Ward No 19, 21 and 25; Dharapuram (M) Udumalai Road Kurruku Theru 1 Ward No 25; Dharapuram (M) Udumalai Road Kurruku Theru Vitalbai Nagar Ward No.25",Mohanraj.M,,0,490,0.0,False
183,"C.S.I.Girls Hr.Sec.School, Udumalai Road, Dharapuram-638 656,Building facing East (South Portion)","Dharapuram (M) Udumalai Road Ward No 19, 21 and 25; Dharapuram (M) Udumalai Road Kurruku Theru 1 Ward No 25; Dharapuram (M) Udumalai Road Kurruku Theru Vitalbai Nagar Ward No.25",Rohini.S,,0,490,0.0,False
183,"C.S.I.Girls Hr.Sec.School, Udumalai Road, Dharapuram-638 656,Building facing East (South Portion)","Dharapuram (M) Udumalai Road Ward No 19, 21 and 25; Dharapuram (M) Udumalai Road Kurruku Theru 1 Ward No 25; Dharapuram (M) Udumalai Road Kurruku Theru Vitalbai Nagar Ward No.25",NOTA,NOTA,1,490,0.2,False
184,"C.S.I.Girls Hr.Sec.School, Udumalai Road, Dharapuram-638 656,Building facing East (North Portion) C.S.I.Girls Hr.Sec.School, Udumalai No.25",Dharapuram (M) Manniyammai Nagar (Kottapuli Palayam Road) Ward No 21; Dharapuram (M) Bus Stand South Side Housing Unit Ward No.21; Dharapuram (M) CSI Hospital Backside Ward No 21; Dharapuram (M) Udumalai Road Kuruku Theru 4 (Senniyappa Nagar Ward,Indirani.T,,167,470,35.53,True
184,"C.S.I.Girls Hr.Sec.School, Udumalai Road, Dharapuram-638 656,Building facing East (North Portion) C.S.I.Girls Hr.Sec.School, Udumalai No.25",Dharapuram (M) Manniyammai Nagar (Kottapuli Palayam Road) Ward No 21; Dharapuram (M) Bus Stand South Side Housing Unit Ward No.21; Dharapuram (M) CSI Hospital Backside Ward No 21; Dharapuram (M) Udumalai Road Kuruku Theru 4 (Senniyappa Nagar Ward,Sathyabama.P,,119,470,25.32,False
184,"C.S.I.Girls Hr.Sec.School, Udumalai Road, Dharapuram-638 656,Building facing East (North Portion) C.S.I.Girls Hr.Sec.School, Udumalai No.25",Dharapuram (M) Manniyammai Nagar (Kottapuli Palayam Road) Ward No 21; Dharapuram (M) Bus Stand South Side Housing Unit Ward No.21; Dharapuram (M) CSI Hospital Backside Ward No 21; Dharapuram (M) Udumalai Road Kuruku Theru 4 (Senniyappa Nagar Ward,Dhivya,,20,470,4.26,False
184,"C.S.I.Girls Hr.Sec.School, Udumalai Road, Dharapuram-638 656,Building facing East (North Portion) C.S.I.Girls Hr.Sec.School, Udumalai No.25",Dharapuram (M) Manniyammai Nagar (Kottapuli Palayam Road) Ward No 21; Dharapuram (M) Bus Stand South Side Housing Unit Ward No.21; Dharapuram (M) CSI Hospital Backside Ward No 21; Dharapuram (M) Udumalai Road Kuruku Theru 4 (Senniyappa Nagar Ward,Gowri Chitra,,154,470,32.77,False
184,"C.S.I.Girls Hr.Sec.School, Udumalai Road, Dharapuram-638 656,Building facing East (North Portion) C.S.I.Girls Hr.Sec.School, Udumalai No.25",Dharapuram (M) Manniyammai Nagar (Kottapuli Palayam Road) Ward No 21; Dharapuram (M) Bus Stand South Side Housing Unit Ward No.21; Dharapuram (M) CSI Hospital Backside Ward No 21; Dharapuram (M) Udumalai Road Kuruku Theru 4 (Senniyappa Nagar Ward,Ananthi.S,,1,470,0.21,False
184,"C.S.I.Girls Hr.Sec.School, Udumalai Road, Dharapuram-638 656,Building facing East (North Portion) C.S.I.Girls Hr.Sec.School, Udumalai No.25",Dharapuram (M) Manniyammai Nagar (Kottapuli Palayam Road) Ward No 21; Dharapuram (M) Bus Stand South Side Housing Unit Ward No.21; Dharapuram (M) CSI Hospital Backside Ward No 21; Dharapuram (M) Udumalai Road Kuruku Theru 4 (Senniyappa Nagar Ward,Indhirani.C,,0,470,0.0,False
184,"C.S.I.Girls Hr.Sec.School, Udumalai Road, Dharapuram-638 656,Building facing East (North Portion) C.S.I.Girls Hr.Sec.School, Udumalai No.25",Dharapuram (M) Manniyammai Nagar (Kottapuli Palayam Road) Ward No 21; Dharapuram (M) Bus Stand South Side Housing Unit Ward No.21; Dharapuram (M) CSI Hospital Backside Ward No 21; Dharapuram (M) Udumalai Road Kuruku Theru 4 (Senniyappa Nagar Ward,Gowri.P,,0,470,0.0,False
184,"C.S.I.Girls Hr.Sec.School, Udumalai Road, Dharapuram-638 656,Building facing East (North Portion) C.S.I.Girls Hr.Sec.School, Udumalai No.25",Dharapuram (M) Manniyammai Nagar (Kottapuli Palayam Road) Ward No 21; Dharapuram (M) Bus Stand South Side Housing Unit Ward No.21; Dharapuram (M) CSI Hospital Backside Ward No 21; Dharapuram (M) Udumalai Road Kuruku Theru 4 (Senniyappa Nagar Ward,Mohanraj.M,,0,470,0.0,False
184,"C.S.I.Girls Hr.Sec.School, Udumalai Road, Dharapuram-638 656,Building facing East (North Portion) C.S.I.Girls Hr.Sec.School, Udumalai No.25",Dharapuram (M) Manniyammai Nagar (Kottapuli Palayam Road) Ward No 21; Dharapuram (M) Bus Stand South Side Housing Unit Ward No.21; Dharapuram (M) CSI Hospital Backside Ward No 21; Dharapuram (M) Udumalai Road Kuruku Theru 4 (Senniyappa Nagar Ward,Rohini.S,,1,470,0.21,False
184,"C.S.I.Girls Hr.Sec.School, Udumalai Road, Dharapuram-638 656,Building facing East (North Portion) C.S.I.Girls Hr.Sec.School, Udumalai No.25",Dharapuram (M) Manniyammai Nagar (Kottapuli Palayam Road) Ward No 21; Dharapuram (M) Bus Stand South Side Housing Unit Ward No.21; Dharapuram (M) CSI Hospital Backside Ward No 21; Dharapuram (M) Udumalai Road Kuruku Theru 4 (Senniyappa Nagar Ward,NOTA,NOTA,8,470,1.7,False
185,"Road, Dharapuram-638 656,Building facing South (West Portion)",Dharapuram (M) Udumalai Kurruku Theru 5 ( Rajendra Nagar) Ward No.25; Dharapuram (M) Udumalai Road Kurruku Theru Geetha Nagar Ward No 24; Dharapuram (M) Udumalai Road Kurruku Theru 7 (Nadesa Nagar) Ward No 24; Dharapuram (M) Arasu Aluvalar Vadagai Kuddirrupu Paguthi Ward No.24; OVERSEAS ELECTORS,Indirani.T,,212,561,37.79,False
185,"Road, Dharapuram-638 656,Building facing South (West Portion)",Dharapuram (M) Udumalai Kurruku Theru 5 ( Rajendra Nagar) Ward No.25; Dharapuram (M) Udumalai Road Kurruku Theru Geetha Nagar Ward No 24; Dharapuram (M) Udumalai Road Kurruku Theru 7 (Nadesa Nagar) Ward No 24; Dharapuram (M) Arasu Aluvalar Vadagai Kuddirrupu Paguthi Ward No.24; OVERSEAS ELECTORS,Sathyabama.P,,213,561,37.97,True
185,"Road, Dharapuram-638 656,Building facing South (West Portion)",Dharapuram (M) Udumalai Kurruku Theru 5 ( Rajendra Nagar) Ward No.25; Dharapuram (M) Udumalai Road Kurruku Theru Geetha Nagar Ward No 24; Dharapuram (M) Udumalai Road Kurruku Theru 7 (Nadesa Nagar) Ward No 24; Dharapuram (M) Arasu Aluvalar Vadagai Kuddirrupu Paguthi Ward No.24; OVERSEAS ELECTORS,Dhivya,,26,561,4.63,False
185,"Road, Dharapuram-638 656,Building facing South (West Portion)",Dharapuram (M) Udumalai Kurruku Theru 5 ( Rajendra Nagar) Ward No.25; Dharapuram (M) Udumalai Road Kurruku Theru Geetha Nagar Ward No 24; Dharapuram (M) Udumalai Road Kurruku Theru 7 (Nadesa Nagar) Ward No 24; Dharapuram (M) Arasu Aluvalar Vadagai Kuddirrupu Paguthi Ward No.24; OVERSEAS ELECTORS,Gowri Chitra,,107,561,19.07,False
185,"Road, Dharapuram-638 656,Building facing South (West Portion)",Dharapuram (M) Udumalai Kurruku Theru 5 ( Rajendra Nagar) Ward No.25; Dharapuram (M) Udumalai Road Kurruku Theru Geetha Nagar Ward No 24; Dharapuram (M) Udumalai Road Kurruku Theru 7 (Nadesa Nagar) Ward No 24; Dharapuram (M) Arasu Aluvalar Vadagai Kuddirrupu Paguthi Ward No.24; OVERSEAS ELECTORS,Ananthi.S,,1,561,0.18,False
185,"Road, Dharapuram-638 656,Building facing South (West Portion)",Dharapuram (M) Udumalai Kurruku Theru 5 ( Rajendra Nagar) Ward No.25; Dharapuram (M) Udumalai Road Kurruku Theru Geetha Nagar Ward No 24; Dharapuram (M) Udumalai Road Kurruku Theru 7 (Nadesa Nagar) Ward No 24; Dharapuram (M) Arasu Aluvalar Vadagai Kuddirrupu Paguthi Ward No.24; OVERSEAS ELECTORS,Indhirani.C,,0,561,0.0,False
185,"Road, Dharapuram-638 656,Building facing South (West Portion)",Dharapuram (M) Udumalai Kurruku Theru 5 ( Rajendra Nagar) Ward No.25; Dharapuram (M) Udumalai Road Kurruku Theru Geetha Nagar Ward No 24; Dharapuram (M) Udumalai Road Kurruku Theru 7 (Nadesa Nagar) Ward No 24; Dharapuram (M) Arasu Aluvalar Vadagai Kuddirrupu Paguthi Ward No.24; OVERSEAS ELECTORS,Gowri.P,,0,561,0.0,False
185,"Road, Dharapuram-638 656,Building facing South (West Portion)",Dharapuram (M) Udumalai Kurruku Theru 5 ( Rajendra Nagar) Ward No.25; Dharapuram (M) Udumalai Road Kurruku Theru Geetha Nagar Ward No 24; Dharapuram (M) Udumalai Road Kurruku Theru 7 (Nadesa Nagar) Ward No 24; Dharapuram (M) Arasu Aluvalar Vadagai Kuddirrupu Paguthi Ward No.24; OVERSEAS ELECTORS,Mohanraj.M,,0,561,0.0,False
185,"Road, Dharapuram-638 656,Building facing South (West Portion)",Dharapuram (M) Udumalai Kurruku Theru 5 ( Rajendra Nagar) Ward No.25; Dharapuram (M) Udumalai Road Kurruku Theru Geetha Nagar Ward No 24; Dharapuram (M) Udumalai Road Kurruku Theru 7 (Nadesa Nagar) Ward No 24; Dharapuram (M) Arasu Aluvalar Vadagai Kuddirrupu Paguthi Ward No.24; OVERSEAS ELECTORS,Rohini.S,,0,561,0.0,False
185,"Road, Dharapuram-638 656,Building facing South (West Portion)",Dharapuram (M) Udumalai Kurruku Theru 5 ( Rajendra Nagar) Ward No.25; Dharapuram (M) Udumalai Road Kurruku Theru Geetha Nagar Ward No 24; Dharapuram (M) Udumalai Road Kurruku Theru 7 (Nadesa Nagar) Ward No 24; Dharapuram (M) Arasu Aluvalar Vadagai Kuddirrupu Paguthi Ward No.24; OVERSEAS ELECTORS,NOTA,NOTA,2,561,0.36,False
186,"Srinivasa Aided School, Bheemar Agraharam,Dharapuram 638656,East Facing Building (North Portion)",Dharapuram (M) Gandhipuram Ward No 29 and 30,Indirani.T,,150,672,22.32,False
186,"Srinivasa Aided School, Bheemar Agraharam,Dharapuram 638656,East Facing Building (North Portion)",Dharapuram (M) Gandhipuram Ward No 29 and 30,Sathyabama.P,,195,672,29.02,False
186,"Srinivasa Aided School, Bheemar Agraharam,Dharapuram 638656,East Facing Building (North Portion)",Dharapuram (M) Gandhipuram Ward No 29 and 30,Dhivya,,25,672,3.72,False
186,"Srinivasa Aided School, Bheemar Agraharam,Dharapuram 638656,East Facing Building (North Portion)",Dharapuram (M) Gandhipuram Ward No 29 and 30,Gowri Chitra,,293,672,43.6,True
186,"Srinivasa Aided School, Bheemar Agraharam,Dharapuram 638656,East Facing Building (North Portion)",Dharapuram (M) Gandhipuram Ward No 29 and 30,Ananthi.S,,2,672,0.3,False
186,"Srinivasa Aided School, Bheemar Agraharam,Dharapuram 638656,East Facing Building (North Portion)",Dharapuram (M) Gandhipuram Ward No 29 and 30,Indhirani.C,,1,672,0.15,False
186,"Srinivasa Aided School, Bheemar Agraharam,Dharapuram 638656,East Facing Building (North Portion)",Dharapuram (M) Gandhipuram Ward No 29 and 30,Gowri.P,,1,672,0.15,False
186,"Srinivasa Aided School, Bheemar Agraharam,Dharapuram 638656,East Facing Building (North Portion)",Dharapuram (M) Gandhipuram Ward No 29 and 30,Mohanraj.M,,1,672,0.15,False
186,"Srinivasa Aided School, Bheemar Agraharam,Dharapuram 638656,East Facing Building (North Portion)",Dharapuram (M) Gandhipuram Ward No 29 and 30,Rohini.S,,3,672,0.45,False
186,"Srinivasa Aided School, Bheemar Agraharam,Dharapuram 638656,East Facing Building (North Portion)",Dharapuram (M) Gandhipuram Ward No 29 and 30,NOTA,NOTA,1,672,0.15,False
187,"Srinivasa Aided School, Bheemar Agraharam,Dharapuram 638656,East Facing Building (South Portion)","Dharapuram (M), Gandhipuram",Indirani.T,,158,568,27.82,False
187,"Srinivasa Aided School, Bheemar Agraharam,Dharapuram 638656,East Facing Building (South Portion)","Dharapuram (M), Gandhipuram",Sathyabama.P,,146,568,25.7,False
187,"Srinivasa Aided School, Bheemar Agraharam,Dharapuram 638656,East Facing Building (South Portion)","Dharapuram (M), Gandhipuram",Dhivya,,18,568,3.17,False
187,"Srinivasa Aided School, Bheemar Agraharam,Dharapuram 638656,East Facing Building (South Portion)","Dharapuram (M), Gandhipuram",Gowri Chitra,,244,568,42.96,True
187,"Srinivasa Aided School, Bheemar Agraharam,Dharapuram 638656,East Facing Building (South Portion)","Dharapuram (M), Gandhipuram",Ananthi.S,,0,568,0.0,False
187,"Srinivasa Aided School, Bheemar Agraharam,Dharapuram 638656,East Facing Building (South Portion)","Dharapuram (M), Gandhipuram",Indhirani.C,,0,568,0.0,False
187,"Srinivasa Aided School, Bheemar Agraharam,Dharapuram 638656,East Facing Building (South Portion)","Dharapuram (M), Gandhipuram",Gowri.P,,0,568,0.0,False
187,"Srinivasa Aided School, Bheemar Agraharam,Dharapuram 638656,East Facing Building (South Portion)","Dharapuram (M), Gandhipuram",Mohanraj.M,,1,568,0.18,False
187,"Srinivasa Aided School, Bheemar Agraharam,Dharapuram 638656,East Facing Building (South Portion)","Dharapuram (M), Gandhipuram",Rohini.S,,0,568,0.0,False
187,"Srinivasa Aided School, Bheemar Agraharam,Dharapuram 638656,East Facing Building (South Portion)","Dharapuram (M), Gandhipuram",NOTA,NOTA,1,568,0.18,False
188,"Mpl.Middle School,Chittravuthanpalayam,North Facing Building (East Portion) 8th Std",Dharapuram (M) Gandhipuram Kurruku Theru 1 (Kannan Nagar) Ward 24; Dharapuram (M) Gandhipuram Kurruku Theru 2 (Kannan Nagar) Ward 24,Indirani.T,,175,386,45.34,True
188,"Mpl.Middle School,Chittravuthanpalayam,North Facing Building (East Portion) 8th Std",Dharapuram (M) Gandhipuram Kurruku Theru 1 (Kannan Nagar) Ward 24; Dharapuram (M) Gandhipuram Kurruku Theru 2 (Kannan Nagar) Ward 24,Sathyabama.P,,99,386,25.65,False
188,"Mpl.Middle School,Chittravuthanpalayam,North Facing Building (East Portion) 8th Std",Dharapuram (M) Gandhipuram Kurruku Theru 1 (Kannan Nagar) Ward 24; Dharapuram (M) Gandhipuram Kurruku Theru 2 (Kannan Nagar) Ward 24,Dhivya,,10,386,2.59,False
188,"Mpl.Middle School,Chittravuthanpalayam,North Facing Building (East Portion) 8th Std",Dharapuram (M) Gandhipuram Kurruku Theru 1 (Kannan Nagar) Ward 24; Dharapuram (M) Gandhipuram Kurruku Theru 2 (Kannan Nagar) Ward 24,Gowri Chitra,,99,386,25.65,False
188,"Mpl.Middle School,Chittravuthanpalayam,North Facing Building (East Portion) 8th Std",Dharapuram (M) Gandhipuram Kurruku Theru 1 (Kannan Nagar) Ward 24; Dharapuram (M) Gandhipuram Kurruku Theru 2 (Kannan Nagar) Ward 24,Ananthi.S,,0,386,0.0,False
188,"Mpl.Middle School,Chittravuthanpalayam,North Facing Building (East Portion) 8th Std",Dharapuram (M) Gandhipuram Kurruku Theru 1 (Kannan Nagar) Ward 24; Dharapuram (M) Gandhipuram Kurruku Theru 2 (Kannan Nagar) Ward 24,Indhirani.C,,1,386,0.26,False
188,"Mpl.Middle School,Chittravuthanpalayam,North Facing Building (East Portion) 8th Std",Dharapuram (M) Gandhipuram Kurruku Theru 1 (Kannan Nagar) Ward 24; Dharapuram (M) Gandhipuram Kurruku Theru 2 (Kannan Nagar) Ward 24,Gowri.P,,0,386,0.0,False
188,"Mpl.Middle School,Chittravuthanpalayam,North Facing Building (East Portion) 8th Std",Dharapuram (M) Gandhipuram Kurruku Theru 1 (Kannan Nagar) Ward 24; Dharapuram (M) Gandhipuram Kurruku Theru 2 (Kannan Nagar) Ward 24,Mohanraj.M,,0,386,0.0,False
188,"Mpl.Middle School,Chittravuthanpalayam,North Facing Building (East Portion) 8th Std",Dharapuram (M) Gandhipuram Kurruku Theru 1 (Kannan Nagar) Ward 24; Dharapuram (M) Gandhipuram Kurruku Theru 2 (Kannan Nagar) Ward 24,Rohini.S,,0,386,0.0,False
188,"Mpl.Middle School,Chittravuthanpalayam,North Facing Building (East Portion) 8th Std",Dharapuram (M) Gandhipuram Kurruku Theru 1 (Kannan Nagar) Ward 24; Dharapuram (M) Gandhipuram Kurruku Theru 2 (Kannan Nagar) Ward 24,NOTA,NOTA,2,386,0.52,False
189,"Mpl.Middle School,Chittravuthanpalayam,West Facing Building (Middle Portion) 7th No.30 Std","Dharapuram (M) Gandhipuram Kuruku Theru 3 (Kannan Nagar ) Ward 24; Dharapuram (M) Gandhipuram Kurruku Theru 4 ( Vellayappa Nagar) Ward; Dharapuram (M) Gandhipuram KurukuTheru 5, Ward.30 (L.G.G.S Colony)",Indirani.T,,153,459,33.33,False
189,"Mpl.Middle School,Chittravuthanpalayam,West Facing Building (Middle Portion) 7th No.30 Std","Dharapuram (M) Gandhipuram Kuruku Theru 3 (Kannan Nagar ) Ward 24; Dharapuram (M) Gandhipuram Kurruku Theru 4 ( Vellayappa Nagar) Ward; Dharapuram (M) Gandhipuram KurukuTheru 5, Ward.30 (L.G.G.S Colony)",Sathyabama.P,,158,459,34.42,True
189,"Mpl.Middle School,Chittravuthanpalayam,West Facing Building (Middle Portion) 7th No.30 Std","Dharapuram (M) Gandhipuram Kuruku Theru 3 (Kannan Nagar ) Ward 24; Dharapuram (M) Gandhipuram Kurruku Theru 4 ( Vellayappa Nagar) Ward; Dharapuram (M) Gandhipuram KurukuTheru 5, Ward.30 (L.G.G.S Colony)",Dhivya,,13,459,2.83,False
189,"Mpl.Middle School,Chittravuthanpalayam,West Facing Building (Middle Portion) 7th No.30 Std","Dharapuram (M) Gandhipuram Kuruku Theru 3 (Kannan Nagar ) Ward 24; Dharapuram (M) Gandhipuram Kurruku Theru 4 ( Vellayappa Nagar) Ward; Dharapuram (M) Gandhipuram KurukuTheru 5, Ward.30 (L.G.G.S Colony)",Gowri Chitra,,134,459,29.19,False
189,"Mpl.Middle School,Chittravuthanpalayam,West Facing Building (Middle Portion) 7th No.30 Std","Dharapuram (M) Gandhipuram Kuruku Theru 3 (Kannan Nagar ) Ward 24; Dharapuram (M) Gandhipuram Kurruku Theru 4 ( Vellayappa Nagar) Ward; Dharapuram (M) Gandhipuram KurukuTheru 5, Ward.30 (L.G.G.S Colony)",Ananthi.S,,1,459,0.22,False
189,"Mpl.Middle School,Chittravuthanpalayam,West Facing Building (Middle Portion) 7th No.30 Std","Dharapuram (M) Gandhipuram Kuruku Theru 3 (Kannan Nagar ) Ward 24; Dharapuram (M) Gandhipuram Kurruku Theru 4 ( Vellayappa Nagar) Ward; Dharapuram (M) Gandhipuram KurukuTheru 5, Ward.30 (L.G.G.S Colony)",Indhirani.C,,0,459,0.0,False
189,"Mpl.Middle School,Chittravuthanpalayam,West Facing Building (Middle Portion) 7th No.30 Std","Dharapuram (M) Gandhipuram Kuruku Theru 3 (Kannan Nagar ) Ward 24; Dharapuram (M) Gandhipuram Kurruku Theru 4 ( Vellayappa Nagar) Ward; Dharapuram (M) Gandhipuram KurukuTheru 5, Ward.30 (L.G.G.S Colony)",Gowri.P,,0,459,0.0,False
189,"Mpl.Middle School,Chittravuthanpalayam,West Facing Building (Middle Portion) 7th No.30 Std","Dharapuram (M) Gandhipuram Kuruku Theru 3 (Kannan Nagar ) Ward 24; Dharapuram (M) Gandhipuram Kurruku Theru 4 ( Vellayappa Nagar) Ward; Dharapuram (M) Gandhipuram KurukuTheru 5, Ward.30 (L.G.G.S Colony)",Mohanraj.M,,0,459,0.0,False
189,"Mpl.Middle School,Chittravuthanpalayam,West Facing Building (Middle Portion) 7th No.30 Std","Dharapuram (M) Gandhipuram Kuruku Theru 3 (Kannan Nagar ) Ward 24; Dharapuram (M) Gandhipuram Kurruku Theru 4 ( Vellayappa Nagar) Ward; Dharapuram (M) Gandhipuram KurukuTheru 5, Ward.30 (L.G.G.S Colony)",Rohini.S,,0,459,0.0,False
189,"Mpl.Middle School,Chittravuthanpalayam,West Facing Building (Middle Portion) 7th No.30 Std","Dharapuram (M) Gandhipuram Kuruku Theru 3 (Kannan Nagar ) Ward 24; Dharapuram (M) Gandhipuram Kurruku Theru 4 ( Vellayappa Nagar) Ward; Dharapuram (M) Gandhipuram KurukuTheru 5, Ward.30 (L.G.G.S Colony)",NOTA,NOTA,0,459,0.0,False
190,"Municipal Middle School, Chittravuthanpalayam, Dharapuram-638656,West facing building (South Portion)",Dharapuram (M) Periyar West Street Ward No 30; Dharapuram (M) Periyar East Street Ward No 30; Dharapuram (M) Old Beemar Kurruku Theru ( Aladdikalampathai) Ward No.30,Indirani.T,,171,663,25.79,False
190,"Municipal Middle School, Chittravuthanpalayam, Dharapuram-638656,West facing building (South Portion)",Dharapuram (M) Periyar West Street Ward No 30; Dharapuram (M) Periyar East Street Ward No 30; Dharapuram (M) Old Beemar Kurruku Theru ( Aladdikalampathai) Ward No.30,Sathyabama.P,,173,663,26.09,False
190,"Municipal Middle School, Chittravuthanpalayam, Dharapuram-638656,West facing building (South Portion)",Dharapuram (M) Periyar West Street Ward No 30; Dharapuram (M) Periyar East Street Ward No 30; Dharapuram (M) Old Beemar Kurruku Theru ( Aladdikalampathai) Ward No.30,Dhivya,,23,663,3.47,False
190,"Municipal Middle School, Chittravuthanpalayam, Dharapuram-638656,West facing building (South Portion)",Dharapuram (M) Periyar West Street Ward No 30; Dharapuram (M) Periyar East Street Ward No 30; Dharapuram (M) Old Beemar Kurruku Theru ( Aladdikalampathai) Ward No.30,Gowri Chitra,,290,663,43.74,True
190,"Municipal Middle School, Chittravuthanpalayam, Dharapuram-638656,West facing building (South Portion)",Dharapuram (M) Periyar West Street Ward No 30; Dharapuram (M) Periyar East Street Ward No 30; Dharapuram (M) Old Beemar Kurruku Theru ( Aladdikalampathai) Ward No.30,Ananthi.S,,1,663,0.15,False
190,"Municipal Middle School, Chittravuthanpalayam, Dharapuram-638656,West facing building (South Portion)",Dharapuram (M) Periyar West Street Ward No 30; Dharapuram (M) Periyar East Street Ward No 30; Dharapuram (M) Old Beemar Kurruku Theru ( Aladdikalampathai) Ward No.30,Indhirani.C,,0,663,0.0,False
190,"Municipal Middle School, Chittravuthanpalayam, Dharapuram-638656,West facing building (South Portion)",Dharapuram (M) Periyar West Street Ward No 30; Dharapuram (M) Periyar East Street Ward No 30; Dharapuram (M) Old Beemar Kurruku Theru ( Aladdikalampathai) Ward No.30,Gowri.P,,0,663,0.0,False
190,"Municipal Middle School, Chittravuthanpalayam, Dharapuram-638656,West facing building (South Portion)",Dharapuram (M) Periyar West Street Ward No 30; Dharapuram (M) Periyar East Street Ward No 30; Dharapuram (M) Old Beemar Kurruku Theru ( Aladdikalampathai) Ward No.30,Mohanraj.M,,0,663,0.0,False
190,"Municipal Middle School, Chittravuthanpalayam, Dharapuram-638656,West facing building (South Portion)",Dharapuram (M) Periyar West Street Ward No 30; Dharapuram (M) Periyar East Street Ward No 30; Dharapuram (M) Old Beemar Kurruku Theru ( Aladdikalampathai) Ward No.30,Rohini.S,,1,663,0.15,False
190,"Municipal Middle School, Chittravuthanpalayam, Dharapuram-638656,West facing building (South Portion)",Dharapuram (M) Periyar West Street Ward No 30; Dharapuram (M) Periyar East Street Ward No 30; Dharapuram (M) Old Beemar Kurruku Theru ( Aladdikalampathai) Ward No.30,NOTA,NOTA,4,663,0.6,False
191,"Municipal Middle School, Chittravuthanpalayam, Dharapuram 638656, West Facing Building (North Portion)",Dharapuram (M) Bhimar Agraharam New Street Ward No 28; Dharapuram (M) Bhimar Agraharam Main Street ward No 28; Dharapuram (M) Bhimar Agraharam Main Street Cross Street-1 ward No 27,Indirani.T,,200,643,31.1,False
191,"Municipal Middle School, Chittravuthanpalayam, Dharapuram 638656, West Facing Building (North Portion)",Dharapuram (M) Bhimar Agraharam New Street Ward No 28; Dharapuram (M) Bhimar Agraharam Main Street ward No 28; Dharapuram (M) Bhimar Agraharam Main Street Cross Street-1 ward No 27,Sathyabama.P,,181,643,28.15,False
191,"Municipal Middle School, Chittravuthanpalayam, Dharapuram 638656, West Facing Building (North Portion)",Dharapuram (M) Bhimar Agraharam New Street Ward No 28; Dharapuram (M) Bhimar Agraharam Main Street ward No 28; Dharapuram (M) Bhimar Agraharam Main Street Cross Street-1 ward No 27,Dhivya,,27,643,4.2,False
191,"Municipal Middle School, Chittravuthanpalayam, Dharapuram 638656, West Facing Building (North Portion)",Dharapuram (M) Bhimar Agraharam New Street Ward No 28; Dharapuram (M) Bhimar Agraharam Main Street ward No 28; Dharapuram (M) Bhimar Agraharam Main Street Cross Street-1 ward No 27,Gowri Chitra,,227,643,35.3,True
191,"Municipal Middle School, Chittravuthanpalayam, Dharapuram 638656, West Facing Building (North Portion)",Dharapuram (M) Bhimar Agraharam New Street Ward No 28; Dharapuram (M) Bhimar Agraharam Main Street ward No 28; Dharapuram (M) Bhimar Agraharam Main Street Cross Street-1 ward No 27,Ananthi.S,,0,643,0.0,False
191,"Municipal Middle School, Chittravuthanpalayam, Dharapuram 638656, West Facing Building (North Portion)",Dharapuram (M) Bhimar Agraharam New Street Ward No 28; Dharapuram (M) Bhimar Agraharam Main Street ward No 28; Dharapuram (M) Bhimar Agraharam Main Street Cross Street-1 ward No 27,Indhirani.C,,2,643,0.31,False
191,"Municipal Middle School, Chittravuthanpalayam, Dharapuram 638656, West Facing Building (North Portion)",Dharapuram (M) Bhimar Agraharam New Street Ward No 28; Dharapuram (M) Bhimar Agraharam Main Street ward No 28; Dharapuram (M) Bhimar Agraharam Main Street Cross Street-1 ward No 27,Gowri.P,,0,643,0.0,False
191,"Municipal Middle School, Chittravuthanpalayam, Dharapuram 638656, West Facing Building (North Portion)",Dharapuram (M) Bhimar Agraharam New Street Ward No 28; Dharapuram (M) Bhimar Agraharam Main Street ward No 28; Dharapuram (M) Bhimar Agraharam Main Street Cross Street-1 ward No 27,Mohanraj.M,,2,643,0.31,False
191,"Municipal Middle School, Chittravuthanpalayam, Dharapuram 638656, West Facing Building (North Portion)",Dharapuram (M) Bhimar Agraharam New Street Ward No 28; Dharapuram (M) Bhimar Agraharam Main Street ward No 28; Dharapuram (M) Bhimar Agraharam Main Street Cross Street-1 ward No 27,Rohini.S,,1,643,0.16,False
191,"Municipal Middle School, Chittravuthanpalayam, Dharapuram 638656, West Facing Building (North Portion)",Dharapuram (M) Bhimar Agraharam New Street Ward No 28; Dharapuram (M) Bhimar Agraharam Main Street ward No 28; Dharapuram (M) Bhimar Agraharam Main Street Cross Street-1 ward No 27,NOTA,NOTA,3,643,0.47,False
192,"Municipal Middle School, Chittravuthanpalayam, Dharapuram,Building facing South (Eastern side)",Dharapuram (M) West Katcheri Street Ward No 28; Dharapuram (M) Katcheri Street Ward No 28; Dharapuram (M) Jawahar Nagar Ward No 27,Indirani.T,,195,619,31.5,False
192,"Municipal Middle School, Chittravuthanpalayam, Dharapuram,Building facing South (Eastern side)",Dharapuram (M) West Katcheri Street Ward No 28; Dharapuram (M) Katcheri Street Ward No 28; Dharapuram (M) Jawahar Nagar Ward No 27,Sathyabama.P,,95,619,15.35,False
192,"Municipal Middle School, Chittravuthanpalayam, Dharapuram,Building facing South (Eastern side)",Dharapuram (M) West Katcheri Street Ward No 28; Dharapuram (M) Katcheri Street Ward No 28; Dharapuram (M) Jawahar Nagar Ward No 27,Dhivya,,10,619,1.62,False
192,"Municipal Middle School, Chittravuthanpalayam, Dharapuram,Building facing South (Eastern side)",Dharapuram (M) West Katcheri Street Ward No 28; Dharapuram (M) Katcheri Street Ward No 28; Dharapuram (M) Jawahar Nagar Ward No 27,Gowri Chitra,,315,619,50.89,True
192,"Municipal Middle School, Chittravuthanpalayam, Dharapuram,Building facing South (Eastern side)",Dharapuram (M) West Katcheri Street Ward No 28; Dharapuram (M) Katcheri Street Ward No 28; Dharapuram (M) Jawahar Nagar Ward No 27,Ananthi.S,,0,619,0.0,False
192,"Municipal Middle School, Chittravuthanpalayam, Dharapuram,Building facing South (Eastern side)",Dharapuram (M) West Katcheri Street Ward No 28; Dharapuram (M) Katcheri Street Ward No 28; Dharapuram (M) Jawahar Nagar Ward No 27,Indhirani.C,,0,619,0.0,False
192,"Municipal Middle School, Chittravuthanpalayam, Dharapuram,Building facing South (Eastern side)",Dharapuram (M) West Katcheri Street Ward No 28; Dharapuram (M) Katcheri Street Ward No 28; Dharapuram (M) Jawahar Nagar Ward No 27,Gowri.P,,1,619,0.16,False
192,"Municipal Middle School, Chittravuthanpalayam, Dharapuram,Building facing South (Eastern side)",Dharapuram (M) West Katcheri Street Ward No 28; Dharapuram (M) Katcheri Street Ward No 28; Dharapuram (M) Jawahar Nagar Ward No 27,Mohanraj.M,,0,619,0.0,False
192,"Municipal Middle School, Chittravuthanpalayam, Dharapuram,Building facing South (Eastern side)",Dharapuram (M) West Katcheri Street Ward No 28; Dharapuram (M) Katcheri Street Ward No 28; Dharapuram (M) Jawahar Nagar Ward No 27,Rohini.S,,1,619,0.16,False
192,"Municipal Middle School, Chittravuthanpalayam, Dharapuram,Building facing South (Eastern side)",Dharapuram (M) West Katcheri Street Ward No 28; Dharapuram (M) Katcheri Street Ward No 28; Dharapuram (M) Jawahar Nagar Ward No 27,NOTA,NOTA,2,619,0.32,False
193,"Municipal Middle School, Chittravuthanpalayam, Dharapuram, South facing Building (West Portion)",Dharapuram (M) Bhimar Agraharam Main Street Ward No 28; Dharapuram (M) Bhimar Agraharam Main Street Cross Street Ward No 28; Dharapuram (M) Palaiya Beemar Aghraharam Ward No 30,Indirani.T,,167,543,30.76,False
193,"Municipal Middle School, Chittravuthanpalayam, Dharapuram, South facing Building (West Portion)",Dharapuram (M) Bhimar Agraharam Main Street Ward No 28; Dharapuram (M) Bhimar Agraharam Main Street Cross Street Ward No 28; Dharapuram (M) Palaiya Beemar Aghraharam Ward No 30,Sathyabama.P,,142,543,26.15,False
193,"Municipal Middle School, Chittravuthanpalayam, Dharapuram, South facing Building (West Portion)",Dharapuram (M) Bhimar Agraharam Main Street Ward No 28; Dharapuram (M) Bhimar Agraharam Main Street Cross Street Ward No 28; Dharapuram (M) Palaiya Beemar Aghraharam Ward No 30,Dhivya,,20,543,3.68,False
193,"Municipal Middle School, Chittravuthanpalayam, Dharapuram, South facing Building (West Portion)",Dharapuram (M) Bhimar Agraharam Main Street Ward No 28; Dharapuram (M) Bhimar Agraharam Main Street Cross Street Ward No 28; Dharapuram (M) Palaiya Beemar Aghraharam Ward No 30,Gowri Chitra,,211,543,38.86,True
193,"Municipal Middle School, Chittravuthanpalayam, Dharapuram, South facing Building (West Portion)",Dharapuram (M) Bhimar Agraharam Main Street Ward No 28; Dharapuram (M) Bhimar Agraharam Main Street Cross Street Ward No 28; Dharapuram (M) Palaiya Beemar Aghraharam Ward No 30,Ananthi.S,,0,543,0.0,False
193,"Municipal Middle School, Chittravuthanpalayam, Dharapuram, South facing Building (West Portion)",Dharapuram (M) Bhimar Agraharam Main Street Ward No 28; Dharapuram (M) Bhimar Agraharam Main Street Cross Street Ward No 28; Dharapuram (M) Palaiya Beemar Aghraharam Ward No 30,Indhirani.C,,0,543,0.0,False
193,"Municipal Middle School, Chittravuthanpalayam, Dharapuram, South facing Building (West Portion)",Dharapuram (M) Bhimar Agraharam Main Street Ward No 28; Dharapuram (M) Bhimar Agraharam Main Street Cross Street Ward No 28; Dharapuram (M) Palaiya Beemar Aghraharam Ward No 30,Gowri.P,,1,543,0.18,False
193,"Municipal Middle School, Chittravuthanpalayam, Dharapuram, South facing Building (West Portion)",Dharapuram (M) Bhimar Agraharam Main Street Ward No 28; Dharapuram (M) Bhimar Agraharam Main Street Cross Street Ward No 28; Dharapuram (M) Palaiya Beemar Aghraharam Ward No 30,Mohanraj.M,,0,543,0.0,False
193,"Municipal Middle School, Chittravuthanpalayam, Dharapuram, South facing Building (West Portion)",Dharapuram (M) Bhimar Agraharam Main Street Ward No 28; Dharapuram (M) Bhimar Agraharam Main Street Cross Street Ward No 28; Dharapuram (M) Palaiya Beemar Aghraharam Ward No 30,Rohini.S,,0,543,0.0,False
193,"Municipal Middle School, Chittravuthanpalayam, Dharapuram, South facing Building (West Portion)",Dharapuram (M) Bhimar Agraharam Main Street Ward No 28; Dharapuram (M) Bhimar Agraharam Main Street Cross Street Ward No 28; Dharapuram (M) Palaiya Beemar Aghraharam Ward No 30,NOTA,NOTA,2,543,0.37,False
194,"P U E School, Seerampalayam 638673,South Facing Building West Part",Kolathupalayam (TP) Ward 1 Meenatchipuram Main Street; Kolathupalayam (TP) Ward 1 NaickerStreet (Ellappanaickenvalasu) J.J.Nagar; Kolathupalayam (TP) Ward 1 Seerampalayam South Street,Indirani.T,,218,690,31.59,False
194,"P U E School, Seerampalayam 638673,South Facing Building West Part",Kolathupalayam (TP) Ward 1 Meenatchipuram Main Street; Kolathupalayam (TP) Ward 1 NaickerStreet (Ellappanaickenvalasu) J.J.Nagar; Kolathupalayam (TP) Ward 1 Seerampalayam South Street,Sathyabama.P,,276,690,40.0,True
194,"P U E School, Seerampalayam 638673,South Facing Building West Part",Kolathupalayam (TP) Ward 1 Meenatchipuram Main Street; Kolathupalayam (TP) Ward 1 NaickerStreet (Ellappanaickenvalasu) J.J.Nagar; Kolathupalayam (TP) Ward 1 Seerampalayam South Street,Dhivya,,17,690,2.46,False
194,"P U E School, Seerampalayam 638673,South Facing Building West Part",Kolathupalayam (TP) Ward 1 Meenatchipuram Main Street; Kolathupalayam (TP) Ward 1 NaickerStreet (Ellappanaickenvalasu) J.J.Nagar; Kolathupalayam (TP) Ward 1 Seerampalayam South Street,Gowri Chitra,,174,690,25.22,False
194,"P U E School, Seerampalayam 638673,South Facing Building West Part",Kolathupalayam (TP) Ward 1 Meenatchipuram Main Street; Kolathupalayam (TP) Ward 1 NaickerStreet (Ellappanaickenvalasu) J.J.Nagar; Kolathupalayam (TP) Ward 1 Seerampalayam South Street,Ananthi.S,,1,690,0.14,False
194,"P U E School, Seerampalayam 638673,South Facing Building West Part",Kolathupalayam (TP) Ward 1 Meenatchipuram Main Street; Kolathupalayam (TP) Ward 1 NaickerStreet (Ellappanaickenvalasu) J.J.Nagar; Kolathupalayam (TP) Ward 1 Seerampalayam South Street,Indhirani.C,,0,690,0.0,False
194,"P U E School, Seerampalayam 638673,South Facing Building West Part",Kolathupalayam (TP) Ward 1 Meenatchipuram Main Street; Kolathupalayam (TP) Ward 1 NaickerStreet (Ellappanaickenvalasu) J.J.Nagar; Kolathupalayam (TP) Ward 1 Seerampalayam South Street,Gowri.P,,0,690,0.0,False
194,"P U E School, Seerampalayam 638673,South Facing Building West Part",Kolathupalayam (TP) Ward 1 Meenatchipuram Main Street; Kolathupalayam (TP) Ward 1 NaickerStreet (Ellappanaickenvalasu) J.J.Nagar; Kolathupalayam (TP) Ward 1 Seerampalayam South Street,Mohanraj.M,,0,690,0.0,False
194,"P U E School, Seerampalayam 638673,South Facing Building West Part",Kolathupalayam (TP) Ward 1 Meenatchipuram Main Street; Kolathupalayam (TP) Ward 1 NaickerStreet (Ellappanaickenvalasu) J.J.Nagar; Kolathupalayam (TP) Ward 1 Seerampalayam South Street,Rohini.S,,1,690,0.14,False
194,"P U E School, Seerampalayam 638673,South Facing Building West Part",Kolathupalayam (TP) Ward 1 Meenatchipuram Main Street; Kolathupalayam (TP) Ward 1 NaickerStreet (Ellappanaickenvalasu) J.J.Nagar; Kolathupalayam (TP) Ward 1 Seerampalayam South Street,NOTA,NOTA,3,690,0.43,False
195,"P.U.E.School, Seerampalayam ,Building facing South (East Portion)","Kolathupalayam (TP) Ward 2 Seerampalayam Pallivasal Street; Kolathupalayam (TP) Ward 2 Mettu Valasu Vinayagar Kovil Street; Kolathupalayam (TP) Ward 11, Ambedkar Nagar(Kolathupalayam )",Indirani.T,,196,585,33.5,False
195,"P.U.E.School, Seerampalayam ,Building facing South (East Portion)","Kolathupalayam (TP) Ward 2 Seerampalayam Pallivasal Street; Kolathupalayam (TP) Ward 2 Mettu Valasu Vinayagar Kovil Street; Kolathupalayam (TP) Ward 11, Ambedkar Nagar(Kolathupalayam )",Sathyabama.P,,152,585,25.98,False
195,"P.U.E.School, Seerampalayam ,Building facing South (East Portion)","Kolathupalayam (TP) Ward 2 Seerampalayam Pallivasal Street; Kolathupalayam (TP) Ward 2 Mettu Valasu Vinayagar Kovil Street; Kolathupalayam (TP) Ward 11, Ambedkar Nagar(Kolathupalayam )",Dhivya,,13,585,2.22,False
195,"P.U.E.School, Seerampalayam ,Building facing South (East Portion)","Kolathupalayam (TP) Ward 2 Seerampalayam Pallivasal Street; Kolathupalayam (TP) Ward 2 Mettu Valasu Vinayagar Kovil Street; Kolathupalayam (TP) Ward 11, Ambedkar Nagar(Kolathupalayam )",Gowri Chitra,,216,585,36.92,True
195,"P.U.E.School, Seerampalayam ,Building facing South (East Portion)","Kolathupalayam (TP) Ward 2 Seerampalayam Pallivasal Street; Kolathupalayam (TP) Ward 2 Mettu Valasu Vinayagar Kovil Street; Kolathupalayam (TP) Ward 11, Ambedkar Nagar(Kolathupalayam )",Ananthi.S,,2,585,0.34,False
195,"P.U.E.School, Seerampalayam ,Building facing South (East Portion)","Kolathupalayam (TP) Ward 2 Seerampalayam Pallivasal Street; Kolathupalayam (TP) Ward 2 Mettu Valasu Vinayagar Kovil Street; Kolathupalayam (TP) Ward 11, Ambedkar Nagar(Kolathupalayam )",Indhirani.C,,0,585,0.0,False
195,"P.U.E.School, Seerampalayam ,Building facing South (East Portion)","Kolathupalayam (TP) Ward 2 Seerampalayam Pallivasal Street; Kolathupalayam (TP) Ward 2 Mettu Valasu Vinayagar Kovil Street; Kolathupalayam (TP) Ward 11, Ambedkar Nagar(Kolathupalayam )",Gowri.P,,0,585,0.0,False
195,"P.U.E.School, Seerampalayam ,Building facing South (East Portion)","Kolathupalayam (TP) Ward 2 Seerampalayam Pallivasal Street; Kolathupalayam (TP) Ward 2 Mettu Valasu Vinayagar Kovil Street; Kolathupalayam (TP) Ward 11, Ambedkar Nagar(Kolathupalayam )",Mohanraj.M,,2,585,0.34,False
195,"P.U.E.School, Seerampalayam ,Building facing South (East Portion)","Kolathupalayam (TP) Ward 2 Seerampalayam Pallivasal Street; Kolathupalayam (TP) Ward 2 Mettu Valasu Vinayagar Kovil Street; Kolathupalayam (TP) Ward 11, Ambedkar Nagar(Kolathupalayam )",Rohini.S,,3,585,0.51,False
195,"P.U.E.School, Seerampalayam ,Building facing South (East Portion)","Kolathupalayam (TP) Ward 2 Seerampalayam Pallivasal Street; Kolathupalayam (TP) Ward 2 Mettu Valasu Vinayagar Kovil Street; Kolathupalayam (TP) Ward 11, Ambedkar Nagar(Kolathupalayam )",NOTA,NOTA,1,585,0.17,False
196,"P.U.M.S, Kalipalayam-638 661,Building facing South (East Portion)",Kolathupalayam (TP) Ward 4 Mill Gate; Kolathupalayam (TP) Ward 2 Kalipalayam Karur Main Road; Kolathupalayam (TP) Ward 4 Kalipalayam MiddleStreet; Kolathupalayam (TP) Ward 10 Karurmainroad RamamoorthyNagar,Indirani.T,,401,772,51.94,True
196,"P.U.M.S, Kalipalayam-638 661,Building facing South (East Portion)",Kolathupalayam (TP) Ward 4 Mill Gate; Kolathupalayam (TP) Ward 2 Kalipalayam Karur Main Road; Kolathupalayam (TP) Ward 4 Kalipalayam MiddleStreet; Kolathupalayam (TP) Ward 10 Karurmainroad RamamoorthyNagar,Sathyabama.P,,149,772,19.3,False
196,"P.U.M.S, Kalipalayam-638 661,Building facing South (East Portion)",Kolathupalayam (TP) Ward 4 Mill Gate; Kolathupalayam (TP) Ward 2 Kalipalayam Karur Main Road; Kolathupalayam (TP) Ward 4 Kalipalayam MiddleStreet; Kolathupalayam (TP) Ward 10 Karurmainroad RamamoorthyNagar,Dhivya,,18,772,2.33,False
196,"P.U.M.S, Kalipalayam-638 661,Building facing South (East Portion)",Kolathupalayam (TP) Ward 4 Mill Gate; Kolathupalayam (TP) Ward 2 Kalipalayam Karur Main Road; Kolathupalayam (TP) Ward 4 Kalipalayam MiddleStreet; Kolathupalayam (TP) Ward 10 Karurmainroad RamamoorthyNagar,Gowri Chitra,,199,772,25.78,False
196,"P.U.M.S, Kalipalayam-638 661,Building facing South (East Portion)",Kolathupalayam (TP) Ward 4 Mill Gate; Kolathupalayam (TP) Ward 2 Kalipalayam Karur Main Road; Kolathupalayam (TP) Ward 4 Kalipalayam MiddleStreet; Kolathupalayam (TP) Ward 10 Karurmainroad RamamoorthyNagar,Ananthi.S,,0,772,0.0,False
196,"P.U.M.S, Kalipalayam-638 661,Building facing South (East Portion)",Kolathupalayam (TP) Ward 4 Mill Gate; Kolathupalayam (TP) Ward 2 Kalipalayam Karur Main Road; Kolathupalayam (TP) Ward 4 Kalipalayam MiddleStreet; Kolathupalayam (TP) Ward 10 Karurmainroad RamamoorthyNagar,Indhirani.C,,1,772,0.13,False
196,"P.U.M.S, Kalipalayam-638 661,Building facing South (East Portion)",Kolathupalayam (TP) Ward 4 Mill Gate; Kolathupalayam (TP) Ward 2 Kalipalayam Karur Main Road; Kolathupalayam (TP) Ward 4 Kalipalayam MiddleStreet; Kolathupalayam (TP) Ward 10 Karurmainroad RamamoorthyNagar,Gowri.P,,0,772,0.0,False
196,"P.U.M.S, Kalipalayam-638 661,Building facing South (East Portion)",Kolathupalayam (TP) Ward 4 Mill Gate; Kolathupalayam (TP) Ward 2 Kalipalayam Karur Main Road; Kolathupalayam (TP) Ward 4 Kalipalayam MiddleStreet; Kolathupalayam (TP) Ward 10 Karurmainroad RamamoorthyNagar,Mohanraj.M,,1,772,0.13,False
196,"P.U.M.S, Kalipalayam-638 661,Building facing South (East Portion)",Kolathupalayam (TP) Ward 4 Mill Gate; Kolathupalayam (TP) Ward 2 Kalipalayam Karur Main Road; Kolathupalayam (TP) Ward 4 Kalipalayam MiddleStreet; Kolathupalayam (TP) Ward 10 Karurmainroad RamamoorthyNagar,Rohini.S,,0,772,0.0,False
196,"P.U.M.S, Kalipalayam-638 661,Building facing South (East Portion)",Kolathupalayam (TP) Ward 4 Mill Gate; Kolathupalayam (TP) Ward 2 Kalipalayam Karur Main Road; Kolathupalayam (TP) Ward 4 Kalipalayam MiddleStreet; Kolathupalayam (TP) Ward 10 Karurmainroad RamamoorthyNagar,NOTA,NOTA,3,772,0.39,False
197,"PUMS Kalipalayam-638 661,Building facing South (West Portion)",Kolathupalayam (TP) Ward 3 Kalipalayam west street; Kolathupalayam (TP) Ward 3 Kalipalayam Harijan Street,Indirani.T,,264,667,39.58,True
197,"PUMS Kalipalayam-638 661,Building facing South (West Portion)",Kolathupalayam (TP) Ward 3 Kalipalayam west street; Kolathupalayam (TP) Ward 3 Kalipalayam Harijan Street,Sathyabama.P,,151,667,22.64,False
197,"PUMS Kalipalayam-638 661,Building facing South (West Portion)",Kolathupalayam (TP) Ward 3 Kalipalayam west street; Kolathupalayam (TP) Ward 3 Kalipalayam Harijan Street,Dhivya,,21,667,3.15,False
197,"PUMS Kalipalayam-638 661,Building facing South (West Portion)",Kolathupalayam (TP) Ward 3 Kalipalayam west street; Kolathupalayam (TP) Ward 3 Kalipalayam Harijan Street,Gowri Chitra,,226,667,33.88,False
197,"PUMS Kalipalayam-638 661,Building facing South (West Portion)",Kolathupalayam (TP) Ward 3 Kalipalayam west street; Kolathupalayam (TP) Ward 3 Kalipalayam Harijan Street,Ananthi.S,,0,667,0.0,False
197,"PUMS Kalipalayam-638 661,Building facing South (West Portion)",Kolathupalayam (TP) Ward 3 Kalipalayam west street; Kolathupalayam (TP) Ward 3 Kalipalayam Harijan Street,Indhirani.C,,0,667,0.0,False
197,"PUMS Kalipalayam-638 661,Building facing South (West Portion)",Kolathupalayam (TP) Ward 3 Kalipalayam west street; Kolathupalayam (TP) Ward 3 Kalipalayam Harijan Street,Gowri.P,,0,667,0.0,False
197,"PUMS Kalipalayam-638 661,Building facing South (West Portion)",Kolathupalayam (TP) Ward 3 Kalipalayam west street; Kolathupalayam (TP) Ward 3 Kalipalayam Harijan Street,Mohanraj.M,,0,667,0.0,False
197,"PUMS Kalipalayam-638 661,Building facing South (West Portion)",Kolathupalayam (TP) Ward 3 Kalipalayam west street; Kolathupalayam (TP) Ward 3 Kalipalayam Harijan Street,Rohini.S,,1,667,0.15,False
197,"PUMS Kalipalayam-638 661,Building facing South (West Portion)",Kolathupalayam (TP) Ward 3 Kalipalayam west street; Kolathupalayam (TP) Ward 3 Kalipalayam Harijan Street,NOTA,NOTA,4,667,0.6,False
198,"PUMS Kalipalayam-638 661,Building facing East (North Portion)","Kolathupalayam (TP) Ward 3 Mariamman koil Street; Kolathupalayam (TP) Ward 10, Ramamoorthy Nagar; Kolathupalayam (TP) Ward 2 M.G.R.Nagar",Indirani.T,,273,661,41.3,True
198,"PUMS Kalipalayam-638 661,Building facing East (North Portion)","Kolathupalayam (TP) Ward 3 Mariamman koil Street; Kolathupalayam (TP) Ward 10, Ramamoorthy Nagar; Kolathupalayam (TP) Ward 2 M.G.R.Nagar",Sathyabama.P,,143,661,21.63,False
198,"PUMS Kalipalayam-638 661,Building facing East (North Portion)","Kolathupalayam (TP) Ward 3 Mariamman koil Street; Kolathupalayam (TP) Ward 10, Ramamoorthy Nagar; Kolathupalayam (TP) Ward 2 M.G.R.Nagar",Dhivya,,24,661,3.63,False
198,"PUMS Kalipalayam-638 661,Building facing East (North Portion)","Kolathupalayam (TP) Ward 3 Mariamman koil Street; Kolathupalayam (TP) Ward 10, Ramamoorthy Nagar; Kolathupalayam (TP) Ward 2 M.G.R.Nagar",Gowri Chitra,,219,661,33.13,False
198,"PUMS Kalipalayam-638 661,Building facing East (North Portion)","Kolathupalayam (TP) Ward 3 Mariamman koil Street; Kolathupalayam (TP) Ward 10, Ramamoorthy Nagar; Kolathupalayam (TP) Ward 2 M.G.R.Nagar",Ananthi.S,,0,661,0.0,False
198,"PUMS Kalipalayam-638 661,Building facing East (North Portion)","Kolathupalayam (TP) Ward 3 Mariamman koil Street; Kolathupalayam (TP) Ward 10, Ramamoorthy Nagar; Kolathupalayam (TP) Ward 2 M.G.R.Nagar",Indhirani.C,,0,661,0.0,False
198,"PUMS Kalipalayam-638 661,Building facing East (North Portion)","Kolathupalayam (TP) Ward 3 Mariamman koil Street; Kolathupalayam (TP) Ward 10, Ramamoorthy Nagar; Kolathupalayam (TP) Ward 2 M.G.R.Nagar",Gowri.P,,1,661,0.15,False
198,"PUMS Kalipalayam-638 661,Building facing East (North Portion)","Kolathupalayam (TP) Ward 3 Mariamman koil Street; Kolathupalayam (TP) Ward 10, Ramamoorthy Nagar; Kolathupalayam (TP) Ward 2 M.G.R.Nagar",Mohanraj.M,,0,661,0.0,False
198,"PUMS Kalipalayam-638 661,Building facing East (North Portion)","Kolathupalayam (TP) Ward 3 Mariamman koil Street; Kolathupalayam (TP) Ward 10, Ramamoorthy Nagar; Kolathupalayam (TP) Ward 2 M.G.R.Nagar",Rohini.S,,0,661,0.0,False
198,"PUMS Kalipalayam-638 661,Building facing East (North Portion)","Kolathupalayam (TP) Ward 3 Mariamman koil Street; Kolathupalayam (TP) Ward 10, Ramamoorthy Nagar; Kolathupalayam (TP) Ward 2 M.G.R.Nagar",NOTA,NOTA,1,661,0.15,False
199,"Panchayat Union Elementary School, Ramapatinam 638661 South Facing Building",Kolathupalayam (TP) Ward 5 Ramapattinam karur Main Road; Kolathupalayam (TP) Ward 5 Ramapattinam Vinayagar Kovil Street; Kolathupalayam (TP) Ward 5 Ramapattinam West Street; Kolathupalayam (TP) Ward 5 Ramapattinam East Street,Indirani.T,,281,756,37.17,True
199,"Panchayat Union Elementary School, Ramapatinam 638661 South Facing Building",Kolathupalayam (TP) Ward 5 Ramapattinam karur Main Road; Kolathupalayam (TP) Ward 5 Ramapattinam Vinayagar Kovil Street; Kolathupalayam (TP) Ward 5 Ramapattinam West Street; Kolathupalayam (TP) Ward 5 Ramapattinam East Street,Sathyabama.P,,222,756,29.37,False
199,"Panchayat Union Elementary School, Ramapatinam 638661 South Facing Building",Kolathupalayam (TP) Ward 5 Ramapattinam karur Main Road; Kolathupalayam (TP) Ward 5 Ramapattinam Vinayagar Kovil Street; Kolathupalayam (TP) Ward 5 Ramapattinam West Street; Kolathupalayam (TP) Ward 5 Ramapattinam East Street,Dhivya,,41,756,5.42,False
199,"Panchayat Union Elementary School, Ramapatinam 638661 South Facing Building",Kolathupalayam (TP) Ward 5 Ramapattinam karur Main Road; Kolathupalayam (TP) Ward 5 Ramapattinam Vinayagar Kovil Street; Kolathupalayam (TP) Ward 5 Ramapattinam West Street; Kolathupalayam (TP) Ward 5 Ramapattinam East Street,Gowri Chitra,,204,756,26.98,False
199,"Panchayat Union Elementary School, Ramapatinam 638661 South Facing Building",Kolathupalayam (TP) Ward 5 Ramapattinam karur Main Road; Kolathupalayam (TP) Ward 5 Ramapattinam Vinayagar Kovil Street; Kolathupalayam (TP) Ward 5 Ramapattinam West Street; Kolathupalayam (TP) Ward 5 Ramapattinam East Street,Ananthi.S,,0,756,0.0,False
199,"Panchayat Union Elementary School, Ramapatinam 638661 South Facing Building",Kolathupalayam (TP) Ward 5 Ramapattinam karur Main Road; Kolathupalayam (TP) Ward 5 Ramapattinam Vinayagar Kovil Street; Kolathupalayam (TP) Ward 5 Ramapattinam West Street; Kolathupalayam (TP) Ward 5 Ramapattinam East Street,Indhirani.C,,1,756,0.13,False
199,"Panchayat Union Elementary School, Ramapatinam 638661 South Facing Building",Kolathupalayam (TP) Ward 5 Ramapattinam karur Main Road; Kolathupalayam (TP) Ward 5 Ramapattinam Vinayagar Kovil Street; Kolathupalayam (TP) Ward 5 Ramapattinam West Street; Kolathupalayam (TP) Ward 5 Ramapattinam East Street,Gowri.P,,1,756,0.13,False
199,"Panchayat Union Elementary School, Ramapatinam 638661 South Facing Building",Kolathupalayam (TP) Ward 5 Ramapattinam karur Main Road; Kolathupalayam (TP) Ward 5 Ramapattinam Vinayagar Kovil Street; Kolathupalayam (TP) Ward 5 Ramapattinam West Street; Kolathupalayam (TP) Ward 5 Ramapattinam East Street,Mohanraj.M,,0,756,0.0,False
199,"Panchayat Union Elementary School, Ramapatinam 638661 South Facing Building",Kolathupalayam (TP) Ward 5 Ramapattinam karur Main Road; Kolathupalayam (TP) Ward 5 Ramapattinam Vinayagar Kovil Street; Kolathupalayam (TP) Ward 5 Ramapattinam West Street; Kolathupalayam (TP) Ward 5 Ramapattinam East Street,Rohini.S,,3,756,0.4,False
199,"Panchayat Union Elementary School, Ramapatinam 638661 South Facing Building",Kolathupalayam (TP) Ward 5 Ramapattinam karur Main Road; Kolathupalayam (TP) Ward 5 Ramapattinam Vinayagar Kovil Street; Kolathupalayam (TP) Ward 5 Ramapattinam West Street; Kolathupalayam (TP) Ward 5 Ramapattinam East Street,NOTA,NOTA,3,756,0.4,False
200,"Govt.Hr.Sec.School, Kolathupalayam-638 661,Building facing South (West side) West Room",Kolathupalayam (TP) Ward 6 Karuppampalayam; Kolathupalayam (TP) Ward 6 Nathakattur; Kolathupalayam (TP) Ward 8 Karaiyur Karur Main Road; OVERSEAS ELECTORS,Indirani.T,,230,590,38.98,True
200,"Govt.Hr.Sec.School, Kolathupalayam-638 661,Building facing South (West side) West Room",Kolathupalayam (TP) Ward 6 Karuppampalayam; Kolathupalayam (TP) Ward 6 Nathakattur; Kolathupalayam (TP) Ward 8 Karaiyur Karur Main Road; OVERSEAS ELECTORS,Sathyabama.P,,218,590,36.95,False
200,"Govt.Hr.Sec.School, Kolathupalayam-638 661,Building facing South (West side) West Room",Kolathupalayam (TP) Ward 6 Karuppampalayam; Kolathupalayam (TP) Ward 6 Nathakattur; Kolathupalayam (TP) Ward 8 Karaiyur Karur Main Road; OVERSEAS ELECTORS,Dhivya,,21,590,3.56,False
200,"Govt.Hr.Sec.School, Kolathupalayam-638 661,Building facing South (West side) West Room",Kolathupalayam (TP) Ward 6 Karuppampalayam; Kolathupalayam (TP) Ward 6 Nathakattur; Kolathupalayam (TP) Ward 8 Karaiyur Karur Main Road; OVERSEAS ELECTORS,Gowri Chitra,,114,590,19.32,False
200,"Govt.Hr.Sec.School, Kolathupalayam-638 661,Building facing South (West side) West Room",Kolathupalayam (TP) Ward 6 Karuppampalayam; Kolathupalayam (TP) Ward 6 Nathakattur; Kolathupalayam (TP) Ward 8 Karaiyur Karur Main Road; OVERSEAS ELECTORS,Ananthi.S,,0,590,0.0,False
200,"Govt.Hr.Sec.School, Kolathupalayam-638 661,Building facing South (West side) West Room",Kolathupalayam (TP) Ward 6 Karuppampalayam; Kolathupalayam (TP) Ward 6 Nathakattur; Kolathupalayam (TP) Ward 8 Karaiyur Karur Main Road; OVERSEAS ELECTORS,Indhirani.C,,0,590,0.0,False
200,"Govt.Hr.Sec.School, Kolathupalayam-638 661,Building facing South (West side) West Room",Kolathupalayam (TP) Ward 6 Karuppampalayam; Kolathupalayam (TP) Ward 6 Nathakattur; Kolathupalayam (TP) Ward 8 Karaiyur Karur Main Road; OVERSEAS ELECTORS,Gowri.P,,1,590,0.17,False
200,"Govt.Hr.Sec.School, Kolathupalayam-638 661,Building facing South (West side) West Room",Kolathupalayam (TP) Ward 6 Karuppampalayam; Kolathupalayam (TP) Ward 6 Nathakattur; Kolathupalayam (TP) Ward 8 Karaiyur Karur Main Road; OVERSEAS ELECTORS,Mohanraj.M,,1,590,0.17,False
200,"Govt.Hr.Sec.School, Kolathupalayam-638 661,Building facing South (West side) West Room",Kolathupalayam (TP) Ward 6 Karuppampalayam; Kolathupalayam (TP) Ward 6 Nathakattur; Kolathupalayam (TP) Ward 8 Karaiyur Karur Main Road; OVERSEAS ELECTORS,Rohini.S,,2,590,0.34,False
200,"Govt.Hr.Sec.School, Kolathupalayam-638 661,Building facing South (West side) West Room",Kolathupalayam (TP) Ward 6 Karuppampalayam; Kolathupalayam (TP) Ward 6 Nathakattur; Kolathupalayam (TP) Ward 8 Karaiyur Karur Main Road; OVERSEAS ELECTORS,NOTA,NOTA,3,590,0.51,False
201,"Govt.Hr.Sec.School, Kolathupalayam-638 661,Building facing South West side (East Room)",Kolathupalayam (TP) Ward 8 Karaiyurpalaiya Kudumbar Street; Kolathupalayam (TP) Ward 8 Karaiyurkudumbar New Street; Kolathupalayam (TP) Ward 6 Goundaiyan Valasu Road (Karaiyur),Indirani.T,,217,743,29.21,False
201,"Govt.Hr.Sec.School, Kolathupalayam-638 661,Building facing South West side (East Room)",Kolathupalayam (TP) Ward 8 Karaiyurpalaiya Kudumbar Street; Kolathupalayam (TP) Ward 8 Karaiyurkudumbar New Street; Kolathupalayam (TP) Ward 6 Goundaiyan Valasu Road (Karaiyur),Sathyabama.P,,290,743,39.03,True
201,"Govt.Hr.Sec.School, Kolathupalayam-638 661,Building facing South West side (East Room)",Kolathupalayam (TP) Ward 8 Karaiyurpalaiya Kudumbar Street; Kolathupalayam (TP) Ward 8 Karaiyurkudumbar New Street; Kolathupalayam (TP) Ward 6 Goundaiyan Valasu Road (Karaiyur),Dhivya,,36,743,4.85,False
201,"Govt.Hr.Sec.School, Kolathupalayam-638 661,Building facing South West side (East Room)",Kolathupalayam (TP) Ward 8 Karaiyurpalaiya Kudumbar Street; Kolathupalayam (TP) Ward 8 Karaiyurkudumbar New Street; Kolathupalayam (TP) Ward 6 Goundaiyan Valasu Road (Karaiyur),Gowri Chitra,,188,743,25.3,False
201,"Govt.Hr.Sec.School, Kolathupalayam-638 661,Building facing South West side (East Room)",Kolathupalayam (TP) Ward 8 Karaiyurpalaiya Kudumbar Street; Kolathupalayam (TP) Ward 8 Karaiyurkudumbar New Street; Kolathupalayam (TP) Ward 6 Goundaiyan Valasu Road (Karaiyur),Ananthi.S,,1,743,0.13,False
201,"Govt.Hr.Sec.School, Kolathupalayam-638 661,Building facing South West side (East Room)",Kolathupalayam (TP) Ward 8 Karaiyurpalaiya Kudumbar Street; Kolathupalayam (TP) Ward 8 Karaiyurkudumbar New Street; Kolathupalayam (TP) Ward 6 Goundaiyan Valasu Road (Karaiyur),Indhirani.C,,1,743,0.13,False
201,"Govt.Hr.Sec.School, Kolathupalayam-638 661,Building facing South West side (East Room)",Kolathupalayam (TP) Ward 8 Karaiyurpalaiya Kudumbar Street; Kolathupalayam (TP) Ward 8 Karaiyurkudumbar New Street; Kolathupalayam (TP) Ward 6 Goundaiyan Valasu Road (Karaiyur),Gowri.P,,0,743,0.0,False
201,"Govt.Hr.Sec.School, Kolathupalayam-638 661,Building facing South West side (East Room)",Kolathupalayam (TP) Ward 8 Karaiyurpalaiya Kudumbar Street; Kolathupalayam (TP) Ward 8 Karaiyurkudumbar New Street; Kolathupalayam (TP) Ward 6 Goundaiyan Valasu Road (Karaiyur),Mohanraj.M,,2,743,0.27,False
201,"Govt.Hr.Sec.School, Kolathupalayam-638 661,Building facing South West side (East Room)",Kolathupalayam (TP) Ward 8 Karaiyurpalaiya Kudumbar Street; Kolathupalayam (TP) Ward 8 Karaiyurkudumbar New Street; Kolathupalayam (TP) Ward 6 Goundaiyan Valasu Road (Karaiyur),Rohini.S,,2,743,0.27,False
201,"Govt.Hr.Sec.School, Kolathupalayam-638 661,Building facing South West side (East Room)",Kolathupalayam (TP) Ward 8 Karaiyurpalaiya Kudumbar Street; Kolathupalayam (TP) Ward 8 Karaiyurkudumbar New Street; Kolathupalayam (TP) Ward 6 Goundaiyan Valasu Road (Karaiyur),NOTA,NOTA,6,743,0.81,False
202,"Govt.Hr.Sec.School, Kolathupalayam-638 661,Building facing South East side (West Room)",Kolathupalayam (TP) Ward 15 Raja Street; Kolathupalayam (TP) Ward 15 Kolathupalayam South Thotta Street; Kolathupalayam (TP) Ward 15 Kolathupalayam West Street; Kolathupalayam (TP) Ward 6 Krishnapuram; Kolathupalayam (TP) Ward 9 Karur Main Road Street,Indirani.T,,229,678,33.78,False
202,"Govt.Hr.Sec.School, Kolathupalayam-638 661,Building facing South East side (West Room)",Kolathupalayam (TP) Ward 15 Raja Street; Kolathupalayam (TP) Ward 15 Kolathupalayam South Thotta Street; Kolathupalayam (TP) Ward 15 Kolathupalayam West Street; Kolathupalayam (TP) Ward 6 Krishnapuram; Kolathupalayam (TP) Ward 9 Karur Main Road Street,Sathyabama.P,,335,678,49.41,True
202,"Govt.Hr.Sec.School, Kolathupalayam-638 661,Building facing South East side (West Room)",Kolathupalayam (TP) Ward 15 Raja Street; Kolathupalayam (TP) Ward 15 Kolathupalayam South Thotta Street; Kolathupalayam (TP) Ward 15 Kolathupalayam West Street; Kolathupalayam (TP) Ward 6 Krishnapuram; Kolathupalayam (TP) Ward 9 Karur Main Road Street,Dhivya,,14,678,2.06,False
202,"Govt.Hr.Sec.School, Kolathupalayam-638 661,Building facing South East side (West Room)",Kolathupalayam (TP) Ward 15 Raja Street; Kolathupalayam (TP) Ward 15 Kolathupalayam South Thotta Street; Kolathupalayam (TP) Ward 15 Kolathupalayam West Street; Kolathupalayam (TP) Ward 6 Krishnapuram; Kolathupalayam (TP) Ward 9 Karur Main Road Street,Gowri Chitra,,87,678,12.83,False
202,"Govt.Hr.Sec.School, Kolathupalayam-638 661,Building facing South East side (West Room)",Kolathupalayam (TP) Ward 15 Raja Street; Kolathupalayam (TP) Ward 15 Kolathupalayam South Thotta Street; Kolathupalayam (TP) Ward 15 Kolathupalayam West Street; Kolathupalayam (TP) Ward 6 Krishnapuram; Kolathupalayam (TP) Ward 9 Karur Main Road Street,Ananthi.S,,1,678,0.15,False
202,"Govt.Hr.Sec.School, Kolathupalayam-638 661,Building facing South East side (West Room)",Kolathupalayam (TP) Ward 15 Raja Street; Kolathupalayam (TP) Ward 15 Kolathupalayam South Thotta Street; Kolathupalayam (TP) Ward 15 Kolathupalayam West Street; Kolathupalayam (TP) Ward 6 Krishnapuram; Kolathupalayam (TP) Ward 9 Karur Main Road Street,Indhirani.C,,0,678,0.0,False
202,"Govt.Hr.Sec.School, Kolathupalayam-638 661,Building facing South East side (West Room)",Kolathupalayam (TP) Ward 15 Raja Street; Kolathupalayam (TP) Ward 15 Kolathupalayam South Thotta Street; Kolathupalayam (TP) Ward 15 Kolathupalayam West Street; Kolathupalayam (TP) Ward 6 Krishnapuram; Kolathupalayam (TP) Ward 9 Karur Main Road Street,Gowri.P,,1,678,0.15,False
202,"Govt.Hr.Sec.School, Kolathupalayam-638 661,Building facing South East side (West Room)",Kolathupalayam (TP) Ward 15 Raja Street; Kolathupalayam (TP) Ward 15 Kolathupalayam South Thotta Street; Kolathupalayam (TP) Ward 15 Kolathupalayam West Street; Kolathupalayam (TP) Ward 6 Krishnapuram; Kolathupalayam (TP) Ward 9 Karur Main Road Street,Mohanraj.M,,1,678,0.15,False
202,"Govt.Hr.Sec.School, Kolathupalayam-638 661,Building facing South East side (West Room)",Kolathupalayam (TP) Ward 15 Raja Street; Kolathupalayam (TP) Ward 15 Kolathupalayam South Thotta Street; Kolathupalayam (TP) Ward 15 Kolathupalayam West Street; Kolathupalayam (TP) Ward 6 Krishnapuram; Kolathupalayam (TP) Ward 9 Karur Main Road Street,Rohini.S,,3,678,0.44,False
202,"Govt.Hr.Sec.School, Kolathupalayam-638 661,Building facing South East side (West Room)",Kolathupalayam (TP) Ward 15 Raja Street; Kolathupalayam (TP) Ward 15 Kolathupalayam South Thotta Street; Kolathupalayam (TP) Ward 15 Kolathupalayam West Street; Kolathupalayam (TP) Ward 6 Krishnapuram; Kolathupalayam (TP) Ward 9 Karur Main Road Street,NOTA,NOTA,7,678,1.03,False
203,"Govt.Hr.Sec.School, Kolathupalayam-638 661,Building facing South East Side (East Room)",Kolathupalayam (TP) Ward 9 Pallikuda Street; Kolathupalayam (TP) Ward 9 Pallivasal Street; Kolathupalayam (TP) Ward 9 Maniakarar Street; Kolathupalayam (TP) Ward 9 North Valasu Street,Indirani.T,,281,776,36.21,False
203,"Govt.Hr.Sec.School, Kolathupalayam-638 661,Building facing South East Side (East Room)",Kolathupalayam (TP) Ward 9 Pallikuda Street; Kolathupalayam (TP) Ward 9 Pallivasal Street; Kolathupalayam (TP) Ward 9 Maniakarar Street; Kolathupalayam (TP) Ward 9 North Valasu Street,Sathyabama.P,,345,776,44.46,True
203,"Govt.Hr.Sec.School, Kolathupalayam-638 661,Building facing South East Side (East Room)",Kolathupalayam (TP) Ward 9 Pallikuda Street; Kolathupalayam (TP) Ward 9 Pallivasal Street; Kolathupalayam (TP) Ward 9 Maniakarar Street; Kolathupalayam (TP) Ward 9 North Valasu Street,Dhivya,,21,776,2.71,False
203,"Govt.Hr.Sec.School, Kolathupalayam-638 661,Building facing South East Side (East Room)",Kolathupalayam (TP) Ward 9 Pallikuda Street; Kolathupalayam (TP) Ward 9 Pallivasal Street; Kolathupalayam (TP) Ward 9 Maniakarar Street; Kolathupalayam (TP) Ward 9 North Valasu Street,Gowri Chitra,,121,776,15.59,False
203,"Govt.Hr.Sec.School, Kolathupalayam-638 661,Building facing South East Side (East Room)",Kolathupalayam (TP) Ward 9 Pallikuda Street; Kolathupalayam (TP) Ward 9 Pallivasal Street; Kolathupalayam (TP) Ward 9 Maniakarar Street; Kolathupalayam (TP) Ward 9 North Valasu Street,Ananthi.S,,1,776,0.13,False
203,"Govt.Hr.Sec.School, Kolathupalayam-638 661,Building facing South East Side (East Room)",Kolathupalayam (TP) Ward 9 Pallikuda Street; Kolathupalayam (TP) Ward 9 Pallivasal Street; Kolathupalayam (TP) Ward 9 Maniakarar Street; Kolathupalayam (TP) Ward 9 North Valasu Street,Indhirani.C,,0,776,0.0,False
203,"Govt.Hr.Sec.School, Kolathupalayam-638 661,Building facing South East Side (East Room)",Kolathupalayam (TP) Ward 9 Pallikuda Street; Kolathupalayam (TP) Ward 9 Pallivasal Street; Kolathupalayam (TP) Ward 9 Maniakarar Street; Kolathupalayam (TP) Ward 9 North Valasu Street,Gowri.P,,0,776,0.0,False
203,"Govt.Hr.Sec.School, Kolathupalayam-638 661,Building facing South East Side (East Room)",Kolathupalayam (TP) Ward 9 Pallikuda Street; Kolathupalayam (TP) Ward 9 Pallivasal Street; Kolathupalayam (TP) Ward 9 Maniakarar Street; Kolathupalayam (TP) Ward 9 North Valasu Street,Mohanraj.M,,0,776,0.0,False
203,"Govt.Hr.Sec.School, Kolathupalayam-638 661,Building facing South East Side (East Room)",Kolathupalayam (TP) Ward 9 Pallikuda Street; Kolathupalayam (TP) Ward 9 Pallivasal Street; Kolathupalayam (TP) Ward 9 Maniakarar Street; Kolathupalayam (TP) Ward 9 North Valasu Street,Rohini.S,,1,776,0.13,False
203,"Govt.Hr.Sec.School, Kolathupalayam-638 661,Building facing South East Side (East Room)",Kolathupalayam (TP) Ward 9 Pallikuda Street; Kolathupalayam (TP) Ward 9 Pallivasal Street; Kolathupalayam (TP) Ward 9 Maniakarar Street; Kolathupalayam (TP) Ward 9 North Valasu Street,NOTA,NOTA,6,776,0.77,False
204,"Anganwadi Maiyam, Kulukkapalayam 638673 West Facing Building",Kolathupalayam (TP) Ward 16 Karungalivalasu; Kolathupalayam (TP) Ward 16 Karungalivalasu Harijan Street; Kolathupalayam (TP) Ward 14 Kulukkapalayam,Indirani.T,,215,817,26.32,False
204,"Anganwadi Maiyam, Kulukkapalayam 638673 West Facing Building",Kolathupalayam (TP) Ward 16 Karungalivalasu; Kolathupalayam (TP) Ward 16 Karungalivalasu Harijan Street; Kolathupalayam (TP) Ward 14 Kulukkapalayam,Sathyabama.P,,491,817,60.1,True
204,"Anganwadi Maiyam, Kulukkapalayam 638673 West Facing Building",Kolathupalayam (TP) Ward 16 Karungalivalasu; Kolathupalayam (TP) Ward 16 Karungalivalasu Harijan Street; Kolathupalayam (TP) Ward 14 Kulukkapalayam,Dhivya,,9,817,1.1,False
204,"Anganwadi Maiyam, Kulukkapalayam 638673 West Facing Building",Kolathupalayam (TP) Ward 16 Karungalivalasu; Kolathupalayam (TP) Ward 16 Karungalivalasu Harijan Street; Kolathupalayam (TP) Ward 14 Kulukkapalayam,Gowri Chitra,,98,817,12.0,False
204,"Anganwadi Maiyam, Kulukkapalayam 638673 West Facing Building",Kolathupalayam (TP) Ward 16 Karungalivalasu; Kolathupalayam (TP) Ward 16 Karungalivalasu Harijan Street; Kolathupalayam (TP) Ward 14 Kulukkapalayam,Ananthi.S,,0,817,0.0,False
204,"Anganwadi Maiyam, Kulukkapalayam 638673 West Facing Building",Kolathupalayam (TP) Ward 16 Karungalivalasu; Kolathupalayam (TP) Ward 16 Karungalivalasu Harijan Street; Kolathupalayam (TP) Ward 14 Kulukkapalayam,Indhirani.C,,0,817,0.0,False
204,"Anganwadi Maiyam, Kulukkapalayam 638673 West Facing Building",Kolathupalayam (TP) Ward 16 Karungalivalasu; Kolathupalayam (TP) Ward 16 Karungalivalasu Harijan Street; Kolathupalayam (TP) Ward 14 Kulukkapalayam,Gowri.P,,1,817,0.12,False
204,"Anganwadi Maiyam, Kulukkapalayam 638673 West Facing Building",Kolathupalayam (TP) Ward 16 Karungalivalasu; Kolathupalayam (TP) Ward 16 Karungalivalasu Harijan Street; Kolathupalayam (TP) Ward 14 Kulukkapalayam,Mohanraj.M,,0,817,0.0,False
204,"Anganwadi Maiyam, Kulukkapalayam 638673 West Facing Building",Kolathupalayam (TP) Ward 16 Karungalivalasu; Kolathupalayam (TP) Ward 16 Karungalivalasu Harijan Street; Kolathupalayam (TP) Ward 14 Kulukkapalayam,Rohini.S,,1,817,0.12,False
204,"Anganwadi Maiyam, Kulukkapalayam 638673 West Facing Building",Kolathupalayam (TP) Ward 16 Karungalivalasu; Kolathupalayam (TP) Ward 16 Karungalivalasu Harijan Street; Kolathupalayam (TP) Ward 14 Kulukkapalayam,NOTA,NOTA,2,817,0.24,False
205,"P U M School, Gandhijinagar, Kalipalayam 638661,South Facing Building","Kolathupalayam (TP) Ward 10, Gandhiji nagar",Indirani.T,,273,668,40.87,True
205,"P U M School, Gandhijinagar, Kalipalayam 638661,South Facing Building","Kolathupalayam (TP) Ward 10, Gandhiji nagar",Sathyabama.P,,134,668,20.06,False
205,"P U M School, Gandhijinagar, Kalipalayam 638661,South Facing Building","Kolathupalayam (TP) Ward 10, Gandhiji nagar",Dhivya,,43,668,6.44,False
205,"P U M School, Gandhijinagar, Kalipalayam 638661,South Facing Building","Kolathupalayam (TP) Ward 10, Gandhiji nagar",Gowri Chitra,,215,668,32.19,False
205,"P U M School, Gandhijinagar, Kalipalayam 638661,South Facing Building","Kolathupalayam (TP) Ward 10, Gandhiji nagar",Ananthi.S,,1,668,0.15,False
205,"P U M School, Gandhijinagar, Kalipalayam 638661,South Facing Building","Kolathupalayam (TP) Ward 10, Gandhiji nagar",Indhirani.C,,0,668,0.0,False
205,"P U M School, Gandhijinagar, Kalipalayam 638661,South Facing Building","Kolathupalayam (TP) Ward 10, Gandhiji nagar",Gowri.P,,0,668,0.0,False
205,"P U M School, Gandhijinagar, Kalipalayam 638661,South Facing Building","Kolathupalayam (TP) Ward 10, Gandhiji nagar",Mohanraj.M,,0,668,0.0,False
205,"P U M School, Gandhijinagar, Kalipalayam 638661,South Facing Building","Kolathupalayam (TP) Ward 10, Gandhiji nagar",Rohini.S,,0,668,0.0,False
205,"P U M School, Gandhijinagar, Kalipalayam 638661,South Facing Building","Kolathupalayam (TP) Ward 10, Gandhiji nagar",NOTA,NOTA,2,668,0.3,False
206,"P U E School ,Ganapathypalayam 638673,South Facing Building","Kolathupalayam (TP) Ward 14 Chettiyar Puthur Main Street; Kolathupalayam (TP) Ward 13 Karuvelampalayam; Kolathupalayam (TP) Ward 11, Ganapathypalayam North Street; Kolathupalayam (TP) Ward 11, Ganapathypalayam South Street",Indirani.T,,197,946,20.82,False
206,"P U E School ,Ganapathypalayam 638673,South Facing Building","Kolathupalayam (TP) Ward 14 Chettiyar Puthur Main Street; Kolathupalayam (TP) Ward 13 Karuvelampalayam; Kolathupalayam (TP) Ward 11, Ganapathypalayam North Street; Kolathupalayam (TP) Ward 11, Ganapathypalayam South Street",Sathyabama.P,,506,946,53.49,True
206,"P U E School ,Ganapathypalayam 638673,South Facing Building","Kolathupalayam (TP) Ward 14 Chettiyar Puthur Main Street; Kolathupalayam (TP) Ward 13 Karuvelampalayam; Kolathupalayam (TP) Ward 11, Ganapathypalayam North Street; Kolathupalayam (TP) Ward 11, Ganapathypalayam South Street",Dhivya,,33,946,3.49,False
206,"P U E School ,Ganapathypalayam 638673,South Facing Building","Kolathupalayam (TP) Ward 14 Chettiyar Puthur Main Street; Kolathupalayam (TP) Ward 13 Karuvelampalayam; Kolathupalayam (TP) Ward 11, Ganapathypalayam North Street; Kolathupalayam (TP) Ward 11, Ganapathypalayam South Street",Gowri Chitra,,195,946,20.61,False
206,"P U E School ,Ganapathypalayam 638673,South Facing Building","Kolathupalayam (TP) Ward 14 Chettiyar Puthur Main Street; Kolathupalayam (TP) Ward 13 Karuvelampalayam; Kolathupalayam (TP) Ward 11, Ganapathypalayam North Street; Kolathupalayam (TP) Ward 11, Ganapathypalayam South Street",Ananthi.S,,0,946,0.0,False
206,"P U E School ,Ganapathypalayam 638673,South Facing Building","Kolathupalayam (TP) Ward 14 Chettiyar Puthur Main Street; Kolathupalayam (TP) Ward 13 Karuvelampalayam; Kolathupalayam (TP) Ward 11, Ganapathypalayam North Street; Kolathupalayam (TP) Ward 11, Ganapathypalayam South Street",Indhirani.C,,2,946,0.21,False
206,"P U E School ,Ganapathypalayam 638673,South Facing Building","Kolathupalayam (TP) Ward 14 Chettiyar Puthur Main Street; Kolathupalayam (TP) Ward 13 Karuvelampalayam; Kolathupalayam (TP) Ward 11, Ganapathypalayam North Street; Kolathupalayam (TP) Ward 11, Ganapathypalayam South Street",Gowri.P,,0,946,0.0,False
206,"P U E School ,Ganapathypalayam 638673,South Facing Building","Kolathupalayam (TP) Ward 14 Chettiyar Puthur Main Street; Kolathupalayam (TP) Ward 13 Karuvelampalayam; Kolathupalayam (TP) Ward 11, Ganapathypalayam North Street; Kolathupalayam (TP) Ward 11, Ganapathypalayam South Street",Mohanraj.M,,1,946,0.11,False
206,"P U E School ,Ganapathypalayam 638673,South Facing Building","Kolathupalayam (TP) Ward 14 Chettiyar Puthur Main Street; Kolathupalayam (TP) Ward 13 Karuvelampalayam; Kolathupalayam (TP) Ward 11, Ganapathypalayam North Street; Kolathupalayam (TP) Ward 11, Ganapathypalayam South Street",Rohini.S,,4,946,0.42,False
206,"P U E School ,Ganapathypalayam 638673,South Facing Building","Kolathupalayam (TP) Ward 14 Chettiyar Puthur Main Street; Kolathupalayam (TP) Ward 13 Karuvelampalayam; Kolathupalayam (TP) Ward 11, Ganapathypalayam North Street; Kolathupalayam (TP) Ward 11, Ganapathypalayam South Street",NOTA,NOTA,8,946,0.85,False
207,"Panchayat Union Elementary School, Aachiyur 638673 South facing Building (West Portion)",Kolathupalayam (TP) Ward 13 Thullukkanur; Kolathupalayam (TP) Ward 13 NalliGoundenthottam; Kolathupalayam (TP) Ward 13 Ram Nagar,Indirani.T,,180,784,22.96,False
207,"Panchayat Union Elementary School, Aachiyur 638673 South facing Building (West Portion)",Kolathupalayam (TP) Ward 13 Thullukkanur; Kolathupalayam (TP) Ward 13 NalliGoundenthottam; Kolathupalayam (TP) Ward 13 Ram Nagar,Sathyabama.P,,276,784,35.2,False
207,"Panchayat Union Elementary School, Aachiyur 638673 South facing Building (West Portion)",Kolathupalayam (TP) Ward 13 Thullukkanur; Kolathupalayam (TP) Ward 13 NalliGoundenthottam; Kolathupalayam (TP) Ward 13 Ram Nagar,Dhivya,,15,784,1.91,False
207,"Panchayat Union Elementary School, Aachiyur 638673 South facing Building (West Portion)",Kolathupalayam (TP) Ward 13 Thullukkanur; Kolathupalayam (TP) Ward 13 NalliGoundenthottam; Kolathupalayam (TP) Ward 13 Ram Nagar,Gowri Chitra,,303,784,38.65,True
207,"Panchayat Union Elementary School, Aachiyur 638673 South facing Building (West Portion)",Kolathupalayam (TP) Ward 13 Thullukkanur; Kolathupalayam (TP) Ward 13 NalliGoundenthottam; Kolathupalayam (TP) Ward 13 Ram Nagar,Ananthi.S,,1,784,0.13,False
207,"Panchayat Union Elementary School, Aachiyur 638673 South facing Building (West Portion)",Kolathupalayam (TP) Ward 13 Thullukkanur; Kolathupalayam (TP) Ward 13 NalliGoundenthottam; Kolathupalayam (TP) Ward 13 Ram Nagar,Indhirani.C,,0,784,0.0,False
207,"Panchayat Union Elementary School, Aachiyur 638673 South facing Building (West Portion)",Kolathupalayam (TP) Ward 13 Thullukkanur; Kolathupalayam (TP) Ward 13 NalliGoundenthottam; Kolathupalayam (TP) Ward 13 Ram Nagar,Gowri.P,,0,784,0.0,False
207,"Panchayat Union Elementary School, Aachiyur 638673 South facing Building (West Portion)",Kolathupalayam (TP) Ward 13 Thullukkanur; Kolathupalayam (TP) Ward 13 NalliGoundenthottam; Kolathupalayam (TP) Ward 13 Ram Nagar,Mohanraj.M,,1,784,0.13,False
207,"Panchayat Union Elementary School, Aachiyur 638673 South facing Building (West Portion)",Kolathupalayam (TP) Ward 13 Thullukkanur; Kolathupalayam (TP) Ward 13 NalliGoundenthottam; Kolathupalayam (TP) Ward 13 Ram Nagar,Rohini.S,,1,784,0.13,False
207,"Panchayat Union Elementary School, Aachiyur 638673 South facing Building (West Portion)",Kolathupalayam (TP) Ward 13 Thullukkanur; Kolathupalayam (TP) Ward 13 NalliGoundenthottam; Kolathupalayam (TP) Ward 13 Ram Nagar,NOTA,NOTA,7,784,0.89,False
208,"Panchayat Union Elementary School, Aachiyur 638673 South","Kolathupalayam (TP) Ward 12, Aachiyur Puthur Main Street; Kolathupalayam (TP) Ward 12 Aachiyur Durkkaiamman Kovil Street",Indirani.T,,214,766,27.94,False
208,"Panchayat Union Elementary School, Aachiyur 638673 South","Kolathupalayam (TP) Ward 12, Aachiyur Puthur Main Street; Kolathupalayam (TP) Ward 12 Aachiyur Durkkaiamman Kovil Street",Sathyabama.P,,288,766,37.6,True
208,"Panchayat Union Elementary School, Aachiyur 638673 South","Kolathupalayam (TP) Ward 12, Aachiyur Puthur Main Street; Kolathupalayam (TP) Ward 12 Aachiyur Durkkaiamman Kovil Street",Dhivya,,25,766,3.26,False
208,"Panchayat Union Elementary School, Aachiyur 638673 South","Kolathupalayam (TP) Ward 12, Aachiyur Puthur Main Street; Kolathupalayam (TP) Ward 12 Aachiyur Durkkaiamman Kovil Street",Gowri Chitra,,231,766,30.16,False
208,"Panchayat Union Elementary School, Aachiyur 638673 South","Kolathupalayam (TP) Ward 12, Aachiyur Puthur Main Street; Kolathupalayam (TP) Ward 12 Aachiyur Durkkaiamman Kovil Street",Ananthi.S,,1,766,0.13,False
208,"Panchayat Union Elementary School, Aachiyur 638673 South","Kolathupalayam (TP) Ward 12, Aachiyur Puthur Main Street; Kolathupalayam (TP) Ward 12 Aachiyur Durkkaiamman Kovil Street",Indhirani.C,,1,766,0.13,False
208,"Panchayat Union Elementary School, Aachiyur 638673 South","Kolathupalayam (TP) Ward 12, Aachiyur Puthur Main Street; Kolathupalayam (TP) Ward 12 Aachiyur Durkkaiamman Kovil Street",Gowri.P,,1,766,0.13,False
208,"Panchayat Union Elementary School, Aachiyur 638673 South","Kolathupalayam (TP) Ward 12, Aachiyur Puthur Main Street; Kolathupalayam (TP) Ward 12 Aachiyur Durkkaiamman Kovil Street",Mohanraj.M,,2,766,0.26,False
208,"Panchayat Union Elementary School, Aachiyur 638673 South","Kolathupalayam (TP) Ward 12, Aachiyur Puthur Main Street; Kolathupalayam (TP) Ward 12 Aachiyur Durkkaiamman Kovil Street",Rohini.S,,0,766,0.0,False
208,"Panchayat Union Elementary School, Aachiyur 638673 South","Kolathupalayam (TP) Ward 12, Aachiyur Puthur Main Street; Kolathupalayam (TP) Ward 12 Aachiyur Durkkaiamman Kovil Street",NOTA,NOTA,3,766,0.39,False
209,"Facing Building (East Portion ) P.U.E.S, Kollapatti,Building facing","Kolathupalayam (TP) Ward 12 Aachiyur Kaliamman Kovil Street; Manakadavu (R.V) and (P), Mangalampalayam Ward No 1",Indirani.T,,206,706,29.18,False
209,"Facing Building (East Portion ) P.U.E.S, Kollapatti,Building facing","Kolathupalayam (TP) Ward 12 Aachiyur Kaliamman Kovil Street; Manakadavu (R.V) and (P), Mangalampalayam Ward No 1",Sathyabama.P,,273,706,38.67,True
209,"Facing Building (East Portion ) P.U.E.S, Kollapatti,Building facing","Kolathupalayam (TP) Ward 12 Aachiyur Kaliamman Kovil Street; Manakadavu (R.V) and (P), Mangalampalayam Ward No 1",Dhivya,,24,706,3.4,False
209,"Facing Building (East Portion ) P.U.E.S, Kollapatti,Building facing","Kolathupalayam (TP) Ward 12 Aachiyur Kaliamman Kovil Street; Manakadavu (R.V) and (P), Mangalampalayam Ward No 1",Gowri Chitra,,192,706,27.2,False
209,"Facing Building (East Portion ) P.U.E.S, Kollapatti,Building facing","Kolathupalayam (TP) Ward 12 Aachiyur Kaliamman Kovil Street; Manakadavu (R.V) and (P), Mangalampalayam Ward No 1",Ananthi.S,,1,706,0.14,False
209,"Facing Building (East Portion ) P.U.E.S, Kollapatti,Building facing","Kolathupalayam (TP) Ward 12 Aachiyur Kaliamman Kovil Street; Manakadavu (R.V) and (P), Mangalampalayam Ward No 1",Indhirani.C,,0,706,0.0,False
209,"Facing Building (East Portion ) P.U.E.S, Kollapatti,Building facing","Kolathupalayam (TP) Ward 12 Aachiyur Kaliamman Kovil Street; Manakadavu (R.V) and (P), Mangalampalayam Ward No 1",Gowri.P,,0,706,0.0,False
209,"Facing Building (East Portion ) P.U.E.S, Kollapatti,Building facing","Kolathupalayam (TP) Ward 12 Aachiyur Kaliamman Kovil Street; Manakadavu (R.V) and (P), Mangalampalayam Ward No 1",Mohanraj.M,,2,706,0.28,False
209,"Facing Building (East Portion ) P.U.E.S, Kollapatti,Building facing","Kolathupalayam (TP) Ward 12 Aachiyur Kaliamman Kovil Street; Manakadavu (R.V) and (P), Mangalampalayam Ward No 1",Rohini.S,,3,706,0.42,False
209,"Facing Building (East Portion ) P.U.E.S, Kollapatti,Building facing","Kolathupalayam (TP) Ward 12 Aachiyur Kaliamman Kovil Street; Manakadavu (R.V) and (P), Mangalampalayam Ward No 1",NOTA,NOTA,5,706,0.71,False
210,"North (East Portion) P.U.E.S, Kollapatti,Building facing","Manakadavu (R.V) and (P), Katamman Puthur Ward No 1; Manakadavu (R.V) and (P), Kollapatti Ward No 1",Indirani.T,,221,585,37.78,True
210,"North (East Portion) P.U.E.S, Kollapatti,Building facing","Manakadavu (R.V) and (P), Katamman Puthur Ward No 1; Manakadavu (R.V) and (P), Kollapatti Ward No 1",Sathyabama.P,,157,585,26.84,False
210,"North (East Portion) P.U.E.S, Kollapatti,Building facing","Manakadavu (R.V) and (P), Katamman Puthur Ward No 1; Manakadavu (R.V) and (P), Kollapatti Ward No 1",Dhivya,,10,585,1.71,False
210,"North (East Portion) P.U.E.S, Kollapatti,Building facing","Manakadavu (R.V) and (P), Katamman Puthur Ward No 1; Manakadavu (R.V) and (P), Kollapatti Ward No 1",Gowri Chitra,,191,585,32.65,False
210,"North (East Portion) P.U.E.S, Kollapatti,Building facing","Manakadavu (R.V) and (P), Katamman Puthur Ward No 1; Manakadavu (R.V) and (P), Kollapatti Ward No 1",Ananthi.S,,0,585,0.0,False
210,"North (East Portion) P.U.E.S, Kollapatti,Building facing","Manakadavu (R.V) and (P), Katamman Puthur Ward No 1; Manakadavu (R.V) and (P), Kollapatti Ward No 1",Indhirani.C,,2,585,0.34,False
210,"North (East Portion) P.U.E.S, Kollapatti,Building facing","Manakadavu (R.V) and (P), Katamman Puthur Ward No 1; Manakadavu (R.V) and (P), Kollapatti Ward No 1",Gowri.P,,1,585,0.17,False
210,"North (East Portion) P.U.E.S, Kollapatti,Building facing","Manakadavu (R.V) and (P), Katamman Puthur Ward No 1; Manakadavu (R.V) and (P), Kollapatti Ward No 1",Mohanraj.M,,0,585,0.0,False
210,"North (East Portion) P.U.E.S, Kollapatti,Building facing","Manakadavu (R.V) and (P), Katamman Puthur Ward No 1; Manakadavu (R.V) and (P), Kollapatti Ward No 1",Rohini.S,,0,585,0.0,False
210,"North (East Portion) P.U.E.S, Kollapatti,Building facing","Manakadavu (R.V) and (P), Katamman Puthur Ward No 1; Manakadavu (R.V) and (P), Kollapatti Ward No 1",NOTA,NOTA,3,585,0.51,False
211,"North (West Portion) PUES, Therpatti-638673,East facing","Manakadavu (R.V) and (P), Thopampatti East Ward No 2",Indirani.T,,173,741,23.35,False
211,"North (West Portion) PUES, Therpatti-638673,East facing","Manakadavu (R.V) and (P), Thopampatti East Ward No 2",Sathyabama.P,,359,741,48.45,True
211,"North (West Portion) PUES, Therpatti-638673,East facing","Manakadavu (R.V) and (P), Thopampatti East Ward No 2",Dhivya,,20,741,2.7,False
211,"North (West Portion) PUES, Therpatti-638673,East facing","Manakadavu (R.V) and (P), Thopampatti East Ward No 2",Gowri Chitra,,180,741,24.29,False
211,"North (West Portion) PUES, Therpatti-638673,East facing","Manakadavu (R.V) and (P), Thopampatti East Ward No 2",Ananthi.S,,0,741,0.0,False
211,"North (West Portion) PUES, Therpatti-638673,East facing","Manakadavu (R.V) and (P), Thopampatti East Ward No 2",Indhirani.C,,1,741,0.13,False
211,"North (West Portion) PUES, Therpatti-638673,East facing","Manakadavu (R.V) and (P), Thopampatti East Ward No 2",Gowri.P,,0,741,0.0,False
211,"North (West Portion) PUES, Therpatti-638673,East facing","Manakadavu (R.V) and (P), Thopampatti East Ward No 2",Mohanraj.M,,1,741,0.13,False
211,"North (West Portion) PUES, Therpatti-638673,East facing","Manakadavu (R.V) and (P), Thopampatti East Ward No 2",Rohini.S,,3,741,0.4,False
211,"North (West Portion) PUES, Therpatti-638673,East facing","Manakadavu (R.V) and (P), Thopampatti East Ward No 2",NOTA,NOTA,4,741,0.54,False
212,"building PUES, Pachapalayam-638673,East facing building (Separate Portion)","Manakadavu (R.V) and (P), Thombatti West Ward No 2; Manakadavu (R.V) and (P), Pachapalayam Ward No 3",Indirani.T,,60,325,18.46,False
212,"building PUES, Pachapalayam-638673,East facing building (Separate Portion)","Manakadavu (R.V) and (P), Thombatti West Ward No 2; Manakadavu (R.V) and (P), Pachapalayam Ward No 3",Sathyabama.P,,189,325,58.15,True
212,"building PUES, Pachapalayam-638673,East facing building (Separate Portion)","Manakadavu (R.V) and (P), Thombatti West Ward No 2; Manakadavu (R.V) and (P), Pachapalayam Ward No 3",Dhivya,,21,325,6.46,False
212,"building PUES, Pachapalayam-638673,East facing building (Separate Portion)","Manakadavu (R.V) and (P), Thombatti West Ward No 2; Manakadavu (R.V) and (P), Pachapalayam Ward No 3",Gowri Chitra,,53,325,16.31,False
212,"building PUES, Pachapalayam-638673,East facing building (Separate Portion)","Manakadavu (R.V) and (P), Thombatti West Ward No 2; Manakadavu (R.V) and (P), Pachapalayam Ward No 3",Ananthi.S,,0,325,0.0,False
212,"building PUES, Pachapalayam-638673,East facing building (Separate Portion)","Manakadavu (R.V) and (P), Thombatti West Ward No 2; Manakadavu (R.V) and (P), Pachapalayam Ward No 3",Indhirani.C,,0,325,0.0,False
212,"building PUES, Pachapalayam-638673,East facing building (Separate Portion)","Manakadavu (R.V) and (P), Thombatti West Ward No 2; Manakadavu (R.V) and (P), Pachapalayam Ward No 3",Gowri.P,,0,325,0.0,False
212,"building PUES, Pachapalayam-638673,East facing building (Separate Portion)","Manakadavu (R.V) and (P), Thombatti West Ward No 2; Manakadavu (R.V) and (P), Pachapalayam Ward No 3",Mohanraj.M,,1,325,0.31,False
212,"building PUES, Pachapalayam-638673,East facing building (Separate Portion)","Manakadavu (R.V) and (P), Thombatti West Ward No 2; Manakadavu (R.V) and (P), Pachapalayam Ward No 3",Rohini.S,,0,325,0.0,False
212,"building PUES, Pachapalayam-638673,East facing building (Separate Portion)","Manakadavu (R.V) and (P), Thombatti West Ward No 2; Manakadavu (R.V) and (P), Pachapalayam Ward No 3",NOTA,NOTA,1,325,0.31,False
213,"Govt High.School, Manakkadavu,West facing building (North side)","Manakadavu (R.V) and (P), Manakadavu East Ward No 4",Indirani.T,,356,936,38.03,True
213,"Govt High.School, Manakkadavu,West facing building (North side)","Manakadavu (R.V) and (P), Manakadavu East Ward No 4",Sathyabama.P,,324,936,34.62,False
213,"Govt High.School, Manakkadavu,West facing building (North side)","Manakadavu (R.V) and (P), Manakadavu East Ward No 4",Dhivya,,27,936,2.88,False
213,"Govt High.School, Manakkadavu,West facing building (North side)","Manakadavu (R.V) and (P), Manakadavu East Ward No 4",Gowri Chitra,,229,936,24.47,False
213,"Govt High.School, Manakkadavu,West facing building (North side)","Manakadavu (R.V) and (P), Manakadavu East Ward No 4",Ananthi.S,,0,936,0.0,False
213,"Govt High.School, Manakkadavu,West facing building (North side)","Manakadavu (R.V) and (P), Manakadavu East Ward No 4",Indhirani.C,,0,936,0.0,False
213,"Govt High.School, Manakkadavu,West facing building (North side)","Manakadavu (R.V) and (P), Manakadavu East Ward No 4",Gowri.P,,0,936,0.0,False
213,"Govt High.School, Manakkadavu,West facing building (North side)","Manakadavu (R.V) and (P), Manakadavu East Ward No 4",Mohanraj.M,,0,936,0.0,False
213,"Govt High.School, Manakkadavu,West facing building (North side)","Manakadavu (R.V) and (P), Manakadavu East Ward No 4",Rohini.S,,0,936,0.0,False
213,"Govt High.School, Manakkadavu,West facing building (North side)","Manakadavu (R.V) and (P), Manakadavu East Ward No 4",NOTA,NOTA,0,936,0.0,False
214,"Govt High.School, Manakkadavu,Building facing North","Manakadavu (R.V) and (P), Manakadavu West Ward No 3; Manakadavu (R.V) and (P), MANAKADAVU WEST Ward No 3",Indirani.T,,184,624,29.49,False
214,"Govt High.School, Manakkadavu,Building facing North","Manakadavu (R.V) and (P), Manakadavu West Ward No 3; Manakadavu (R.V) and (P), MANAKADAVU WEST Ward No 3",Sathyabama.P,,298,624,47.76,True
214,"Govt High.School, Manakkadavu,Building facing North","Manakadavu (R.V) and (P), Manakadavu West Ward No 3; Manakadavu (R.V) and (P), MANAKADAVU WEST Ward No 3",Dhivya,,20,624,3.21,False
214,"Govt High.School, Manakkadavu,Building facing North","Manakadavu (R.V) and (P), Manakadavu West Ward No 3; Manakadavu (R.V) and (P), MANAKADAVU WEST Ward No 3",Gowri Chitra,,120,624,19.23,False
214,"Govt High.School, Manakkadavu,Building facing North","Manakadavu (R.V) and (P), Manakadavu West Ward No 3; Manakadavu (R.V) and (P), MANAKADAVU WEST Ward No 3",Ananthi.S,,0,624,0.0,False
214,"Govt High.School, Manakkadavu,Building facing North","Manakadavu (R.V) and (P), Manakadavu West Ward No 3; Manakadavu (R.V) and (P), MANAKADAVU WEST Ward No 3",Indhirani.C,,0,624,0.0,False
214,"Govt High.School, Manakkadavu,Building facing North","Manakadavu (R.V) and (P), Manakadavu West Ward No 3; Manakadavu (R.V) and (P), MANAKADAVU WEST Ward No 3",Gowri.P,,0,624,0.0,False
214,"Govt High.School, Manakkadavu,Building facing North","Manakadavu (R.V) and (P), Manakadavu West Ward No 3; Manakadavu (R.V) and (P), MANAKADAVU WEST Ward No 3",Mohanraj.M,,0,624,0.0,False
214,"Govt High.School, Manakkadavu,Building facing North","Manakadavu (R.V) and (P), Manakadavu West Ward No 3; Manakadavu (R.V) and (P), MANAKADAVU WEST Ward No 3",Rohini.S,,2,624,0.32,False
214,"Govt High.School, Manakkadavu,Building facing North","Manakadavu (R.V) and (P), Manakadavu West Ward No 3; Manakadavu (R.V) and (P), MANAKADAVU WEST Ward No 3",NOTA,NOTA,0,624,0.0,False
215,"(South side) P.U.M.School, Narasingapuram, South facing Building","Dhalavaipattinam(R.V) and (P), Thirumalayampalayam East Ward No 4",Indirani.T,,246,728,33.79,False
215,"(South side) P.U.M.School, Narasingapuram, South facing Building","Dhalavaipattinam(R.V) and (P), Thirumalayampalayam East Ward No 4",Sathyabama.P,,257,728,35.3,True
215,"(South side) P.U.M.School, Narasingapuram, South facing Building","Dhalavaipattinam(R.V) and (P), Thirumalayampalayam East Ward No 4",Dhivya,,22,728,3.02,False
215,"(South side) P.U.M.School, Narasingapuram, South facing Building","Dhalavaipattinam(R.V) and (P), Thirumalayampalayam East Ward No 4",Gowri Chitra,,199,728,27.34,False
215,"(South side) P.U.M.School, Narasingapuram, South facing Building","Dhalavaipattinam(R.V) and (P), Thirumalayampalayam East Ward No 4",Ananthi.S,,1,728,0.14,False
215,"(South side) P.U.M.School, Narasingapuram, South facing Building","Dhalavaipattinam(R.V) and (P), Thirumalayampalayam East Ward No 4",Indhirani.C,,0,728,0.0,False
215,"(South side) P.U.M.School, Narasingapuram, South facing Building","Dhalavaipattinam(R.V) and (P), Thirumalayampalayam East Ward No 4",Gowri.P,,0,728,0.0,False
215,"(South side) P.U.M.School, Narasingapuram, South facing Building","Dhalavaipattinam(R.V) and (P), Thirumalayampalayam East Ward No 4",Mohanraj.M,,1,728,0.14,False
215,"(South side) P.U.M.School, Narasingapuram, South facing Building","Dhalavaipattinam(R.V) and (P), Thirumalayampalayam East Ward No 4",Rohini.S,,2,728,0.27,False
215,"(South side) P.U.M.School, Narasingapuram, South facing Building","Dhalavaipattinam(R.V) and (P), Thirumalayampalayam East Ward No 4",NOTA,NOTA,0,728,0.0,False
216,"P.U.M.School, Narasingapuram,Building facing","Dhalavaipattinam(R.V) and (P), Thirumalayampalayam West Ward No 4; Dhalavaipattinam(R.V) and (P), Narasingapuran Ward No 4",Indirani.T,,160,533,30.02,False
216,"P.U.M.School, Narasingapuram,Building facing","Dhalavaipattinam(R.V) and (P), Thirumalayampalayam West Ward No 4; Dhalavaipattinam(R.V) and (P), Narasingapuran Ward No 4",Sathyabama.P,,199,533,37.34,True
216,"P.U.M.School, Narasingapuram,Building facing","Dhalavaipattinam(R.V) and (P), Thirumalayampalayam West Ward No 4; Dhalavaipattinam(R.V) and (P), Narasingapuran Ward No 4",Dhivya,,13,533,2.44,False
216,"P.U.M.School, Narasingapuram,Building facing","Dhalavaipattinam(R.V) and (P), Thirumalayampalayam West Ward No 4; Dhalavaipattinam(R.V) and (P), Narasingapuran Ward No 4",Gowri Chitra,,147,533,27.58,False
216,"P.U.M.School, Narasingapuram,Building facing","Dhalavaipattinam(R.V) and (P), Thirumalayampalayam West Ward No 4; Dhalavaipattinam(R.V) and (P), Narasingapuran Ward No 4",Ananthi.S,,1,533,0.19,False
216,"P.U.M.School, Narasingapuram,Building facing","Dhalavaipattinam(R.V) and (P), Thirumalayampalayam West Ward No 4; Dhalavaipattinam(R.V) and (P), Narasingapuran Ward No 4",Indhirani.C,,2,533,0.38,False
216,"P.U.M.School, Narasingapuram,Building facing","Dhalavaipattinam(R.V) and (P), Thirumalayampalayam West Ward No 4; Dhalavaipattinam(R.V) and (P), Narasingapuran Ward No 4",Gowri.P,,0,533,0.0,False
216,"P.U.M.School, Narasingapuram,Building facing","Dhalavaipattinam(R.V) and (P), Thirumalayampalayam West Ward No 4; Dhalavaipattinam(R.V) and (P), Narasingapuran Ward No 4",Mohanraj.M,,1,533,0.19,False
216,"P.U.M.School, Narasingapuram,Building facing","Dhalavaipattinam(R.V) and (P), Thirumalayampalayam West Ward No 4; Dhalavaipattinam(R.V) and (P), Narasingapuran Ward No 4",Rohini.S,,6,533,1.13,False
216,"P.U.M.School, Narasingapuram,Building facing","Dhalavaipattinam(R.V) and (P), Thirumalayampalayam West Ward No 4; Dhalavaipattinam(R.V) and (P), Narasingapuran Ward No 4",NOTA,NOTA,4,533,0.75,False
217,"South P.U.E.S, Dhalavaipattinam,Building","Dhalavaipattinam(R.V) and (P), Ayyampalayam Athikalam Ward No 4; Dhalavaipattinam(R.V) and (P), Thalavaipattnam Ward No 1",Indirani.T,,267,714,37.39,True
217,"South P.U.E.S, Dhalavaipattinam,Building","Dhalavaipattinam(R.V) and (P), Ayyampalayam Athikalam Ward No 4; Dhalavaipattinam(R.V) and (P), Thalavaipattnam Ward No 1",Sathyabama.P,,243,714,34.03,False
217,"South P.U.E.S, Dhalavaipattinam,Building","Dhalavaipattinam(R.V) and (P), Ayyampalayam Athikalam Ward No 4; Dhalavaipattinam(R.V) and (P), Thalavaipattnam Ward No 1",Dhivya,,32,714,4.48,False
217,"South P.U.E.S, Dhalavaipattinam,Building","Dhalavaipattinam(R.V) and (P), Ayyampalayam Athikalam Ward No 4; Dhalavaipattinam(R.V) and (P), Thalavaipattnam Ward No 1",Gowri Chitra,,161,714,22.55,False
217,"South P.U.E.S, Dhalavaipattinam,Building","Dhalavaipattinam(R.V) and (P), Ayyampalayam Athikalam Ward No 4; Dhalavaipattinam(R.V) and (P), Thalavaipattnam Ward No 1",Ananthi.S,,1,714,0.14,False
217,"South P.U.E.S, Dhalavaipattinam,Building","Dhalavaipattinam(R.V) and (P), Ayyampalayam Athikalam Ward No 4; Dhalavaipattinam(R.V) and (P), Thalavaipattnam Ward No 1",Indhirani.C,,0,714,0.0,False
217,"South P.U.E.S, Dhalavaipattinam,Building","Dhalavaipattinam(R.V) and (P), Ayyampalayam Athikalam Ward No 4; Dhalavaipattinam(R.V) and (P), Thalavaipattnam Ward No 1",Gowri.P,,1,714,0.14,False
217,"South P.U.E.S, Dhalavaipattinam,Building","Dhalavaipattinam(R.V) and (P), Ayyampalayam Athikalam Ward No 4; Dhalavaipattinam(R.V) and (P), Thalavaipattnam Ward No 1",Mohanraj.M,,0,714,0.0,False
217,"South P.U.E.S, Dhalavaipattinam,Building","Dhalavaipattinam(R.V) and (P), Ayyampalayam Athikalam Ward No 4; Dhalavaipattinam(R.V) and (P), Thalavaipattnam Ward No 1",Rohini.S,,2,714,0.28,False
217,"South P.U.E.S, Dhalavaipattinam,Building","Dhalavaipattinam(R.V) and (P), Ayyampalayam Athikalam Ward No 4; Dhalavaipattinam(R.V) and (P), Thalavaipattnam Ward No 1",NOTA,NOTA,7,714,0.98,False
218,"facing South (West Portion) P.U.E.S, Dhalavaipattinam,Building facing South (East Portion)","Dhalavaipattinam(R.V) and (P), Thalavaipattnam Ward No 1",Indirani.T,,279,732,38.11,True
218,"facing South (West Portion) P.U.E.S, Dhalavaipattinam,Building facing South (East Portion)","Dhalavaipattinam(R.V) and (P), Thalavaipattnam Ward No 1",Sathyabama.P,,251,732,34.29,False
218,"facing South (West Portion) P.U.E.S, Dhalavaipattinam,Building facing South (East Portion)","Dhalavaipattinam(R.V) and (P), Thalavaipattnam Ward No 1",Dhivya,,20,732,2.73,False
218,"facing South (West Portion) P.U.E.S, Dhalavaipattinam,Building facing South (East Portion)","Dhalavaipattinam(R.V) and (P), Thalavaipattnam Ward No 1",Gowri Chitra,,177,732,24.18,False
218,"facing South (West Portion) P.U.E.S, Dhalavaipattinam,Building facing South (East Portion)","Dhalavaipattinam(R.V) and (P), Thalavaipattnam Ward No 1",Ananthi.S,,0,732,0.0,False
218,"facing South (West Portion) P.U.E.S, Dhalavaipattinam,Building facing South (East Portion)","Dhalavaipattinam(R.V) and (P), Thalavaipattnam Ward No 1",Indhirani.C,,0,732,0.0,False
218,"facing South (West Portion) P.U.E.S, Dhalavaipattinam,Building facing South (East Portion)","Dhalavaipattinam(R.V) and (P), Thalavaipattnam Ward No 1",Gowri.P,,2,732,0.27,False
218,"facing South (West Portion) P.U.E.S, Dhalavaipattinam,Building facing South (East Portion)","Dhalavaipattinam(R.V) and (P), Thalavaipattnam Ward No 1",Mohanraj.M,,1,732,0.14,False
218,"facing South (West Portion) P.U.E.S, Dhalavaipattinam,Building facing South (East Portion)","Dhalavaipattinam(R.V) and (P), Thalavaipattnam Ward No 1",Rohini.S,,0,732,0.0,False
218,"facing South (West Portion) P.U.E.S, Dhalavaipattinam,Building facing South (East Portion)","Dhalavaipattinam(R.V) and (P), Thalavaipattnam Ward No 1",NOTA,NOTA,2,732,0.27,False
219,"P.U.E.School, Dhalavoipattinam 638672,Norht Facing Building (West portion)","Dhalavaipattinam(R.V) and (P), Thalavaipattnam Ward No 2",Indirani.T,,275,716,38.41,True
219,"P.U.E.School, Dhalavoipattinam 638672,Norht Facing Building (West portion)","Dhalavaipattinam(R.V) and (P), Thalavaipattnam Ward No 2",Sathyabama.P,,184,716,25.7,False
219,"P.U.E.School, Dhalavoipattinam 638672,Norht Facing Building (West portion)","Dhalavaipattinam(R.V) and (P), Thalavaipattnam Ward No 2",Dhivya,,25,716,3.49,False
219,"P.U.E.School, Dhalavoipattinam 638672,Norht Facing Building (West portion)","Dhalavaipattinam(R.V) and (P), Thalavaipattnam Ward No 2",Gowri Chitra,,221,716,30.87,False
219,"P.U.E.School, Dhalavoipattinam 638672,Norht Facing Building (West portion)","Dhalavaipattinam(R.V) and (P), Thalavaipattnam Ward No 2",Ananthi.S,,0,716,0.0,False
219,"P.U.E.School, Dhalavoipattinam 638672,Norht Facing Building (West portion)","Dhalavaipattinam(R.V) and (P), Thalavaipattnam Ward No 2",Indhirani.C,,0,716,0.0,False
219,"P.U.E.School, Dhalavoipattinam 638672,Norht Facing Building (West portion)","Dhalavaipattinam(R.V) and (P), Thalavaipattnam Ward No 2",Gowri.P,,0,716,0.0,False
219,"P.U.E.School, Dhalavoipattinam 638672,Norht Facing Building (West portion)","Dhalavaipattinam(R.V) and (P), Thalavaipattnam Ward No 2",Mohanraj.M,,1,716,0.14,False
219,"P.U.E.School, Dhalavoipattinam 638672,Norht Facing Building (West portion)","Dhalavaipattinam(R.V) and (P), Thalavaipattnam Ward No 2",Rohini.S,,3,716,0.42,False
219,"P.U.E.School, Dhalavoipattinam 638672,Norht Facing Building (West portion)","Dhalavaipattinam(R.V) and (P), Thalavaipattnam Ward No 2",NOTA,NOTA,7,716,0.98,False
220,"P.U.E.School, Dhalavoipattinam 638672,North Facing Building (East Side)","Dhalavaipattinam(R.V) and (P), Thalavaipattnam",Indirani.T,,245,616,39.77,True
220,"P.U.E.School, Dhalavoipattinam 638672,North Facing Building (East Side)","Dhalavaipattinam(R.V) and (P), Thalavaipattnam",Sathyabama.P,,168,616,27.27,False
220,"P.U.E.School, Dhalavoipattinam 638672,North Facing Building (East Side)","Dhalavaipattinam(R.V) and (P), Thalavaipattnam",Dhivya,,25,616,4.06,False
220,"P.U.E.School, Dhalavoipattinam 638672,North Facing Building (East Side)","Dhalavaipattinam(R.V) and (P), Thalavaipattnam",Gowri Chitra,,166,616,26.95,False
220,"P.U.E.School, Dhalavoipattinam 638672,North Facing Building (East Side)","Dhalavaipattinam(R.V) and (P), Thalavaipattnam",Ananthi.S,,0,616,0.0,False
220,"P.U.E.School, Dhalavoipattinam 638672,North Facing Building (East Side)","Dhalavaipattinam(R.V) and (P), Thalavaipattnam",Indhirani.C,,0,616,0.0,False
220,"P.U.E.School, Dhalavoipattinam 638672,North Facing Building (East Side)","Dhalavaipattinam(R.V) and (P), Thalavaipattnam",Gowri.P,,0,616,0.0,False
220,"P.U.E.School, Dhalavoipattinam 638672,North Facing Building (East Side)","Dhalavaipattinam(R.V) and (P), Thalavaipattnam",Mohanraj.M,,1,616,0.16,False
220,"P.U.E.School, Dhalavoipattinam 638672,North Facing Building (East Side)","Dhalavaipattinam(R.V) and (P), Thalavaipattnam",Rohini.S,,3,616,0.49,False
220,"P.U.E.School, Dhalavoipattinam 638672,North Facing Building (East Side)","Dhalavaipattinam(R.V) and (P), Thalavaipattnam",NOTA,NOTA,8,616,1.3,False
221,"Panchayat Union Elementary School, Dhalavoipattinam 638672, North facing Building, West Port-","Dhalavaipattinam(R.V) and (P), Uthupalayam Ward No 2",Indirani.T,,241,677,35.6,False
221,"Panchayat Union Elementary School, Dhalavoipattinam 638672, North facing Building, West Port-","Dhalavaipattinam(R.V) and (P), Uthupalayam Ward No 2",Sathyabama.P,,295,677,43.57,True
221,"Panchayat Union Elementary School, Dhalavoipattinam 638672, North facing Building, West Port-","Dhalavaipattinam(R.V) and (P), Uthupalayam Ward No 2",Dhivya,,16,677,2.36,False
221,"Panchayat Union Elementary School, Dhalavoipattinam 638672, North facing Building, West Port-","Dhalavaipattinam(R.V) and (P), Uthupalayam Ward No 2",Gowri Chitra,,113,677,16.69,False
221,"Panchayat Union Elementary School, Dhalavoipattinam 638672, North facing Building, West Port-","Dhalavaipattinam(R.V) and (P), Uthupalayam Ward No 2",Ananthi.S,,0,677,0.0,False
221,"Panchayat Union Elementary School, Dhalavoipattinam 638672, North facing Building, West Port-","Dhalavaipattinam(R.V) and (P), Uthupalayam Ward No 2",Indhirani.C,,1,677,0.15,False
221,"Panchayat Union Elementary School, Dhalavoipattinam 638672, North facing Building, West Port-","Dhalavaipattinam(R.V) and (P), Uthupalayam Ward No 2",Gowri.P,,1,677,0.15,False
221,"Panchayat Union Elementary School, Dhalavoipattinam 638672, North facing Building, West Port-","Dhalavaipattinam(R.V) and (P), Uthupalayam Ward No 2",Mohanraj.M,,0,677,0.0,False
221,"Panchayat Union Elementary School, Dhalavoipattinam 638672, North facing Building, West Port-","Dhalavaipattinam(R.V) and (P), Uthupalayam Ward No 2",Rohini.S,,5,677,0.74,False
221,"Panchayat Union Elementary School, Dhalavoipattinam 638672, North facing Building, West Port-","Dhalavaipattinam(R.V) and (P), Uthupalayam Ward No 2",NOTA,NOTA,5,677,0.74,False
222,"East Portion P.U.E.S, Dhalavaipattinam,Building facing North (East Portion)","Dhalavaipattinam(R.V) and (P), Pudhu arizana colony sakthi kaliamman nagar",Indirani.T,,270,722,37.4,True
222,"East Portion P.U.E.S, Dhalavaipattinam,Building facing North (East Portion)","Dhalavaipattinam(R.V) and (P), Pudhu arizana colony sakthi kaliamman nagar",Sathyabama.P,,190,722,26.32,False
222,"East Portion P.U.E.S, Dhalavaipattinam,Building facing North (East Portion)","Dhalavaipattinam(R.V) and (P), Pudhu arizana colony sakthi kaliamman nagar",Dhivya,,27,722,3.74,False
222,"East Portion P.U.E.S, Dhalavaipattinam,Building facing North (East Portion)","Dhalavaipattinam(R.V) and (P), Pudhu arizana colony sakthi kaliamman nagar",Gowri Chitra,,231,722,31.99,False
222,"East Portion P.U.E.S, Dhalavaipattinam,Building facing North (East Portion)","Dhalavaipattinam(R.V) and (P), Pudhu arizana colony sakthi kaliamman nagar",Ananthi.S,,1,722,0.14,False
222,"East Portion P.U.E.S, Dhalavaipattinam,Building facing North (East Portion)","Dhalavaipattinam(R.V) and (P), Pudhu arizana colony sakthi kaliamman nagar",Indhirani.C,,0,722,0.0,False
222,"East Portion P.U.E.S, Dhalavaipattinam,Building facing North (East Portion)","Dhalavaipattinam(R.V) and (P), Pudhu arizana colony sakthi kaliamman nagar",Gowri.P,,0,722,0.0,False
222,"East Portion P.U.E.S, Dhalavaipattinam,Building facing North (East Portion)","Dhalavaipattinam(R.V) and (P), Pudhu arizana colony sakthi kaliamman nagar",Mohanraj.M,,0,722,0.0,False
222,"East Portion P.U.E.S, Dhalavaipattinam,Building facing North (East Portion)","Dhalavaipattinam(R.V) and (P), Pudhu arizana colony sakthi kaliamman nagar",Rohini.S,,1,722,0.14,False
222,"East Portion P.U.E.S, Dhalavaipattinam,Building facing North (East Portion)","Dhalavaipattinam(R.V) and (P), Pudhu arizana colony sakthi kaliamman nagar",NOTA,NOTA,2,722,0.28,False
223,"Panchayat Union Elementary School, Dhalavoipattinam, East facing Building","Dhalavaipattinam(R.V) and (P), Uthupalayam Ward No 4",Indirani.T,,115,278,41.37,True
223,"Panchayat Union Elementary School, Dhalavoipattinam, East facing Building","Dhalavaipattinam(R.V) and (P), Uthupalayam Ward No 4",Sathyabama.P,,81,278,29.14,False
223,"Panchayat Union Elementary School, Dhalavoipattinam, East facing Building","Dhalavaipattinam(R.V) and (P), Uthupalayam Ward No 4",Dhivya,,11,278,3.96,False
223,"Panchayat Union Elementary School, Dhalavoipattinam, East facing Building","Dhalavaipattinam(R.V) and (P), Uthupalayam Ward No 4",Gowri Chitra,,70,278,25.18,False
223,"Panchayat Union Elementary School, Dhalavoipattinam, East facing Building","Dhalavaipattinam(R.V) and (P), Uthupalayam Ward No 4",Ananthi.S,,0,278,0.0,False
223,"Panchayat Union Elementary School, Dhalavoipattinam, East facing Building","Dhalavaipattinam(R.V) and (P), Uthupalayam Ward No 4",Indhirani.C,,0,278,0.0,False
223,"Panchayat Union Elementary School, Dhalavoipattinam, East facing Building","Dhalavaipattinam(R.V) and (P), Uthupalayam Ward No 4",Gowri.P,,0,278,0.0,False
223,"Panchayat Union Elementary School, Dhalavoipattinam, East facing Building","Dhalavaipattinam(R.V) and (P), Uthupalayam Ward No 4",Mohanraj.M,,0,278,0.0,False
223,"Panchayat Union Elementary School, Dhalavoipattinam, East facing Building","Dhalavaipattinam(R.V) and (P), Uthupalayam Ward No 4",Rohini.S,,0,278,0.0,False
223,"Panchayat Union Elementary School, Dhalavoipattinam, East facing Building","Dhalavaipattinam(R.V) and (P), Uthupalayam Ward No 4",NOTA,NOTA,1,278,0.36,False
224,"Govt.Hr.Sec.School, Alangiam,Building facing North (West Portion)","Alangiam (R.V) and (P), Alangiyam Kamarajar Nagar Annanagar Ward No 1",Indirani.T,,251,734,34.2,True
224,"Govt.Hr.Sec.School, Alangiam,Building facing North (West Portion)","Alangiam (R.V) and (P), Alangiyam Kamarajar Nagar Annanagar Ward No 1",Sathyabama.P,,250,734,34.06,False
224,"Govt.Hr.Sec.School, Alangiam,Building facing North (West Portion)","Alangiam (R.V) and (P), Alangiyam Kamarajar Nagar Annanagar Ward No 1",Dhivya,,29,734,3.95,False
224,"Govt.Hr.Sec.School, Alangiam,Building facing North (West Portion)","Alangiam (R.V) and (P), Alangiyam Kamarajar Nagar Annanagar Ward No 1",Gowri Chitra,,202,734,27.52,False
224,"Govt.Hr.Sec.School, Alangiam,Building facing North (West Portion)","Alangiam (R.V) and (P), Alangiyam Kamarajar Nagar Annanagar Ward No 1",Ananthi.S,,0,734,0.0,False
224,"Govt.Hr.Sec.School, Alangiam,Building facing North (West Portion)","Alangiam (R.V) and (P), Alangiyam Kamarajar Nagar Annanagar Ward No 1",Indhirani.C,,0,734,0.0,False
224,"Govt.Hr.Sec.School, Alangiam,Building facing North (West Portion)","Alangiam (R.V) and (P), Alangiyam Kamarajar Nagar Annanagar Ward No 1",Gowri.P,,0,734,0.0,False
224,"Govt.Hr.Sec.School, Alangiam,Building facing North (West Portion)","Alangiam (R.V) and (P), Alangiyam Kamarajar Nagar Annanagar Ward No 1",Mohanraj.M,,0,734,0.0,False
224,"Govt.Hr.Sec.School, Alangiam,Building facing North (West Portion)","Alangiam (R.V) and (P), Alangiyam Kamarajar Nagar Annanagar Ward No 1",Rohini.S,,0,734,0.0,False
224,"Govt.Hr.Sec.School, Alangiam,Building facing North (West Portion)","Alangiam (R.V) and (P), Alangiyam Kamarajar Nagar Annanagar Ward No 1",NOTA,NOTA,2,734,0.27,False
225,"Govt.Hr.Sec.School, Alangiam 638657, North facing Building (East Portion)","Alangiam (R.V) and (P), AlamgiyamEast Theru (Block,2) MuslimTheru Ward; Alangiam (R.V) and (P), Alangiyam East Theru (Block,3) Anthoniyar Koil",Indirani.T,,334,563,59.33,True
225,"Govt.Hr.Sec.School, Alangiam 638657, North facing Building (East Portion)","Alangiam (R.V) and (P), AlamgiyamEast Theru (Block,2) MuslimTheru Ward; Alangiam (R.V) and (P), Alangiyam East Theru (Block,3) Anthoniyar Koil",Sathyabama.P,,91,563,16.16,False
225,"Govt.Hr.Sec.School, Alangiam 638657, North facing Building (East Portion)","Alangiam (R.V) and (P), AlamgiyamEast Theru (Block,2) MuslimTheru Ward; Alangiam (R.V) and (P), Alangiyam East Theru (Block,3) Anthoniyar Koil",Dhivya,,11,563,1.95,False
225,"Govt.Hr.Sec.School, Alangiam 638657, North facing Building (East Portion)","Alangiam (R.V) and (P), AlamgiyamEast Theru (Block,2) MuslimTheru Ward; Alangiam (R.V) and (P), Alangiyam East Theru (Block,3) Anthoniyar Koil",Gowri Chitra,,126,563,22.38,False
225,"Govt.Hr.Sec.School, Alangiam 638657, North facing Building (East Portion)","Alangiam (R.V) and (P), AlamgiyamEast Theru (Block,2) MuslimTheru Ward; Alangiam (R.V) and (P), Alangiyam East Theru (Block,3) Anthoniyar Koil",Ananthi.S,,0,563,0.0,False
225,"Govt.Hr.Sec.School, Alangiam 638657, North facing Building (East Portion)","Alangiam (R.V) and (P), AlamgiyamEast Theru (Block,2) MuslimTheru Ward; Alangiam (R.V) and (P), Alangiyam East Theru (Block,3) Anthoniyar Koil",Indhirani.C,,0,563,0.0,False
225,"Govt.Hr.Sec.School, Alangiam 638657, North facing Building (East Portion)","Alangiam (R.V) and (P), AlamgiyamEast Theru (Block,2) MuslimTheru Ward; Alangiam (R.V) and (P), Alangiyam East Theru (Block,3) Anthoniyar Koil",Gowri.P,,0,563,0.0,False
225,"Govt.Hr.Sec.School, Alangiam 638657, North facing Building (East Portion)","Alangiam (R.V) and (P), AlamgiyamEast Theru (Block,2) MuslimTheru Ward; Alangiam (R.V) and (P), Alangiyam East Theru (Block,3) Anthoniyar Koil",Mohanraj.M,,0,563,0.0,False
225,"Govt.Hr.Sec.School, Alangiam 638657, North facing Building (East Portion)","Alangiam (R.V) and (P), AlamgiyamEast Theru (Block,2) MuslimTheru Ward; Alangiam (R.V) and (P), Alangiyam East Theru (Block,3) Anthoniyar Koil",Rohini.S,,1,563,0.18,False
225,"Govt.Hr.Sec.School, Alangiam 638657, North facing Building (East Portion)","Alangiam (R.V) and (P), AlamgiyamEast Theru (Block,2) MuslimTheru Ward; Alangiam (R.V) and (P), Alangiyam East Theru (Block,3) Anthoniyar Koil",NOTA,NOTA,0,563,0.0,False
226,"Govt.Hr.Sec.School, Alangiam 638657, North facing Building (West Portion)","Alangiam (R.V) and (P), Alangiyam South Harijantheru (Block,4) South Muslim; Alangiam (R.V) and (P), Alangiyam South Harijantheru (Block 5) Deena Nagar",Indirani.T,,331,645,51.32,True
226,"Govt.Hr.Sec.School, Alangiam 638657, North facing Building (West Portion)","Alangiam (R.V) and (P), Alangiyam South Harijantheru (Block,4) South Muslim; Alangiam (R.V) and (P), Alangiyam South Harijantheru (Block 5) Deena Nagar",Sathyabama.P,,123,645,19.07,False
226,"Govt.Hr.Sec.School, Alangiam 638657, North facing Building (West Portion)","Alangiam (R.V) and (P), Alangiyam South Harijantheru (Block,4) South Muslim; Alangiam (R.V) and (P), Alangiyam South Harijantheru (Block 5) Deena Nagar",Dhivya,,9,645,1.4,False
226,"Govt.Hr.Sec.School, Alangiam 638657, North facing Building (West Portion)","Alangiam (R.V) and (P), Alangiyam South Harijantheru (Block,4) South Muslim; Alangiam (R.V) and (P), Alangiyam South Harijantheru (Block 5) Deena Nagar",Gowri Chitra,,172,645,26.67,False
226,"Govt.Hr.Sec.School, Alangiam 638657, North facing Building (West Portion)","Alangiam (R.V) and (P), Alangiyam South Harijantheru (Block,4) South Muslim; Alangiam (R.V) and (P), Alangiyam South Harijantheru (Block 5) Deena Nagar",Ananthi.S,,1,645,0.16,False
226,"Govt.Hr.Sec.School, Alangiam 638657, North facing Building (West Portion)","Alangiam (R.V) and (P), Alangiyam South Harijantheru (Block,4) South Muslim; Alangiam (R.V) and (P), Alangiyam South Harijantheru (Block 5) Deena Nagar",Indhirani.C,,0,645,0.0,False
226,"Govt.Hr.Sec.School, Alangiam 638657, North facing Building (West Portion)","Alangiam (R.V) and (P), Alangiyam South Harijantheru (Block,4) South Muslim; Alangiam (R.V) and (P), Alangiyam South Harijantheru (Block 5) Deena Nagar",Gowri.P,,0,645,0.0,False
226,"Govt.Hr.Sec.School, Alangiam 638657, North facing Building (West Portion)","Alangiam (R.V) and (P), Alangiyam South Harijantheru (Block,4) South Muslim; Alangiam (R.V) and (P), Alangiyam South Harijantheru (Block 5) Deena Nagar",Mohanraj.M,,1,645,0.16,False
226,"Govt.Hr.Sec.School, Alangiam 638657, North facing Building (West Portion)","Alangiam (R.V) and (P), Alangiyam South Harijantheru (Block,4) South Muslim; Alangiam (R.V) and (P), Alangiyam South Harijantheru (Block 5) Deena Nagar",Rohini.S,,2,645,0.31,False
226,"Govt.Hr.Sec.School, Alangiam 638657, North facing Building (West Portion)","Alangiam (R.V) and (P), Alangiyam South Harijantheru (Block,4) South Muslim; Alangiam (R.V) and (P), Alangiyam South Harijantheru (Block 5) Deena Nagar",NOTA,NOTA,6,645,0.93,False
227,"P.U.E.S, Alangiam,Building facing South Chinnapallivasal All Voters Page Number : 28 of 42","Alangiam (R.V) and (P), Alangiyam South Muslim Street (Block 6); Alangiam (R.V) and (P), PeriyapalliVasal Theru West Theru (Block,9)Ward No",Indirani.T,,278,659,42.19,True
227,"P.U.E.S, Alangiam,Building facing South Chinnapallivasal All Voters Page Number : 28 of 42","Alangiam (R.V) and (P), Alangiyam South Muslim Street (Block 6); Alangiam (R.V) and (P), PeriyapalliVasal Theru West Theru (Block,9)Ward No",Sathyabama.P,,213,659,32.32,False
227,"P.U.E.S, Alangiam,Building facing South Chinnapallivasal All Voters Page Number : 28 of 42","Alangiam (R.V) and (P), Alangiyam South Muslim Street (Block 6); Alangiam (R.V) and (P), PeriyapalliVasal Theru West Theru (Block,9)Ward No",Dhivya,,17,659,2.58,False
227,"P.U.E.S, Alangiam,Building facing South Chinnapallivasal All Voters Page Number : 28 of 42","Alangiam (R.V) and (P), Alangiyam South Muslim Street (Block 6); Alangiam (R.V) and (P), PeriyapalliVasal Theru West Theru (Block,9)Ward No",Gowri Chitra,,145,659,22.0,False
227,"P.U.E.S, Alangiam,Building facing South Chinnapallivasal All Voters Page Number : 28 of 42","Alangiam (R.V) and (P), Alangiyam South Muslim Street (Block 6); Alangiam (R.V) and (P), PeriyapalliVasal Theru West Theru (Block,9)Ward No",Ananthi.S,,0,659,0.0,False
227,"P.U.E.S, Alangiam,Building facing South Chinnapallivasal All Voters Page Number : 28 of 42","Alangiam (R.V) and (P), Alangiyam South Muslim Street (Block 6); Alangiam (R.V) and (P), PeriyapalliVasal Theru West Theru (Block,9)Ward No",Indhirani.C,,1,659,0.15,False
227,"P.U.E.S, Alangiam,Building facing South Chinnapallivasal All Voters Page Number : 28 of 42","Alangiam (R.V) and (P), Alangiyam South Muslim Street (Block 6); Alangiam (R.V) and (P), PeriyapalliVasal Theru West Theru (Block,9)Ward No",Gowri.P,,3,659,0.46,False
227,"P.U.E.S, Alangiam,Building facing South Chinnapallivasal All Voters Page Number : 28 of 42","Alangiam (R.V) and (P), Alangiyam South Muslim Street (Block 6); Alangiam (R.V) and (P), PeriyapalliVasal Theru West Theru (Block,9)Ward No",Mohanraj.M,,0,659,0.0,False
227,"P.U.E.S, Alangiam,Building facing South Chinnapallivasal All Voters Page Number : 28 of 42","Alangiam (R.V) and (P), Alangiyam South Muslim Street (Block 6); Alangiam (R.V) and (P), PeriyapalliVasal Theru West Theru (Block,9)Ward No",Rohini.S,,2,659,0.3,False
227,"P.U.E.S, Alangiam,Building facing South Chinnapallivasal All Voters Page Number : 28 of 42","Alangiam (R.V) and (P), Alangiyam South Muslim Street (Block 6); Alangiam (R.V) and (P), PeriyapalliVasal Theru West Theru (Block,9)Ward No",NOTA,NOTA,0,659,0.0,False
228,"P.U.E.S, Alangiam,Building facing North (West Portion)","Alangiam (R.V) and (P), Alangiyam west theru (Block,7) Ward No 2; Alangiam (R.V) and (P), West Theru (Block,8 Ward No 3; Alangiam (R.V) and (P), Alangiyam Harichana Theru (Gandhi Nagar Ward No 4",Indirani.T,,351,902,38.91,True
228,"P.U.E.S, Alangiam,Building facing North (West Portion)","Alangiam (R.V) and (P), Alangiyam west theru (Block,7) Ward No 2; Alangiam (R.V) and (P), West Theru (Block,8 Ward No 3; Alangiam (R.V) and (P), Alangiyam Harichana Theru (Gandhi Nagar Ward No 4",Sathyabama.P,,289,902,32.04,False
228,"P.U.E.S, Alangiam,Building facing North (West Portion)","Alangiam (R.V) and (P), Alangiyam west theru (Block,7) Ward No 2; Alangiam (R.V) and (P), West Theru (Block,8 Ward No 3; Alangiam (R.V) and (P), Alangiyam Harichana Theru (Gandhi Nagar Ward No 4",Dhivya,,23,902,2.55,False
228,"P.U.E.S, Alangiam,Building facing North (West Portion)","Alangiam (R.V) and (P), Alangiyam west theru (Block,7) Ward No 2; Alangiam (R.V) and (P), West Theru (Block,8 Ward No 3; Alangiam (R.V) and (P), Alangiyam Harichana Theru (Gandhi Nagar Ward No 4",Gowri Chitra,,230,902,25.5,False
228,"P.U.E.S, Alangiam,Building facing North (West Portion)","Alangiam (R.V) and (P), Alangiyam west theru (Block,7) Ward No 2; Alangiam (R.V) and (P), West Theru (Block,8 Ward No 3; Alangiam (R.V) and (P), Alangiyam Harichana Theru (Gandhi Nagar Ward No 4",Ananthi.S,,1,902,0.11,False
228,"P.U.E.S, Alangiam,Building facing North (West Portion)","Alangiam (R.V) and (P), Alangiyam west theru (Block,7) Ward No 2; Alangiam (R.V) and (P), West Theru (Block,8 Ward No 3; Alangiam (R.V) and (P), Alangiyam Harichana Theru (Gandhi Nagar Ward No 4",Indhirani.C,,1,902,0.11,False
228,"P.U.E.S, Alangiam,Building facing North (West Portion)","Alangiam (R.V) and (P), Alangiyam west theru (Block,7) Ward No 2; Alangiam (R.V) and (P), West Theru (Block,8 Ward No 3; Alangiam (R.V) and (P), Alangiyam Harichana Theru (Gandhi Nagar Ward No 4",Gowri.P,,1,902,0.11,False
228,"P.U.E.S, Alangiam,Building facing North (West Portion)","Alangiam (R.V) and (P), Alangiyam west theru (Block,7) Ward No 2; Alangiam (R.V) and (P), West Theru (Block,8 Ward No 3; Alangiam (R.V) and (P), Alangiyam Harichana Theru (Gandhi Nagar Ward No 4",Mohanraj.M,,0,902,0.0,False
228,"P.U.E.S, Alangiam,Building facing North (West Portion)","Alangiam (R.V) and (P), Alangiyam west theru (Block,7) Ward No 2; Alangiam (R.V) and (P), West Theru (Block,8 Ward No 3; Alangiam (R.V) and (P), Alangiyam Harichana Theru (Gandhi Nagar Ward No 4",Rohini.S,,3,902,0.33,False
228,"P.U.E.S, Alangiam,Building facing North (West Portion)","Alangiam (R.V) and (P), Alangiyam west theru (Block,7) Ward No 2; Alangiam (R.V) and (P), West Theru (Block,8 Ward No 3; Alangiam (R.V) and (P), Alangiyam Harichana Theru (Gandhi Nagar Ward No 4",NOTA,NOTA,3,902,0.33,False
229,"Panchayat Union Elementary School, Alangiam 638657,North facing Building,(East Portion)","Alangiam (R.V) and (P), Alangiyam Harichana Theru (Gandhi Nagar Ward No 4",Indirani.T,,344,869,39.59,True
229,"Panchayat Union Elementary School, Alangiam 638657,North facing Building,(East Portion)","Alangiam (R.V) and (P), Alangiyam Harichana Theru (Gandhi Nagar Ward No 4",Sathyabama.P,,224,869,25.78,False
229,"Panchayat Union Elementary School, Alangiam 638657,North facing Building,(East Portion)","Alangiam (R.V) and (P), Alangiyam Harichana Theru (Gandhi Nagar Ward No 4",Dhivya,,32,869,3.68,False
229,"Panchayat Union Elementary School, Alangiam 638657,North facing Building,(East Portion)","Alangiam (R.V) and (P), Alangiyam Harichana Theru (Gandhi Nagar Ward No 4",Gowri Chitra,,254,869,29.23,False
229,"Panchayat Union Elementary School, Alangiam 638657,North facing Building,(East Portion)","Alangiam (R.V) and (P), Alangiyam Harichana Theru (Gandhi Nagar Ward No 4",Ananthi.S,,2,869,0.23,False
229,"Panchayat Union Elementary School, Alangiam 638657,North facing Building,(East Portion)","Alangiam (R.V) and (P), Alangiyam Harichana Theru (Gandhi Nagar Ward No 4",Indhirani.C,,0,869,0.0,False
229,"Panchayat Union Elementary School, Alangiam 638657,North facing Building,(East Portion)","Alangiam (R.V) and (P), Alangiyam Harichana Theru (Gandhi Nagar Ward No 4",Gowri.P,,0,869,0.0,False
229,"Panchayat Union Elementary School, Alangiam 638657,North facing Building,(East Portion)","Alangiam (R.V) and (P), Alangiyam Harichana Theru (Gandhi Nagar Ward No 4",Mohanraj.M,,2,869,0.23,False
229,"Panchayat Union Elementary School, Alangiam 638657,North facing Building,(East Portion)","Alangiam (R.V) and (P), Alangiyam Harichana Theru (Gandhi Nagar Ward No 4",Rohini.S,,4,869,0.46,False
229,"Panchayat Union Elementary School, Alangiam 638657,North facing Building,(East Portion)","Alangiam (R.V) and (P), Alangiyam Harichana Theru (Gandhi Nagar Ward No 4",NOTA,NOTA,7,869,0.81,False
230,"P.U.E.S, Vellaigoundenvalasu,Building facing East","Bommanallur (R.V) and (P), Vellakoundan valsu Kuddi Theru Ward No 2; Bommanallur (R.V) and (P), Vellakoundarn Valsu HarijanaColony Karupai",Indirani.T,,249,738,33.74,False
230,"P.U.E.S, Vellaigoundenvalasu,Building facing East","Bommanallur (R.V) and (P), Vellakoundan valsu Kuddi Theru Ward No 2; Bommanallur (R.V) and (P), Vellakoundarn Valsu HarijanaColony Karupai",Sathyabama.P,,319,738,43.22,True
230,"P.U.E.S, Vellaigoundenvalasu,Building facing East","Bommanallur (R.V) and (P), Vellakoundan valsu Kuddi Theru Ward No 2; Bommanallur (R.V) and (P), Vellakoundarn Valsu HarijanaColony Karupai",Dhivya,,22,738,2.98,False
230,"P.U.E.S, Vellaigoundenvalasu,Building facing East","Bommanallur (R.V) and (P), Vellakoundan valsu Kuddi Theru Ward No 2; Bommanallur (R.V) and (P), Vellakoundarn Valsu HarijanaColony Karupai",Gowri Chitra,,140,738,18.97,False
230,"P.U.E.S, Vellaigoundenvalasu,Building facing East","Bommanallur (R.V) and (P), Vellakoundan valsu Kuddi Theru Ward No 2; Bommanallur (R.V) and (P), Vellakoundarn Valsu HarijanaColony Karupai",Ananthi.S,,1,738,0.14,False
230,"P.U.E.S, Vellaigoundenvalasu,Building facing East","Bommanallur (R.V) and (P), Vellakoundan valsu Kuddi Theru Ward No 2; Bommanallur (R.V) and (P), Vellakoundarn Valsu HarijanaColony Karupai",Indhirani.C,,0,738,0.0,False
230,"P.U.E.S, Vellaigoundenvalasu,Building facing East","Bommanallur (R.V) and (P), Vellakoundan valsu Kuddi Theru Ward No 2; Bommanallur (R.V) and (P), Vellakoundarn Valsu HarijanaColony Karupai",Gowri.P,,2,738,0.27,False
230,"P.U.E.S, Vellaigoundenvalasu,Building facing East","Bommanallur (R.V) and (P), Vellakoundan valsu Kuddi Theru Ward No 2; Bommanallur (R.V) and (P), Vellakoundarn Valsu HarijanaColony Karupai",Mohanraj.M,,0,738,0.0,False
230,"P.U.E.S, Vellaigoundenvalasu,Building facing East","Bommanallur (R.V) and (P), Vellakoundan valsu Kuddi Theru Ward No 2; Bommanallur (R.V) and (P), Vellakoundarn Valsu HarijanaColony Karupai",Rohini.S,,0,738,0.0,False
230,"P.U.E.S, Vellaigoundenvalasu,Building facing East","Bommanallur (R.V) and (P), Vellakoundan valsu Kuddi Theru Ward No 2; Bommanallur (R.V) and (P), Vellakoundarn Valsu HarijanaColony Karupai",NOTA,NOTA,5,738,0.68,False
231,"Panchayat Union Elementary School, Mettuvalasu-638673, North facing Building","Bommanallur (R.V) and (P), Koundachi Valasu Ward No 1; Bommanallur (R.V) and (P), MetuValsu Ward No 1; Bommanallur (R.V) and (P), Pommanallur Ward No 1",Indirani.T,,151,540,27.96,False
231,"Panchayat Union Elementary School, Mettuvalasu-638673, North facing Building","Bommanallur (R.V) and (P), Koundachi Valasu Ward No 1; Bommanallur (R.V) and (P), MetuValsu Ward No 1; Bommanallur (R.V) and (P), Pommanallur Ward No 1",Sathyabama.P,,256,540,47.41,True
231,"Panchayat Union Elementary School, Mettuvalasu-638673, North facing Building","Bommanallur (R.V) and (P), Koundachi Valasu Ward No 1; Bommanallur (R.V) and (P), MetuValsu Ward No 1; Bommanallur (R.V) and (P), Pommanallur Ward No 1",Dhivya,,12,540,2.22,False
231,"Panchayat Union Elementary School, Mettuvalasu-638673, North facing Building","Bommanallur (R.V) and (P), Koundachi Valasu Ward No 1; Bommanallur (R.V) and (P), MetuValsu Ward No 1; Bommanallur (R.V) and (P), Pommanallur Ward No 1",Gowri Chitra,,115,540,21.3,False
231,"Panchayat Union Elementary School, Mettuvalasu-638673, North facing Building","Bommanallur (R.V) and (P), Koundachi Valasu Ward No 1; Bommanallur (R.V) and (P), MetuValsu Ward No 1; Bommanallur (R.V) and (P), Pommanallur Ward No 1",Ananthi.S,,0,540,0.0,False
231,"Panchayat Union Elementary School, Mettuvalasu-638673, North facing Building","Bommanallur (R.V) and (P), Koundachi Valasu Ward No 1; Bommanallur (R.V) and (P), MetuValsu Ward No 1; Bommanallur (R.V) and (P), Pommanallur Ward No 1",Indhirani.C,,1,540,0.19,False
231,"Panchayat Union Elementary School, Mettuvalasu-638673, North facing Building","Bommanallur (R.V) and (P), Koundachi Valasu Ward No 1; Bommanallur (R.V) and (P), MetuValsu Ward No 1; Bommanallur (R.V) and (P), Pommanallur Ward No 1",Gowri.P,,0,540,0.0,False
231,"Panchayat Union Elementary School, Mettuvalasu-638673, North facing Building","Bommanallur (R.V) and (P), Koundachi Valasu Ward No 1; Bommanallur (R.V) and (P), MetuValsu Ward No 1; Bommanallur (R.V) and (P), Pommanallur Ward No 1",Mohanraj.M,,1,540,0.19,False
231,"Panchayat Union Elementary School, Mettuvalasu-638673, North facing Building","Bommanallur (R.V) and (P), Koundachi Valasu Ward No 1; Bommanallur (R.V) and (P), MetuValsu Ward No 1; Bommanallur (R.V) and (P), Pommanallur Ward No 1",Rohini.S,,1,540,0.19,False
231,"Panchayat Union Elementary School, Mettuvalasu-638673, North facing Building","Bommanallur (R.V) and (P), Koundachi Valasu Ward No 1; Bommanallur (R.V) and (P), MetuValsu Ward No 1; Bommanallur (R.V) and (P), Pommanallur Ward No 1",NOTA,NOTA,3,540,0.56,False
232,"Panchayat Union Elementary School, Kattampatti-638673, North","Kongur(R.V) and (P), Kattampatti Ward No 1",Indirani.T,,128,351,36.47,False
232,"Panchayat Union Elementary School, Kattampatti-638673, North","Kongur(R.V) and (P), Kattampatti Ward No 1",Sathyabama.P,,134,351,38.18,True
232,"Panchayat Union Elementary School, Kattampatti-638673, North","Kongur(R.V) and (P), Kattampatti Ward No 1",Dhivya,,11,351,3.13,False
232,"Panchayat Union Elementary School, Kattampatti-638673, North","Kongur(R.V) and (P), Kattampatti Ward No 1",Gowri Chitra,,77,351,21.94,False
232,"Panchayat Union Elementary School, Kattampatti-638673, North","Kongur(R.V) and (P), Kattampatti Ward No 1",Ananthi.S,,0,351,0.0,False
232,"Panchayat Union Elementary School, Kattampatti-638673, North","Kongur(R.V) and (P), Kattampatti Ward No 1",Indhirani.C,,0,351,0.0,False
232,"Panchayat Union Elementary School, Kattampatti-638673, North","Kongur(R.V) and (P), Kattampatti Ward No 1",Gowri.P,,0,351,0.0,False
232,"Panchayat Union Elementary School, Kattampatti-638673, North","Kongur(R.V) and (P), Kattampatti Ward No 1",Mohanraj.M,,0,351,0.0,False
232,"Panchayat Union Elementary School, Kattampatti-638673, North","Kongur(R.V) and (P), Kattampatti Ward No 1",Rohini.S,,1,351,0.28,False
232,"Panchayat Union Elementary School, Kattampatti-638673, North","Kongur(R.V) and (P), Kattampatti Ward No 1",NOTA,NOTA,0,351,0.0,False
233,"facing Building (West portion) P.U.E.School, Undarapatti ,Building Facing North West Side","Kongur(R.V) and (P), Undarapatti East Ward No 4; Kongur(R.V) and (P), Undarampatti West Ward No 4",Indirani.T,,184,745,24.7,False
233,"facing Building (West portion) P.U.E.School, Undarapatti ,Building Facing North West Side","Kongur(R.V) and (P), Undarapatti East Ward No 4; Kongur(R.V) and (P), Undarampatti West Ward No 4",Sathyabama.P,,453,745,60.81,True
233,"facing Building (West portion) P.U.E.School, Undarapatti ,Building Facing North West Side","Kongur(R.V) and (P), Undarapatti East Ward No 4; Kongur(R.V) and (P), Undarampatti West Ward No 4",Dhivya,,12,745,1.61,False
233,"facing Building (West portion) P.U.E.School, Undarapatti ,Building Facing North West Side","Kongur(R.V) and (P), Undarapatti East Ward No 4; Kongur(R.V) and (P), Undarampatti West Ward No 4",Gowri Chitra,,93,745,12.48,False
233,"facing Building (West portion) P.U.E.School, Undarapatti ,Building Facing North West Side","Kongur(R.V) and (P), Undarapatti East Ward No 4; Kongur(R.V) and (P), Undarampatti West Ward No 4",Ananthi.S,,0,745,0.0,False
233,"facing Building (West portion) P.U.E.School, Undarapatti ,Building Facing North West Side","Kongur(R.V) and (P), Undarapatti East Ward No 4; Kongur(R.V) and (P), Undarampatti West Ward No 4",Indhirani.C,,0,745,0.0,False
233,"facing Building (West portion) P.U.E.School, Undarapatti ,Building Facing North West Side","Kongur(R.V) and (P), Undarapatti East Ward No 4; Kongur(R.V) and (P), Undarampatti West Ward No 4",Gowri.P,,0,745,0.0,False
233,"facing Building (West portion) P.U.E.School, Undarapatti ,Building Facing North West Side","Kongur(R.V) and (P), Undarapatti East Ward No 4; Kongur(R.V) and (P), Undarampatti West Ward No 4",Mohanraj.M,,0,745,0.0,False
233,"facing Building (West portion) P.U.E.School, Undarapatti ,Building Facing North West Side","Kongur(R.V) and (P), Undarapatti East Ward No 4; Kongur(R.V) and (P), Undarampatti West Ward No 4",Rohini.S,,0,745,0.0,False
233,"facing Building (West portion) P.U.E.School, Undarapatti ,Building Facing North West Side","Kongur(R.V) and (P), Undarapatti East Ward No 4; Kongur(R.V) and (P), Undarampatti West Ward No 4",NOTA,NOTA,3,745,0.4,False
234,"P.U.E.S, Dasanaickenpatti,Tiled building facing East (South Portion)","Kongur(R.V) and (P), Thasanayakanpatti Ward No 3; Kongur(R.V) and (P), Kuppanvalsu Ward No 2; Kongur(R.V) and (P), Kongoor Ward No 2",Indirani.T,,218,853,25.56,False
234,"P.U.E.S, Dasanaickenpatti,Tiled building facing East (South Portion)","Kongur(R.V) and (P), Thasanayakanpatti Ward No 3; Kongur(R.V) and (P), Kuppanvalsu Ward No 2; Kongur(R.V) and (P), Kongoor Ward No 2",Sathyabama.P,,423,853,49.59,True
234,"P.U.E.S, Dasanaickenpatti,Tiled building facing East (South Portion)","Kongur(R.V) and (P), Thasanayakanpatti Ward No 3; Kongur(R.V) and (P), Kuppanvalsu Ward No 2; Kongur(R.V) and (P), Kongoor Ward No 2",Dhivya,,29,853,3.4,False
234,"P.U.E.S, Dasanaickenpatti,Tiled building facing East (South Portion)","Kongur(R.V) and (P), Thasanayakanpatti Ward No 3; Kongur(R.V) and (P), Kuppanvalsu Ward No 2; Kongur(R.V) and (P), Kongoor Ward No 2",Gowri Chitra,,174,853,20.4,False
234,"P.U.E.S, Dasanaickenpatti,Tiled building facing East (South Portion)","Kongur(R.V) and (P), Thasanayakanpatti Ward No 3; Kongur(R.V) and (P), Kuppanvalsu Ward No 2; Kongur(R.V) and (P), Kongoor Ward No 2",Ananthi.S,,1,853,0.12,False
234,"P.U.E.S, Dasanaickenpatti,Tiled building facing East (South Portion)","Kongur(R.V) and (P), Thasanayakanpatti Ward No 3; Kongur(R.V) and (P), Kuppanvalsu Ward No 2; Kongur(R.V) and (P), Kongoor Ward No 2",Indhirani.C,,1,853,0.12,False
234,"P.U.E.S, Dasanaickenpatti,Tiled building facing East (South Portion)","Kongur(R.V) and (P), Thasanayakanpatti Ward No 3; Kongur(R.V) and (P), Kuppanvalsu Ward No 2; Kongur(R.V) and (P), Kongoor Ward No 2",Gowri.P,,0,853,0.0,False
234,"P.U.E.S, Dasanaickenpatti,Tiled building facing East (South Portion)","Kongur(R.V) and (P), Thasanayakanpatti Ward No 3; Kongur(R.V) and (P), Kuppanvalsu Ward No 2; Kongur(R.V) and (P), Kongoor Ward No 2",Mohanraj.M,,1,853,0.12,False
234,"P.U.E.S, Dasanaickenpatti,Tiled building facing East (South Portion)","Kongur(R.V) and (P), Thasanayakanpatti Ward No 3; Kongur(R.V) and (P), Kuppanvalsu Ward No 2; Kongur(R.V) and (P), Kongoor Ward No 2",Rohini.S,,2,853,0.23,False
234,"P.U.E.S, Dasanaickenpatti,Tiled building facing East (South Portion)","Kongur(R.V) and (P), Thasanayakanpatti Ward No 3; Kongur(R.V) and (P), Kuppanvalsu Ward No 2; Kongur(R.V) and (P), Kongoor Ward No 2",NOTA,NOTA,4,853,0.47,False
235,"P U E School, Anaipalayam 638673,South Facing Building","Ponnivadi (R.V) and (P) Ward 4, Salakadai,Anaipalayam; Ponnivadi (R.V) and (P) Ward 4, Bommanaickenvalasu",Indirani.T,,176,481,36.59,False
235,"P U E School, Anaipalayam 638673,South Facing Building","Ponnivadi (R.V) and (P) Ward 4, Salakadai,Anaipalayam; Ponnivadi (R.V) and (P) Ward 4, Bommanaickenvalasu",Sathyabama.P,,211,481,43.87,True
235,"P U E School, Anaipalayam 638673,South Facing Building","Ponnivadi (R.V) and (P) Ward 4, Salakadai,Anaipalayam; Ponnivadi (R.V) and (P) Ward 4, Bommanaickenvalasu",Dhivya,,7,481,1.46,False
235,"P U E School, Anaipalayam 638673,South Facing Building","Ponnivadi (R.V) and (P) Ward 4, Salakadai,Anaipalayam; Ponnivadi (R.V) and (P) Ward 4, Bommanaickenvalasu",Gowri Chitra,,80,481,16.63,False
235,"P U E School, Anaipalayam 638673,South Facing Building","Ponnivadi (R.V) and (P) Ward 4, Salakadai,Anaipalayam; Ponnivadi (R.V) and (P) Ward 4, Bommanaickenvalasu",Ananthi.S,,0,481,0.0,False
235,"P U E School, Anaipalayam 638673,South Facing Building","Ponnivadi (R.V) and (P) Ward 4, Salakadai,Anaipalayam; Ponnivadi (R.V) and (P) Ward 4, Bommanaickenvalasu",Indhirani.C,,1,481,0.21,False
235,"P U E School, Anaipalayam 638673,South Facing Building","Ponnivadi (R.V) and (P) Ward 4, Salakadai,Anaipalayam; Ponnivadi (R.V) and (P) Ward 4, Bommanaickenvalasu",Gowri.P,,0,481,0.0,False
235,"P U E School, Anaipalayam 638673,South Facing Building","Ponnivadi (R.V) and (P) Ward 4, Salakadai,Anaipalayam; Ponnivadi (R.V) and (P) Ward 4, Bommanaickenvalasu",Mohanraj.M,,1,481,0.21,False
235,"P U E School, Anaipalayam 638673,South Facing Building","Ponnivadi (R.V) and (P) Ward 4, Salakadai,Anaipalayam; Ponnivadi (R.V) and (P) Ward 4, Bommanaickenvalasu",Rohini.S,,2,481,0.42,False
235,"P U E School, Anaipalayam 638673,South Facing Building","Ponnivadi (R.V) and (P) Ward 4, Salakadai,Anaipalayam; Ponnivadi (R.V) and (P) Ward 4, Bommanaickenvalasu",NOTA,NOTA,3,481,0.62,False
236,"Govt.Hr.Sec.School,Elugamvalasu, East facing Building (South Portion) p.palayam,avinashipuram","Ponnivadi (R.V) and (P) Ward 2, UchanValasu; Ponnivadi (R.V) and (P) Ward 3, V.puram, thirumalaipalayam,",Indirani.T,,173,515,33.59,False
236,"Govt.Hr.Sec.School,Elugamvalasu, East facing Building (South Portion) p.palayam,avinashipuram","Ponnivadi (R.V) and (P) Ward 2, UchanValasu; Ponnivadi (R.V) and (P) Ward 3, V.puram, thirumalaipalayam,",Sathyabama.P,,187,515,36.31,True
236,"Govt.Hr.Sec.School,Elugamvalasu, East facing Building (South Portion) p.palayam,avinashipuram","Ponnivadi (R.V) and (P) Ward 2, UchanValasu; Ponnivadi (R.V) and (P) Ward 3, V.puram, thirumalaipalayam,",Dhivya,,45,515,8.74,False
236,"Govt.Hr.Sec.School,Elugamvalasu, East facing Building (South Portion) p.palayam,avinashipuram","Ponnivadi (R.V) and (P) Ward 2, UchanValasu; Ponnivadi (R.V) and (P) Ward 3, V.puram, thirumalaipalayam,",Gowri Chitra,,106,515,20.58,False
236,"Govt.Hr.Sec.School,Elugamvalasu, East facing Building (South Portion) p.palayam,avinashipuram","Ponnivadi (R.V) and (P) Ward 2, UchanValasu; Ponnivadi (R.V) and (P) Ward 3, V.puram, thirumalaipalayam,",Ananthi.S,,2,515,0.39,False
236,"Govt.Hr.Sec.School,Elugamvalasu, East facing Building (South Portion) p.palayam,avinashipuram","Ponnivadi (R.V) and (P) Ward 2, UchanValasu; Ponnivadi (R.V) and (P) Ward 3, V.puram, thirumalaipalayam,",Indhirani.C,,0,515,0.0,False
236,"Govt.Hr.Sec.School,Elugamvalasu, East facing Building (South Portion) p.palayam,avinashipuram","Ponnivadi (R.V) and (P) Ward 2, UchanValasu; Ponnivadi (R.V) and (P) Ward 3, V.puram, thirumalaipalayam,",Gowri.P,,0,515,0.0,False
236,"Govt.Hr.Sec.School,Elugamvalasu, East facing Building (South Portion) p.palayam,avinashipuram","Ponnivadi (R.V) and (P) Ward 2, UchanValasu; Ponnivadi (R.V) and (P) Ward 3, V.puram, thirumalaipalayam,",Mohanraj.M,,0,515,0.0,False
236,"Govt.Hr.Sec.School,Elugamvalasu, East facing Building (South Portion) p.palayam,avinashipuram","Ponnivadi (R.V) and (P) Ward 2, UchanValasu; Ponnivadi (R.V) and (P) Ward 3, V.puram, thirumalaipalayam,",Rohini.S,,0,515,0.0,False
236,"Govt.Hr.Sec.School,Elugamvalasu, East facing Building (South Portion) p.palayam,avinashipuram","Ponnivadi (R.V) and (P) Ward 2, UchanValasu; Ponnivadi (R.V) and (P) Ward 3, V.puram, thirumalaipalayam,",NOTA,NOTA,2,515,0.39,False
237,"Govt Hr Sec School, Elugamvalasu,Building facing west (Center Room)","Ponnivadi (R.V) and (P) Ward 2, Elugam valasu(Block 7); Ponnivadi (R.V) and (P) Ward 2, Elugam Valasu (Block 8); Ponnivadi (R.V) and (P) Ward 2, Elugam Valasu(Block 9); Ponnivadi (R.V) and (P) Ward 2, Elugamvalasu (Block 10)",Indirani.T,,345,883,39.07,True
237,"Govt Hr Sec School, Elugamvalasu,Building facing west (Center Room)","Ponnivadi (R.V) and (P) Ward 2, Elugam valasu(Block 7); Ponnivadi (R.V) and (P) Ward 2, Elugam Valasu (Block 8); Ponnivadi (R.V) and (P) Ward 2, Elugam Valasu(Block 9); Ponnivadi (R.V) and (P) Ward 2, Elugamvalasu (Block 10)",Sathyabama.P,,344,883,38.96,False
237,"Govt Hr Sec School, Elugamvalasu,Building facing west (Center Room)","Ponnivadi (R.V) and (P) Ward 2, Elugam valasu(Block 7); Ponnivadi (R.V) and (P) Ward 2, Elugam Valasu (Block 8); Ponnivadi (R.V) and (P) Ward 2, Elugam Valasu(Block 9); Ponnivadi (R.V) and (P) Ward 2, Elugamvalasu (Block 10)",Dhivya,,24,883,2.72,False
237,"Govt Hr Sec School, Elugamvalasu,Building facing west (Center Room)","Ponnivadi (R.V) and (P) Ward 2, Elugam valasu(Block 7); Ponnivadi (R.V) and (P) Ward 2, Elugam Valasu (Block 8); Ponnivadi (R.V) and (P) Ward 2, Elugam Valasu(Block 9); Ponnivadi (R.V) and (P) Ward 2, Elugamvalasu (Block 10)",Gowri Chitra,,161,883,18.23,False
237,"Govt Hr Sec School, Elugamvalasu,Building facing west (Center Room)","Ponnivadi (R.V) and (P) Ward 2, Elugam valasu(Block 7); Ponnivadi (R.V) and (P) Ward 2, Elugam Valasu (Block 8); Ponnivadi (R.V) and (P) Ward 2, Elugam Valasu(Block 9); Ponnivadi (R.V) and (P) Ward 2, Elugamvalasu (Block 10)",Ananthi.S,,6,883,0.68,False
237,"Govt Hr Sec School, Elugamvalasu,Building facing west (Center Room)","Ponnivadi (R.V) and (P) Ward 2, Elugam valasu(Block 7); Ponnivadi (R.V) and (P) Ward 2, Elugam Valasu (Block 8); Ponnivadi (R.V) and (P) Ward 2, Elugam Valasu(Block 9); Ponnivadi (R.V) and (P) Ward 2, Elugamvalasu (Block 10)",Indhirani.C,,0,883,0.0,False
237,"Govt Hr Sec School, Elugamvalasu,Building facing west (Center Room)","Ponnivadi (R.V) and (P) Ward 2, Elugam valasu(Block 7); Ponnivadi (R.V) and (P) Ward 2, Elugam Valasu (Block 8); Ponnivadi (R.V) and (P) Ward 2, Elugam Valasu(Block 9); Ponnivadi (R.V) and (P) Ward 2, Elugamvalasu (Block 10)",Gowri.P,,0,883,0.0,False
237,"Govt Hr Sec School, Elugamvalasu,Building facing west (Center Room)","Ponnivadi (R.V) and (P) Ward 2, Elugam valasu(Block 7); Ponnivadi (R.V) and (P) Ward 2, Elugam Valasu (Block 8); Ponnivadi (R.V) and (P) Ward 2, Elugam Valasu(Block 9); Ponnivadi (R.V) and (P) Ward 2, Elugamvalasu (Block 10)",Mohanraj.M,,0,883,0.0,False
237,"Govt Hr Sec School, Elugamvalasu,Building facing west (Center Room)","Ponnivadi (R.V) and (P) Ward 2, Elugam valasu(Block 7); Ponnivadi (R.V) and (P) Ward 2, Elugam Valasu (Block 8); Ponnivadi (R.V) and (P) Ward 2, Elugam Valasu(Block 9); Ponnivadi (R.V) and (P) Ward 2, Elugamvalasu (Block 10)",Rohini.S,,1,883,0.11,False
237,"Govt Hr Sec School, Elugamvalasu,Building facing west (Center Room)","Ponnivadi (R.V) and (P) Ward 2, Elugam valasu(Block 7); Ponnivadi (R.V) and (P) Ward 2, Elugam Valasu (Block 8); Ponnivadi (R.V) and (P) Ward 2, Elugam Valasu(Block 9); Ponnivadi (R.V) and (P) Ward 2, Elugamvalasu (Block 10)",NOTA,NOTA,2,883,0.23,False
238,"P U E School, Ellapalayam 638673,West Facing Building","Ponnivadi (R.V) and (P) Ward 1, Manjampatti e.palayam north,p.k.valasu; Ponnivadi (R.V) and (P) Ward 1, Ellapalayam South; Ponnivadi (R.V) and (P) Ward 2, Animanthan Kottai, Nadu Valasu",Indirani.T,,160,443,36.12,False
238,"P U E School, Ellapalayam 638673,West Facing Building","Ponnivadi (R.V) and (P) Ward 1, Manjampatti e.palayam north,p.k.valasu; Ponnivadi (R.V) and (P) Ward 1, Ellapalayam South; Ponnivadi (R.V) and (P) Ward 2, Animanthan Kottai, Nadu Valasu",Sathyabama.P,,190,443,42.89,True
238,"P U E School, Ellapalayam 638673,West Facing Building","Ponnivadi (R.V) and (P) Ward 1, Manjampatti e.palayam north,p.k.valasu; Ponnivadi (R.V) and (P) Ward 1, Ellapalayam South; Ponnivadi (R.V) and (P) Ward 2, Animanthan Kottai, Nadu Valasu",Dhivya,,10,443,2.26,False
238,"P U E School, Ellapalayam 638673,West Facing Building","Ponnivadi (R.V) and (P) Ward 1, Manjampatti e.palayam north,p.k.valasu; Ponnivadi (R.V) and (P) Ward 1, Ellapalayam South; Ponnivadi (R.V) and (P) Ward 2, Animanthan Kottai, Nadu Valasu",Gowri Chitra,,80,443,18.06,False
238,"P U E School, Ellapalayam 638673,West Facing Building","Ponnivadi (R.V) and (P) Ward 1, Manjampatti e.palayam north,p.k.valasu; Ponnivadi (R.V) and (P) Ward 1, Ellapalayam South; Ponnivadi (R.V) and (P) Ward 2, Animanthan Kottai, Nadu Valasu",Ananthi.S,,0,443,0.0,False
238,"P U E School, Ellapalayam 638673,West Facing Building","Ponnivadi (R.V) and (P) Ward 1, Manjampatti e.palayam north,p.k.valasu; Ponnivadi (R.V) and (P) Ward 1, Ellapalayam South; Ponnivadi (R.V) and (P) Ward 2, Animanthan Kottai, Nadu Valasu",Indhirani.C,,0,443,0.0,False
238,"P U E School, Ellapalayam 638673,West Facing Building","Ponnivadi (R.V) and (P) Ward 1, Manjampatti e.palayam north,p.k.valasu; Ponnivadi (R.V) and (P) Ward 1, Ellapalayam South; Ponnivadi (R.V) and (P) Ward 2, Animanthan Kottai, Nadu Valasu",Gowri.P,,1,443,0.23,False
238,"P U E School, Ellapalayam 638673,West Facing Building","Ponnivadi (R.V) and (P) Ward 1, Manjampatti e.palayam north,p.k.valasu; Ponnivadi (R.V) and (P) Ward 1, Ellapalayam South; Ponnivadi (R.V) and (P) Ward 2, Animanthan Kottai, Nadu Valasu",Mohanraj.M,,0,443,0.0,False
238,"P U E School, Ellapalayam 638673,West Facing Building","Ponnivadi (R.V) and (P) Ward 1, Manjampatti e.palayam north,p.k.valasu; Ponnivadi (R.V) and (P) Ward 1, Ellapalayam South; Ponnivadi (R.V) and (P) Ward 2, Animanthan Kottai, Nadu Valasu",Rohini.S,,1,443,0.23,False
238,"P U E School, Ellapalayam 638673,West Facing Building","Ponnivadi (R.V) and (P) Ward 1, Manjampatti e.palayam north,p.k.valasu; Ponnivadi (R.V) and (P) Ward 1, Ellapalayam South; Ponnivadi (R.V) and (P) Ward 2, Animanthan Kottai, Nadu Valasu",NOTA,NOTA,1,443,0.23,False
239,"P U E School, Ponnivadi 638673,North Facing Building","Ponnivadi (R.V) and (P) Ward 1, Kosavalasu bagavan koil; Ponnivadi (R.V) and (P) Ward 1, Kullanthalli Valasu; Ponnivadi (R.V) and (P) Ward 1, Ponnivadi; Ponnivadi (R.V) and (P) Ward 1, AthiMarathu Puthur",Indirani.T,,262,855,30.64,False
239,"P U E School, Ponnivadi 638673,North Facing Building","Ponnivadi (R.V) and (P) Ward 1, Kosavalasu bagavan koil; Ponnivadi (R.V) and (P) Ward 1, Kullanthalli Valasu; Ponnivadi (R.V) and (P) Ward 1, Ponnivadi; Ponnivadi (R.V) and (P) Ward 1, AthiMarathu Puthur",Sathyabama.P,,356,855,41.64,True
239,"P U E School, Ponnivadi 638673,North Facing Building","Ponnivadi (R.V) and (P) Ward 1, Kosavalasu bagavan koil; Ponnivadi (R.V) and (P) Ward 1, Kullanthalli Valasu; Ponnivadi (R.V) and (P) Ward 1, Ponnivadi; Ponnivadi (R.V) and (P) Ward 1, AthiMarathu Puthur",Dhivya,,30,855,3.51,False
239,"P U E School, Ponnivadi 638673,North Facing Building","Ponnivadi (R.V) and (P) Ward 1, Kosavalasu bagavan koil; Ponnivadi (R.V) and (P) Ward 1, Kullanthalli Valasu; Ponnivadi (R.V) and (P) Ward 1, Ponnivadi; Ponnivadi (R.V) and (P) Ward 1, AthiMarathu Puthur",Gowri Chitra,,200,855,23.39,False
239,"P U E School, Ponnivadi 638673,North Facing Building","Ponnivadi (R.V) and (P) Ward 1, Kosavalasu bagavan koil; Ponnivadi (R.V) and (P) Ward 1, Kullanthalli Valasu; Ponnivadi (R.V) and (P) Ward 1, Ponnivadi; Ponnivadi (R.V) and (P) Ward 1, AthiMarathu Puthur",Ananthi.S,,0,855,0.0,False
239,"P U E School, Ponnivadi 638673,North Facing Building","Ponnivadi (R.V) and (P) Ward 1, Kosavalasu bagavan koil; Ponnivadi (R.V) and (P) Ward 1, Kullanthalli Valasu; Ponnivadi (R.V) and (P) Ward 1, Ponnivadi; Ponnivadi (R.V) and (P) Ward 1, AthiMarathu Puthur",Indhirani.C,,2,855,0.23,False
239,"P U E School, Ponnivadi 638673,North Facing Building","Ponnivadi (R.V) and (P) Ward 1, Kosavalasu bagavan koil; Ponnivadi (R.V) and (P) Ward 1, Kullanthalli Valasu; Ponnivadi (R.V) and (P) Ward 1, Ponnivadi; Ponnivadi (R.V) and (P) Ward 1, AthiMarathu Puthur",Gowri.P,,0,855,0.0,False
239,"P U E School, Ponnivadi 638673,North Facing Building","Ponnivadi (R.V) and (P) Ward 1, Kosavalasu bagavan koil; Ponnivadi (R.V) and (P) Ward 1, Kullanthalli Valasu; Ponnivadi (R.V) and (P) Ward 1, Ponnivadi; Ponnivadi (R.V) and (P) Ward 1, AthiMarathu Puthur",Mohanraj.M,,0,855,0.0,False
239,"P U E School, Ponnivadi 638673,North Facing Building","Ponnivadi (R.V) and (P) Ward 1, Kosavalasu bagavan koil; Ponnivadi (R.V) and (P) Ward 1, Kullanthalli Valasu; Ponnivadi (R.V) and (P) Ward 1, Ponnivadi; Ponnivadi (R.V) and (P) Ward 1, AthiMarathu Puthur",Rohini.S,,1,855,0.12,False
239,"P U E School, Ponnivadi 638673,North Facing Building","Ponnivadi (R.V) and (P) Ward 1, Kosavalasu bagavan koil; Ponnivadi (R.V) and (P) Ward 1, Kullanthalli Valasu; Ponnivadi (R.V) and (P) Ward 1, Ponnivadi; Ponnivadi (R.V) and (P) Ward 1, AthiMarathu Puthur",NOTA,NOTA,4,855,0.47,False
240,"P U E School ,Koneripatti 638673,East Facing Building","Ponnivadi (R.V) and (P) Ward 3, Koneripatti (Black 12); Ponnivadi (R.V) and (P) Ward 3, Koneripatti (Block 13); Ponnivadi (R.V) and (P) Ward 3, Krishnapuaram,Veerappangoundan Valasu",Indirani.T,,264,829,31.85,False
240,"P U E School ,Koneripatti 638673,East Facing Building","Ponnivadi (R.V) and (P) Ward 3, Koneripatti (Black 12); Ponnivadi (R.V) and (P) Ward 3, Koneripatti (Block 13); Ponnivadi (R.V) and (P) Ward 3, Krishnapuaram,Veerappangoundan Valasu",Sathyabama.P,,351,829,42.34,True
240,"P U E School ,Koneripatti 638673,East Facing Building","Ponnivadi (R.V) and (P) Ward 3, Koneripatti (Black 12); Ponnivadi (R.V) and (P) Ward 3, Koneripatti (Block 13); Ponnivadi (R.V) and (P) Ward 3, Krishnapuaram,Veerappangoundan Valasu",Dhivya,,26,829,3.14,False
240,"P U E School ,Koneripatti 638673,East Facing Building","Ponnivadi (R.V) and (P) Ward 3, Koneripatti (Black 12); Ponnivadi (R.V) and (P) Ward 3, Koneripatti (Block 13); Ponnivadi (R.V) and (P) Ward 3, Krishnapuaram,Veerappangoundan Valasu",Gowri Chitra,,181,829,21.83,False
240,"P U E School ,Koneripatti 638673,East Facing Building","Ponnivadi (R.V) and (P) Ward 3, Koneripatti (Black 12); Ponnivadi (R.V) and (P) Ward 3, Koneripatti (Block 13); Ponnivadi (R.V) and (P) Ward 3, Krishnapuaram,Veerappangoundan Valasu",Ananthi.S,,0,829,0.0,False
240,"P U E School ,Koneripatti 638673,East Facing Building","Ponnivadi (R.V) and (P) Ward 3, Koneripatti (Black 12); Ponnivadi (R.V) and (P) Ward 3, Koneripatti (Block 13); Ponnivadi (R.V) and (P) Ward 3, Krishnapuaram,Veerappangoundan Valasu",Indhirani.C,,0,829,0.0,False
240,"P U E School ,Koneripatti 638673,East Facing Building","Ponnivadi (R.V) and (P) Ward 3, Koneripatti (Black 12); Ponnivadi (R.V) and (P) Ward 3, Koneripatti (Block 13); Ponnivadi (R.V) and (P) Ward 3, Krishnapuaram,Veerappangoundan Valasu",Gowri.P,,1,829,0.12,False
240,"P U E School ,Koneripatti 638673,East Facing Building","Ponnivadi (R.V) and (P) Ward 3, Koneripatti (Black 12); Ponnivadi (R.V) and (P) Ward 3, Koneripatti (Block 13); Ponnivadi (R.V) and (P) Ward 3, Krishnapuaram,Veerappangoundan Valasu",Mohanraj.M,,1,829,0.12,False
240,"P U E School ,Koneripatti 638673,East Facing Building","Ponnivadi (R.V) and (P) Ward 3, Koneripatti (Black 12); Ponnivadi (R.V) and (P) Ward 3, Koneripatti (Block 13); Ponnivadi (R.V) and (P) Ward 3, Krishnapuaram,Veerappangoundan Valasu",Rohini.S,,0,829,0.0,False
240,"P U E School ,Koneripatti 638673,East Facing Building","Ponnivadi (R.V) and (P) Ward 3, Koneripatti (Black 12); Ponnivadi (R.V) and (P) Ward 3, Koneripatti (Block 13); Ponnivadi (R.V) and (P) Ward 3, Krishnapuaram,Veerappangoundan Valasu",NOTA,NOTA,5,829,0.6,False
241,"P U E School, Eragampatti 638673,North Facing Building","Ponnivadi (R.V) and (P) Ward 4, Eragampatti North; Ponnivadi (R.V) and (P) Ward 4, Rangapalayam",Indirani.T,,193,796,24.25,False
241,"P U E School, Eragampatti 638673,North Facing Building","Ponnivadi (R.V) and (P) Ward 4, Eragampatti North; Ponnivadi (R.V) and (P) Ward 4, Rangapalayam",Sathyabama.P,,350,796,43.97,True
241,"P U E School, Eragampatti 638673,North Facing Building","Ponnivadi (R.V) and (P) Ward 4, Eragampatti North; Ponnivadi (R.V) and (P) Ward 4, Rangapalayam",Dhivya,,22,796,2.76,False
241,"P U E School, Eragampatti 638673,North Facing Building","Ponnivadi (R.V) and (P) Ward 4, Eragampatti North; Ponnivadi (R.V) and (P) Ward 4, Rangapalayam",Gowri Chitra,,226,796,28.39,False
241,"P U E School, Eragampatti 638673,North Facing Building","Ponnivadi (R.V) and (P) Ward 4, Eragampatti North; Ponnivadi (R.V) and (P) Ward 4, Rangapalayam",Ananthi.S,,0,796,0.0,False
241,"P U E School, Eragampatti 638673,North Facing Building","Ponnivadi (R.V) and (P) Ward 4, Eragampatti North; Ponnivadi (R.V) and (P) Ward 4, Rangapalayam",Indhirani.C,,0,796,0.0,False
241,"P U E School, Eragampatti 638673,North Facing Building","Ponnivadi (R.V) and (P) Ward 4, Eragampatti North; Ponnivadi (R.V) and (P) Ward 4, Rangapalayam",Gowri.P,,2,796,0.25,False
241,"P U E School, Eragampatti 638673,North Facing Building","Ponnivadi (R.V) and (P) Ward 4, Eragampatti North; Ponnivadi (R.V) and (P) Ward 4, Rangapalayam",Mohanraj.M,,0,796,0.0,False
241,"P U E School, Eragampatti 638673,North Facing Building","Ponnivadi (R.V) and (P) Ward 4, Eragampatti North; Ponnivadi (R.V) and (P) Ward 4, Rangapalayam",Rohini.S,,1,796,0.13,False
241,"P U E School, Eragampatti 638673,North Facing Building","Ponnivadi (R.V) and (P) Ward 4, Eragampatti North; Ponnivadi (R.V) and (P) Ward 4, Rangapalayam",NOTA,NOTA,2,796,0.25,False
242,"P U E School, Rettaravalasu 638661,East Facing Building","Ponnivadi (R.V) and (P) Ward 4, Eragampatti South; Nallampalayam (R.V) and (P) Ward 2, Rettaravalasu north; Nallampalayam (R.V) and (P) Ward 2, Rettaravalasu South",Indirani.T,,190,654,29.05,False
242,"P U E School, Rettaravalasu 638661,East Facing Building","Ponnivadi (R.V) and (P) Ward 4, Eragampatti South; Nallampalayam (R.V) and (P) Ward 2, Rettaravalasu north; Nallampalayam (R.V) and (P) Ward 2, Rettaravalasu South",Sathyabama.P,,296,654,45.26,True
242,"P U E School, Rettaravalasu 638661,East Facing Building","Ponnivadi (R.V) and (P) Ward 4, Eragampatti South; Nallampalayam (R.V) and (P) Ward 2, Rettaravalasu north; Nallampalayam (R.V) and (P) Ward 2, Rettaravalasu South",Dhivya,,20,654,3.06,False
242,"P U E School, Rettaravalasu 638661,East Facing Building","Ponnivadi (R.V) and (P) Ward 4, Eragampatti South; Nallampalayam (R.V) and (P) Ward 2, Rettaravalasu north; Nallampalayam (R.V) and (P) Ward 2, Rettaravalasu South",Gowri Chitra,,141,654,21.56,False
242,"P U E School, Rettaravalasu 638661,East Facing Building","Ponnivadi (R.V) and (P) Ward 4, Eragampatti South; Nallampalayam (R.V) and (P) Ward 2, Rettaravalasu north; Nallampalayam (R.V) and (P) Ward 2, Rettaravalasu South",Ananthi.S,,0,654,0.0,False
242,"P U E School, Rettaravalasu 638661,East Facing Building","Ponnivadi (R.V) and (P) Ward 4, Eragampatti South; Nallampalayam (R.V) and (P) Ward 2, Rettaravalasu north; Nallampalayam (R.V) and (P) Ward 2, Rettaravalasu South",Indhirani.C,,3,654,0.46,False
242,"P U E School, Rettaravalasu 638661,East Facing Building","Ponnivadi (R.V) and (P) Ward 4, Eragampatti South; Nallampalayam (R.V) and (P) Ward 2, Rettaravalasu north; Nallampalayam (R.V) and (P) Ward 2, Rettaravalasu South",Gowri.P,,0,654,0.0,False
242,"P U E School, Rettaravalasu 638661,East Facing Building","Ponnivadi (R.V) and (P) Ward 4, Eragampatti South; Nallampalayam (R.V) and (P) Ward 2, Rettaravalasu north; Nallampalayam (R.V) and (P) Ward 2, Rettaravalasu South",Mohanraj.M,,0,654,0.0,False
242,"P U E School, Rettaravalasu 638661,East Facing Building","Ponnivadi (R.V) and (P) Ward 4, Eragampatti South; Nallampalayam (R.V) and (P) Ward 2, Rettaravalasu north; Nallampalayam (R.V) and (P) Ward 2, Rettaravalasu South",Rohini.S,,2,654,0.31,False
242,"P U E School, Rettaravalasu 638661,East Facing Building","Ponnivadi (R.V) and (P) Ward 4, Eragampatti South; Nallampalayam (R.V) and (P) Ward 2, Rettaravalasu north; Nallampalayam (R.V) and (P) Ward 2, Rettaravalasu South",NOTA,NOTA,2,654,0.31,False
243,"Panchayat Union Elementary School, Puliavalasu, North Facing","Nallampalayam (R.V) and (P) Ward 3, Puliavalasu",Indirani.T,,69,277,24.91,False
243,"Panchayat Union Elementary School, Puliavalasu, North Facing","Nallampalayam (R.V) and (P) Ward 3, Puliavalasu",Sathyabama.P,,134,277,48.38,True
243,"Panchayat Union Elementary School, Puliavalasu, North Facing","Nallampalayam (R.V) and (P) Ward 3, Puliavalasu",Dhivya,,9,277,3.25,False
243,"Panchayat Union Elementary School, Puliavalasu, North Facing","Nallampalayam (R.V) and (P) Ward 3, Puliavalasu",Gowri Chitra,,54,277,19.49,False
243,"Panchayat Union Elementary School, Puliavalasu, North Facing","Nallampalayam (R.V) and (P) Ward 3, Puliavalasu",Ananthi.S,,1,277,0.36,False
243,"Panchayat Union Elementary School, Puliavalasu, North Facing","Nallampalayam (R.V) and (P) Ward 3, Puliavalasu",Indhirani.C,,0,277,0.0,False
243,"Panchayat Union Elementary School, Puliavalasu, North Facing","Nallampalayam (R.V) and (P) Ward 3, Puliavalasu",Gowri.P,,0,277,0.0,False
243,"Panchayat Union Elementary School, Puliavalasu, North Facing","Nallampalayam (R.V) and (P) Ward 3, Puliavalasu",Mohanraj.M,,3,277,1.08,False
243,"Panchayat Union Elementary School, Puliavalasu, North Facing","Nallampalayam (R.V) and (P) Ward 3, Puliavalasu",Rohini.S,,3,277,1.08,False
243,"Panchayat Union Elementary School, Puliavalasu, North Facing","Nallampalayam (R.V) and (P) Ward 3, Puliavalasu",NOTA,NOTA,4,277,1.44,False
244,"Building P U E School, Palanigoundenvalasu 638661,North Facing Building","Nallampalayam (R.V) and (P) Ward 1, Nallampalayam; Nallampalayam (R.V) and (P) Ward 2, PalaniGoundanValasu",Indirani.T,,155,554,27.98,False
244,"Building P U E School, Palanigoundenvalasu 638661,North Facing Building","Nallampalayam (R.V) and (P) Ward 1, Nallampalayam; Nallampalayam (R.V) and (P) Ward 2, PalaniGoundanValasu",Sathyabama.P,,251,554,45.31,True
244,"Building P U E School, Palanigoundenvalasu 638661,North Facing Building","Nallampalayam (R.V) and (P) Ward 1, Nallampalayam; Nallampalayam (R.V) and (P) Ward 2, PalaniGoundanValasu",Dhivya,,5,554,0.9,False
244,"Building P U E School, Palanigoundenvalasu 638661,North Facing Building","Nallampalayam (R.V) and (P) Ward 1, Nallampalayam; Nallampalayam (R.V) and (P) Ward 2, PalaniGoundanValasu",Gowri Chitra,,138,554,24.91,False
244,"Building P U E School, Palanigoundenvalasu 638661,North Facing Building","Nallampalayam (R.V) and (P) Ward 1, Nallampalayam; Nallampalayam (R.V) and (P) Ward 2, PalaniGoundanValasu",Ananthi.S,,0,554,0.0,False
244,"Building P U E School, Palanigoundenvalasu 638661,North Facing Building","Nallampalayam (R.V) and (P) Ward 1, Nallampalayam; Nallampalayam (R.V) and (P) Ward 2, PalaniGoundanValasu",Indhirani.C,,0,554,0.0,False
244,"Building P U E School, Palanigoundenvalasu 638661,North Facing Building","Nallampalayam (R.V) and (P) Ward 1, Nallampalayam; Nallampalayam (R.V) and (P) Ward 2, PalaniGoundanValasu",Gowri.P,,0,554,0.0,False
244,"Building P U E School, Palanigoundenvalasu 638661,North Facing Building","Nallampalayam (R.V) and (P) Ward 1, Nallampalayam; Nallampalayam (R.V) and (P) Ward 2, PalaniGoundanValasu",Mohanraj.M,,0,554,0.0,False
244,"Building P U E School, Palanigoundenvalasu 638661,North Facing Building","Nallampalayam (R.V) and (P) Ward 1, Nallampalayam; Nallampalayam (R.V) and (P) Ward 2, PalaniGoundanValasu",Rohini.S,,1,554,0.18,False
244,"Building P U E School, Palanigoundenvalasu 638661,North Facing Building","Nallampalayam (R.V) and (P) Ward 1, Nallampalayam; Nallampalayam (R.V) and (P) Ward 2, PalaniGoundanValasu",NOTA,NOTA,4,554,0.72,False
245,"Panchayat Union Middle School,D.Kumarapalayam, West Facing Building (North Portion)",Kolathupalayam (TP) Ward 17 Velliampalayam; Kolathupalayam (TP) Ward 17 Salarapatti; Kolathupalayam (TP) Ward 18 Seeranga gounden Puthur; Kolathupalayam (TP) Ward 18 Harijan Street,Indirani.T,,139,508,27.36,False
245,"Panchayat Union Middle School,D.Kumarapalayam, West Facing Building (North Portion)",Kolathupalayam (TP) Ward 17 Velliampalayam; Kolathupalayam (TP) Ward 17 Salarapatti; Kolathupalayam (TP) Ward 18 Seeranga gounden Puthur; Kolathupalayam (TP) Ward 18 Harijan Street,Sathyabama.P,,287,508,56.5,True
245,"Panchayat Union Middle School,D.Kumarapalayam, West Facing Building (North Portion)",Kolathupalayam (TP) Ward 17 Velliampalayam; Kolathupalayam (TP) Ward 17 Salarapatti; Kolathupalayam (TP) Ward 18 Seeranga gounden Puthur; Kolathupalayam (TP) Ward 18 Harijan Street,Dhivya,,15,508,2.95,False
245,"Panchayat Union Middle School,D.Kumarapalayam, West Facing Building (North Portion)",Kolathupalayam (TP) Ward 17 Velliampalayam; Kolathupalayam (TP) Ward 17 Salarapatti; Kolathupalayam (TP) Ward 18 Seeranga gounden Puthur; Kolathupalayam (TP) Ward 18 Harijan Street,Gowri Chitra,,61,508,12.01,False
245,"Panchayat Union Middle School,D.Kumarapalayam, West Facing Building (North Portion)",Kolathupalayam (TP) Ward 17 Velliampalayam; Kolathupalayam (TP) Ward 17 Salarapatti; Kolathupalayam (TP) Ward 18 Seeranga gounden Puthur; Kolathupalayam (TP) Ward 18 Harijan Street,Ananthi.S,,1,508,0.2,False
245,"Panchayat Union Middle School,D.Kumarapalayam, West Facing Building (North Portion)",Kolathupalayam (TP) Ward 17 Velliampalayam; Kolathupalayam (TP) Ward 17 Salarapatti; Kolathupalayam (TP) Ward 18 Seeranga gounden Puthur; Kolathupalayam (TP) Ward 18 Harijan Street,Indhirani.C,,1,508,0.2,False
245,"Panchayat Union Middle School,D.Kumarapalayam, West Facing Building (North Portion)",Kolathupalayam (TP) Ward 17 Velliampalayam; Kolathupalayam (TP) Ward 17 Salarapatti; Kolathupalayam (TP) Ward 18 Seeranga gounden Puthur; Kolathupalayam (TP) Ward 18 Harijan Street,Gowri.P,,1,508,0.2,False
245,"Panchayat Union Middle School,D.Kumarapalayam, West Facing Building (North Portion)",Kolathupalayam (TP) Ward 17 Velliampalayam; Kolathupalayam (TP) Ward 17 Salarapatti; Kolathupalayam (TP) Ward 18 Seeranga gounden Puthur; Kolathupalayam (TP) Ward 18 Harijan Street,Mohanraj.M,,0,508,0.0,False
245,"Panchayat Union Middle School,D.Kumarapalayam, West Facing Building (North Portion)",Kolathupalayam (TP) Ward 17 Velliampalayam; Kolathupalayam (TP) Ward 17 Salarapatti; Kolathupalayam (TP) Ward 18 Seeranga gounden Puthur; Kolathupalayam (TP) Ward 18 Harijan Street,Rohini.S,,0,508,0.0,False
245,"Panchayat Union Middle School,D.Kumarapalayam, West Facing Building (North Portion)",Kolathupalayam (TP) Ward 17 Velliampalayam; Kolathupalayam (TP) Ward 17 Salarapatti; Kolathupalayam (TP) Ward 18 Seeranga gounden Puthur; Kolathupalayam (TP) Ward 18 Harijan Street,NOTA,NOTA,3,508,0.59,False
246,"Panchayat Union Middle School, D.Kumarapalayam, West Facing Building (South Portion)",Kolathupalayam (TP) Ward 18 Kumarapalayam; Kolathupalayam (TP) Ward 18 Bhagavan Koil Steet; Kolathupalayam (TP) Ward 18 Harijan Street (Kumarapalayam); Kolathupalayam (TP) Ward 7 Savadi Thottam Street,Indirani.T,,80,394,20.3,False
246,"Panchayat Union Middle School, D.Kumarapalayam, West Facing Building (South Portion)",Kolathupalayam (TP) Ward 18 Kumarapalayam; Kolathupalayam (TP) Ward 18 Bhagavan Koil Steet; Kolathupalayam (TP) Ward 18 Harijan Street (Kumarapalayam); Kolathupalayam (TP) Ward 7 Savadi Thottam Street,Sathyabama.P,,157,394,39.85,True
246,"Panchayat Union Middle School, D.Kumarapalayam, West Facing Building (South Portion)",Kolathupalayam (TP) Ward 18 Kumarapalayam; Kolathupalayam (TP) Ward 18 Bhagavan Koil Steet; Kolathupalayam (TP) Ward 18 Harijan Street (Kumarapalayam); Kolathupalayam (TP) Ward 7 Savadi Thottam Street,Dhivya,,14,394,3.55,False
246,"Panchayat Union Middle School, D.Kumarapalayam, West Facing Building (South Portion)",Kolathupalayam (TP) Ward 18 Kumarapalayam; Kolathupalayam (TP) Ward 18 Bhagavan Koil Steet; Kolathupalayam (TP) Ward 18 Harijan Street (Kumarapalayam); Kolathupalayam (TP) Ward 7 Savadi Thottam Street,Gowri Chitra,,139,394,35.28,False
246,"Panchayat Union Middle School, D.Kumarapalayam, West Facing Building (South Portion)",Kolathupalayam (TP) Ward 18 Kumarapalayam; Kolathupalayam (TP) Ward 18 Bhagavan Koil Steet; Kolathupalayam (TP) Ward 18 Harijan Street (Kumarapalayam); Kolathupalayam (TP) Ward 7 Savadi Thottam Street,Ananthi.S,,0,394,0.0,False
246,"Panchayat Union Middle School, D.Kumarapalayam, West Facing Building (South Portion)",Kolathupalayam (TP) Ward 18 Kumarapalayam; Kolathupalayam (TP) Ward 18 Bhagavan Koil Steet; Kolathupalayam (TP) Ward 18 Harijan Street (Kumarapalayam); Kolathupalayam (TP) Ward 7 Savadi Thottam Street,Indhirani.C,,1,394,0.25,False
246,"Panchayat Union Middle School, D.Kumarapalayam, West Facing Building (South Portion)",Kolathupalayam (TP) Ward 18 Kumarapalayam; Kolathupalayam (TP) Ward 18 Bhagavan Koil Steet; Kolathupalayam (TP) Ward 18 Harijan Street (Kumarapalayam); Kolathupalayam (TP) Ward 7 Savadi Thottam Street,Gowri.P,,0,394,0.0,False
246,"Panchayat Union Middle School, D.Kumarapalayam, West Facing Building (South Portion)",Kolathupalayam (TP) Ward 18 Kumarapalayam; Kolathupalayam (TP) Ward 18 Bhagavan Koil Steet; Kolathupalayam (TP) Ward 18 Harijan Street (Kumarapalayam); Kolathupalayam (TP) Ward 7 Savadi Thottam Street,Mohanraj.M,,1,394,0.25,False
246,"Panchayat Union Middle School, D.Kumarapalayam, West Facing Building (South Portion)",Kolathupalayam (TP) Ward 18 Kumarapalayam; Kolathupalayam (TP) Ward 18 Bhagavan Koil Steet; Kolathupalayam (TP) Ward 18 Harijan Street (Kumarapalayam); Kolathupalayam (TP) Ward 7 Savadi Thottam Street,Rohini.S,,1,394,0.25,False
246,"Panchayat Union Middle School, D.Kumarapalayam, West Facing Building (South Portion)",Kolathupalayam (TP) Ward 18 Kumarapalayam; Kolathupalayam (TP) Ward 18 Bhagavan Koil Steet; Kolathupalayam (TP) Ward 18 Harijan Street (Kumarapalayam); Kolathupalayam (TP) Ward 7 Savadi Thottam Street,NOTA,NOTA,1,394,0.25,False
247,"C.S.I.Elementary School, Alampalayam,East Facing Building",Kolathupalayam (TP) Ward 1 Aalampalayam; Kolathupalayam (TP) Ward 17 Aalampalayam Harijan Street; Kolathupalayam (TP) Ward 17 Aandipalayam Harijan Street; Kolathupalayam (TP) Ward 16 Marutha Gounden Valasu,Indirani.T,,256,778,32.9,False
247,"C.S.I.Elementary School, Alampalayam,East Facing Building",Kolathupalayam (TP) Ward 1 Aalampalayam; Kolathupalayam (TP) Ward 17 Aalampalayam Harijan Street; Kolathupalayam (TP) Ward 17 Aandipalayam Harijan Street; Kolathupalayam (TP) Ward 16 Marutha Gounden Valasu,Sathyabama.P,,331,778,42.54,True
247,"C.S.I.Elementary School, Alampalayam,East Facing Building",Kolathupalayam (TP) Ward 1 Aalampalayam; Kolathupalayam (TP) Ward 17 Aalampalayam Harijan Street; Kolathupalayam (TP) Ward 17 Aandipalayam Harijan Street; Kolathupalayam (TP) Ward 16 Marutha Gounden Valasu,Dhivya,,18,778,2.31,False
247,"C.S.I.Elementary School, Alampalayam,East Facing Building",Kolathupalayam (TP) Ward 1 Aalampalayam; Kolathupalayam (TP) Ward 17 Aalampalayam Harijan Street; Kolathupalayam (TP) Ward 17 Aandipalayam Harijan Street; Kolathupalayam (TP) Ward 16 Marutha Gounden Valasu,Gowri Chitra,,160,778,20.57,False
247,"C.S.I.Elementary School, Alampalayam,East Facing Building",Kolathupalayam (TP) Ward 1 Aalampalayam; Kolathupalayam (TP) Ward 17 Aalampalayam Harijan Street; Kolathupalayam (TP) Ward 17 Aandipalayam Harijan Street; Kolathupalayam (TP) Ward 16 Marutha Gounden Valasu,Ananthi.S,,0,778,0.0,False
247,"C.S.I.Elementary School, Alampalayam,East Facing Building",Kolathupalayam (TP) Ward 1 Aalampalayam; Kolathupalayam (TP) Ward 17 Aalampalayam Harijan Street; Kolathupalayam (TP) Ward 17 Aandipalayam Harijan Street; Kolathupalayam (TP) Ward 16 Marutha Gounden Valasu,Indhirani.C,,2,778,0.26,False
247,"C.S.I.Elementary School, Alampalayam,East Facing Building",Kolathupalayam (TP) Ward 1 Aalampalayam; Kolathupalayam (TP) Ward 17 Aalampalayam Harijan Street; Kolathupalayam (TP) Ward 17 Aandipalayam Harijan Street; Kolathupalayam (TP) Ward 16 Marutha Gounden Valasu,Gowri.P,,0,778,0.0,False
247,"C.S.I.Elementary School, Alampalayam,East Facing Building",Kolathupalayam (TP) Ward 1 Aalampalayam; Kolathupalayam (TP) Ward 17 Aalampalayam Harijan Street; Kolathupalayam (TP) Ward 17 Aandipalayam Harijan Street; Kolathupalayam (TP) Ward 16 Marutha Gounden Valasu,Mohanraj.M,,1,778,0.13,False
247,"C.S.I.Elementary School, Alampalayam,East Facing Building",Kolathupalayam (TP) Ward 1 Aalampalayam; Kolathupalayam (TP) Ward 17 Aalampalayam Harijan Street; Kolathupalayam (TP) Ward 17 Aandipalayam Harijan Street; Kolathupalayam (TP) Ward 16 Marutha Gounden Valasu,Rohini.S,,2,778,0.26,False
247,"C.S.I.Elementary School, Alampalayam,East Facing Building",Kolathupalayam (TP) Ward 1 Aalampalayam; Kolathupalayam (TP) Ward 17 Aalampalayam Harijan Street; Kolathupalayam (TP) Ward 17 Aandipalayam Harijan Street; Kolathupalayam (TP) Ward 16 Marutha Gounden Valasu,NOTA,NOTA,8,778,1.03,False
248,"P U E School, Muthugoundenvalasu,North Facing Building","Kolathupalayam (TP) Ward 7 Goundaiyan Valasu; Kolathupalayam (TP) Ward 7 Muthu Gounden Valasu; Kolathupalayam (TP) Ward 7 Sennakkal Valasu; Peramium (R.V) and (P) Ward 1, Bommipalayam",Indirani.T,,153,637,24.02,False
248,"P U E School, Muthugoundenvalasu,North Facing Building","Kolathupalayam (TP) Ward 7 Goundaiyan Valasu; Kolathupalayam (TP) Ward 7 Muthu Gounden Valasu; Kolathupalayam (TP) Ward 7 Sennakkal Valasu; Peramium (R.V) and (P) Ward 1, Bommipalayam",Sathyabama.P,,366,637,57.46,True
248,"P U E School, Muthugoundenvalasu,North Facing Building","Kolathupalayam (TP) Ward 7 Goundaiyan Valasu; Kolathupalayam (TP) Ward 7 Muthu Gounden Valasu; Kolathupalayam (TP) Ward 7 Sennakkal Valasu; Peramium (R.V) and (P) Ward 1, Bommipalayam",Dhivya,,18,637,2.83,False
248,"P U E School, Muthugoundenvalasu,North Facing Building","Kolathupalayam (TP) Ward 7 Goundaiyan Valasu; Kolathupalayam (TP) Ward 7 Muthu Gounden Valasu; Kolathupalayam (TP) Ward 7 Sennakkal Valasu; Peramium (R.V) and (P) Ward 1, Bommipalayam",Gowri Chitra,,95,637,14.91,False
248,"P U E School, Muthugoundenvalasu,North Facing Building","Kolathupalayam (TP) Ward 7 Goundaiyan Valasu; Kolathupalayam (TP) Ward 7 Muthu Gounden Valasu; Kolathupalayam (TP) Ward 7 Sennakkal Valasu; Peramium (R.V) and (P) Ward 1, Bommipalayam",Ananthi.S,,1,637,0.16,False
248,"P U E School, Muthugoundenvalasu,North Facing Building","Kolathupalayam (TP) Ward 7 Goundaiyan Valasu; Kolathupalayam (TP) Ward 7 Muthu Gounden Valasu; Kolathupalayam (TP) Ward 7 Sennakkal Valasu; Peramium (R.V) and (P) Ward 1, Bommipalayam",Indhirani.C,,0,637,0.0,False
248,"P U E School, Muthugoundenvalasu,North Facing Building","Kolathupalayam (TP) Ward 7 Goundaiyan Valasu; Kolathupalayam (TP) Ward 7 Muthu Gounden Valasu; Kolathupalayam (TP) Ward 7 Sennakkal Valasu; Peramium (R.V) and (P) Ward 1, Bommipalayam",Gowri.P,,0,637,0.0,False
248,"P U E School, Muthugoundenvalasu,North Facing Building","Kolathupalayam (TP) Ward 7 Goundaiyan Valasu; Kolathupalayam (TP) Ward 7 Muthu Gounden Valasu; Kolathupalayam (TP) Ward 7 Sennakkal Valasu; Peramium (R.V) and (P) Ward 1, Bommipalayam",Mohanraj.M,,1,637,0.16,False
248,"P U E School, Muthugoundenvalasu,North Facing Building","Kolathupalayam (TP) Ward 7 Goundaiyan Valasu; Kolathupalayam (TP) Ward 7 Muthu Gounden Valasu; Kolathupalayam (TP) Ward 7 Sennakkal Valasu; Peramium (R.V) and (P) Ward 1, Bommipalayam",Rohini.S,,0,637,0.0,False
248,"P U E School, Muthugoundenvalasu,North Facing Building","Kolathupalayam (TP) Ward 7 Goundaiyan Valasu; Kolathupalayam (TP) Ward 7 Muthu Gounden Valasu; Kolathupalayam (TP) Ward 7 Sennakkal Valasu; Peramium (R.V) and (P) Ward 1, Bommipalayam",NOTA,NOTA,3,637,0.47,False
249,"P U E School, Illiyampati 638106,South Facing Building","Peramium (R.V) and (P) Ward 1, Illiampatti East; Peramium (R.V) and (P) Ward 1, Illiampatti West; Peramium (R.V) and (P) Ward 1, Mallipatti; Peramium (R.V) and (P) Ward 2, Erukkalankattu Puthur",Indirani.T,,212,764,27.75,False
249,"P U E School, Illiyampati 638106,South Facing Building","Peramium (R.V) and (P) Ward 1, Illiampatti East; Peramium (R.V) and (P) Ward 1, Illiampatti West; Peramium (R.V) and (P) Ward 1, Mallipatti; Peramium (R.V) and (P) Ward 2, Erukkalankattu Puthur",Sathyabama.P,,400,764,52.36,True
249,"P U E School, Illiyampati 638106,South Facing Building","Peramium (R.V) and (P) Ward 1, Illiampatti East; Peramium (R.V) and (P) Ward 1, Illiampatti West; Peramium (R.V) and (P) Ward 1, Mallipatti; Peramium (R.V) and (P) Ward 2, Erukkalankattu Puthur",Dhivya,,19,764,2.49,False
249,"P U E School, Illiyampati 638106,South Facing Building","Peramium (R.V) and (P) Ward 1, Illiampatti East; Peramium (R.V) and (P) Ward 1, Illiampatti West; Peramium (R.V) and (P) Ward 1, Mallipatti; Peramium (R.V) and (P) Ward 2, Erukkalankattu Puthur",Gowri Chitra,,126,764,16.49,False
249,"P U E School, Illiyampati 638106,South Facing Building","Peramium (R.V) and (P) Ward 1, Illiampatti East; Peramium (R.V) and (P) Ward 1, Illiampatti West; Peramium (R.V) and (P) Ward 1, Mallipatti; Peramium (R.V) and (P) Ward 2, Erukkalankattu Puthur",Ananthi.S,,0,764,0.0,False
249,"P U E School, Illiyampati 638106,South Facing Building","Peramium (R.V) and (P) Ward 1, Illiampatti East; Peramium (R.V) and (P) Ward 1, Illiampatti West; Peramium (R.V) and (P) Ward 1, Mallipatti; Peramium (R.V) and (P) Ward 2, Erukkalankattu Puthur",Indhirani.C,,1,764,0.13,False
249,"P U E School, Illiyampati 638106,South Facing Building","Peramium (R.V) and (P) Ward 1, Illiampatti East; Peramium (R.V) and (P) Ward 1, Illiampatti West; Peramium (R.V) and (P) Ward 1, Mallipatti; Peramium (R.V) and (P) Ward 2, Erukkalankattu Puthur",Gowri.P,,1,764,0.13,False
249,"P U E School, Illiyampati 638106,South Facing Building","Peramium (R.V) and (P) Ward 1, Illiampatti East; Peramium (R.V) and (P) Ward 1, Illiampatti West; Peramium (R.V) and (P) Ward 1, Mallipatti; Peramium (R.V) and (P) Ward 2, Erukkalankattu Puthur",Mohanraj.M,,1,764,0.13,False
249,"P U E School, Illiyampati 638106,South Facing Building","Peramium (R.V) and (P) Ward 1, Illiampatti East; Peramium (R.V) and (P) Ward 1, Illiampatti West; Peramium (R.V) and (P) Ward 1, Mallipatti; Peramium (R.V) and (P) Ward 2, Erukkalankattu Puthur",Rohini.S,,2,764,0.26,False
249,"P U E School, Illiyampati 638106,South Facing Building","Peramium (R.V) and (P) Ward 1, Illiampatti East; Peramium (R.V) and (P) Ward 1, Illiampatti West; Peramium (R.V) and (P) Ward 1, Mallipatti; Peramium (R.V) and (P) Ward 2, Erukkalankattu Puthur",NOTA,NOTA,2,764,0.26,False
250,"P.U.E.School, Peramiam,Building facing East","Peramium (R.V) and (P) Ward 2, Nalligoundenpalayam; Peramium(R.V) and (P) Ward 2, Nalli gounden palayam; Peramium(R.V) and (P) Ward 2, Nalligounden palayam",Indirani.T,,153,446,34.3,False
250,"P.U.E.School, Peramiam,Building facing East","Peramium (R.V) and (P) Ward 2, Nalligoundenpalayam; Peramium(R.V) and (P) Ward 2, Nalli gounden palayam; Peramium(R.V) and (P) Ward 2, Nalligounden palayam",Sathyabama.P,,187,446,41.93,True
250,"P.U.E.School, Peramiam,Building facing East","Peramium (R.V) and (P) Ward 2, Nalligoundenpalayam; Peramium(R.V) and (P) Ward 2, Nalli gounden palayam; Peramium(R.V) and (P) Ward 2, Nalligounden palayam",Dhivya,,7,446,1.57,False
250,"P.U.E.School, Peramiam,Building facing East","Peramium (R.V) and (P) Ward 2, Nalligoundenpalayam; Peramium(R.V) and (P) Ward 2, Nalli gounden palayam; Peramium(R.V) and (P) Ward 2, Nalligounden palayam",Gowri Chitra,,96,446,21.52,False
250,"P.U.E.School, Peramiam,Building facing East","Peramium (R.V) and (P) Ward 2, Nalligoundenpalayam; Peramium(R.V) and (P) Ward 2, Nalli gounden palayam; Peramium(R.V) and (P) Ward 2, Nalligounden palayam",Ananthi.S,,0,446,0.0,False
250,"P.U.E.School, Peramiam,Building facing East","Peramium (R.V) and (P) Ward 2, Nalligoundenpalayam; Peramium(R.V) and (P) Ward 2, Nalli gounden palayam; Peramium(R.V) and (P) Ward 2, Nalligounden palayam",Indhirani.C,,1,446,0.22,False
250,"P.U.E.School, Peramiam,Building facing East","Peramium (R.V) and (P) Ward 2, Nalligoundenpalayam; Peramium(R.V) and (P) Ward 2, Nalli gounden palayam; Peramium(R.V) and (P) Ward 2, Nalligounden palayam",Gowri.P,,0,446,0.0,False
250,"P.U.E.School, Peramiam,Building facing East","Peramium (R.V) and (P) Ward 2, Nalligoundenpalayam; Peramium(R.V) and (P) Ward 2, Nalli gounden palayam; Peramium(R.V) and (P) Ward 2, Nalligounden palayam",Mohanraj.M,,0,446,0.0,False
250,"P.U.E.School, Peramiam,Building facing East","Peramium (R.V) and (P) Ward 2, Nalligoundenpalayam; Peramium(R.V) and (P) Ward 2, Nalli gounden palayam; Peramium(R.V) and (P) Ward 2, Nalligounden palayam",Rohini.S,,2,446,0.45,False
250,"P.U.E.School, Peramiam,Building facing East","Peramium (R.V) and (P) Ward 2, Nalligoundenpalayam; Peramium(R.V) and (P) Ward 2, Nalli gounden palayam; Peramium(R.V) and (P) Ward 2, Nalligounden palayam",NOTA,NOTA,0,446,0.0,False
251,"P U E School Peramiam 638661,North facing Tiled Building (Western side)","Peramium (R.V) and (P) Ward 3, Peramiam; Nathampalayam (R.V) and (P) , Nathampalayam",Indirani.T,,266,817,32.56,False
251,"P U E School Peramiam 638661,North facing Tiled Building (Western side)","Peramium (R.V) and (P) Ward 3, Peramiam; Nathampalayam (R.V) and (P) , Nathampalayam",Sathyabama.P,,352,817,43.08,True
251,"P U E School Peramiam 638661,North facing Tiled Building (Western side)","Peramium (R.V) and (P) Ward 3, Peramiam; Nathampalayam (R.V) and (P) , Nathampalayam",Dhivya,,22,817,2.69,False
251,"P U E School Peramiam 638661,North facing Tiled Building (Western side)","Peramium (R.V) and (P) Ward 3, Peramiam; Nathampalayam (R.V) and (P) , Nathampalayam",Gowri Chitra,,172,817,21.05,False
251,"P U E School Peramiam 638661,North facing Tiled Building (Western side)","Peramium (R.V) and (P) Ward 3, Peramiam; Nathampalayam (R.V) and (P) , Nathampalayam",Ananthi.S,,0,817,0.0,False
251,"P U E School Peramiam 638661,North facing Tiled Building (Western side)","Peramium (R.V) and (P) Ward 3, Peramiam; Nathampalayam (R.V) and (P) , Nathampalayam",Indhirani.C,,0,817,0.0,False
251,"P U E School Peramiam 638661,North facing Tiled Building (Western side)","Peramium (R.V) and (P) Ward 3, Peramiam; Nathampalayam (R.V) and (P) , Nathampalayam",Gowri.P,,0,817,0.0,False
251,"P U E School Peramiam 638661,North facing Tiled Building (Western side)","Peramium (R.V) and (P) Ward 3, Peramiam; Nathampalayam (R.V) and (P) , Nathampalayam",Mohanraj.M,,1,817,0.12,False
251,"P U E School Peramiam 638661,North facing Tiled Building (Western side)","Peramium (R.V) and (P) Ward 3, Peramiam; Nathampalayam (R.V) and (P) , Nathampalayam",Rohini.S,,1,817,0.12,False
251,"P U E School Peramiam 638661,North facing Tiled Building (Western side)","Peramium (R.V) and (P) Ward 3, Peramiam; Nathampalayam (R.V) and (P) , Nathampalayam",NOTA,NOTA,3,817,0.37,False
252,"P U E School,Thoddampalayam 638106,South Facing Building","Nathampalayam (R.V) and (P) , Thottampalayam; Nathampalayam (R.V) and (P) , Thottiampalayam West; Nathampalayam (R.V) and (P) , Thottiapalayam East; Nathampalayam (R.V) and (P) , Ayyampalayam",Indirani.T,,222,839,26.46,False
252,"P U E School,Thoddampalayam 638106,South Facing Building","Nathampalayam (R.V) and (P) , Thottampalayam; Nathampalayam (R.V) and (P) , Thottiampalayam West; Nathampalayam (R.V) and (P) , Thottiapalayam East; Nathampalayam (R.V) and (P) , Ayyampalayam",Sathyabama.P,,437,839,52.09,True
252,"P U E School,Thoddampalayam 638106,South Facing Building","Nathampalayam (R.V) and (P) , Thottampalayam; Nathampalayam (R.V) and (P) , Thottiampalayam West; Nathampalayam (R.V) and (P) , Thottiapalayam East; Nathampalayam (R.V) and (P) , Ayyampalayam",Dhivya,,24,839,2.86,False
252,"P U E School,Thoddampalayam 638106,South Facing Building","Nathampalayam (R.V) and (P) , Thottampalayam; Nathampalayam (R.V) and (P) , Thottiampalayam West; Nathampalayam (R.V) and (P) , Thottiapalayam East; Nathampalayam (R.V) and (P) , Ayyampalayam",Gowri Chitra,,147,839,17.52,False
252,"P U E School,Thoddampalayam 638106,South Facing Building","Nathampalayam (R.V) and (P) , Thottampalayam; Nathampalayam (R.V) and (P) , Thottiampalayam West; Nathampalayam (R.V) and (P) , Thottiapalayam East; Nathampalayam (R.V) and (P) , Ayyampalayam",Ananthi.S,,0,839,0.0,False
252,"P U E School,Thoddampalayam 638106,South Facing Building","Nathampalayam (R.V) and (P) , Thottampalayam; Nathampalayam (R.V) and (P) , Thottiampalayam West; Nathampalayam (R.V) and (P) , Thottiapalayam East; Nathampalayam (R.V) and (P) , Ayyampalayam",Indhirani.C,,4,839,0.48,False
252,"P U E School,Thoddampalayam 638106,South Facing Building","Nathampalayam (R.V) and (P) , Thottampalayam; Nathampalayam (R.V) and (P) , Thottiampalayam West; Nathampalayam (R.V) and (P) , Thottiapalayam East; Nathampalayam (R.V) and (P) , Ayyampalayam",Gowri.P,,0,839,0.0,False
252,"P U E School,Thoddampalayam 638106,South Facing Building","Nathampalayam (R.V) and (P) , Thottampalayam; Nathampalayam (R.V) and (P) , Thottiampalayam West; Nathampalayam (R.V) and (P) , Thottiapalayam East; Nathampalayam (R.V) and (P) , Ayyampalayam",Mohanraj.M,,1,839,0.12,False
252,"P U E School,Thoddampalayam 638106,South Facing Building","Nathampalayam (R.V) and (P) , Thottampalayam; Nathampalayam (R.V) and (P) , Thottiampalayam West; Nathampalayam (R.V) and (P) , Thottiapalayam East; Nathampalayam (R.V) and (P) , Ayyampalayam",Rohini.S,,3,839,0.36,False
252,"P U E School,Thoddampalayam 638106,South Facing Building","Nathampalayam (R.V) and (P) , Thottampalayam; Nathampalayam (R.V) and (P) , Thottiampalayam West; Nathampalayam (R.V) and (P) , Thottiapalayam East; Nathampalayam (R.V) and (P) , Ayyampalayam",NOTA,NOTA,1,839,0.12,False
253,"Panchayat Union Elementary School, Akkaraipalayam 638106, North Facing Building","Mambadi (R.V) and (P) Ward 2, Akkaraipalayam; Mambadi (R.V) and (P) Ward 1, Gurunathan Kottai",Indirani.T,,274,899,30.48,False
253,"Panchayat Union Elementary School, Akkaraipalayam 638106, North Facing Building","Mambadi (R.V) and (P) Ward 2, Akkaraipalayam; Mambadi (R.V) and (P) Ward 1, Gurunathan Kottai",Sathyabama.P,,405,899,45.05,True
253,"Panchayat Union Elementary School, Akkaraipalayam 638106, North Facing Building","Mambadi (R.V) and (P) Ward 2, Akkaraipalayam; Mambadi (R.V) and (P) Ward 1, Gurunathan Kottai",Dhivya,,34,899,3.78,False
253,"Panchayat Union Elementary School, Akkaraipalayam 638106, North Facing Building","Mambadi (R.V) and (P) Ward 2, Akkaraipalayam; Mambadi (R.V) and (P) Ward 1, Gurunathan Kottai",Gowri Chitra,,176,899,19.58,False
253,"Panchayat Union Elementary School, Akkaraipalayam 638106, North Facing Building","Mambadi (R.V) and (P) Ward 2, Akkaraipalayam; Mambadi (R.V) and (P) Ward 1, Gurunathan Kottai",Ananthi.S,,1,899,0.11,False
253,"Panchayat Union Elementary School, Akkaraipalayam 638106, North Facing Building","Mambadi (R.V) and (P) Ward 2, Akkaraipalayam; Mambadi (R.V) and (P) Ward 1, Gurunathan Kottai",Indhirani.C,,1,899,0.11,False
253,"Panchayat Union Elementary School, Akkaraipalayam 638106, North Facing Building","Mambadi (R.V) and (P) Ward 2, Akkaraipalayam; Mambadi (R.V) and (P) Ward 1, Gurunathan Kottai",Gowri.P,,0,899,0.0,False
253,"Panchayat Union Elementary School, Akkaraipalayam 638106, North Facing Building","Mambadi (R.V) and (P) Ward 2, Akkaraipalayam; Mambadi (R.V) and (P) Ward 1, Gurunathan Kottai",Mohanraj.M,,1,899,0.11,False
253,"Panchayat Union Elementary School, Akkaraipalayam 638106, North Facing Building","Mambadi (R.V) and (P) Ward 2, Akkaraipalayam; Mambadi (R.V) and (P) Ward 1, Gurunathan Kottai",Rohini.S,,0,899,0.0,False
253,"Panchayat Union Elementary School, Akkaraipalayam 638106, North Facing Building","Mambadi (R.V) and (P) Ward 2, Akkaraipalayam; Mambadi (R.V) and (P) Ward 1, Gurunathan Kottai",NOTA,NOTA,7,899,0.78,False
254,"Panchayat Service Centre, Akkaraipalayam 638106, North","Mambadi (R.V) and (P) Ward 4, Kumarasamy Kottai",Indirani.T,,99,395,25.06,False
254,"Panchayat Service Centre, Akkaraipalayam 638106, North","Mambadi (R.V) and (P) Ward 4, Kumarasamy Kottai",Sathyabama.P,,203,395,51.39,True
254,"Panchayat Service Centre, Akkaraipalayam 638106, North","Mambadi (R.V) and (P) Ward 4, Kumarasamy Kottai",Dhivya,,15,395,3.8,False
254,"Panchayat Service Centre, Akkaraipalayam 638106, North","Mambadi (R.V) and (P) Ward 4, Kumarasamy Kottai",Gowri Chitra,,74,395,18.73,False
254,"Panchayat Service Centre, Akkaraipalayam 638106, North","Mambadi (R.V) and (P) Ward 4, Kumarasamy Kottai",Ananthi.S,,1,395,0.25,False
254,"Panchayat Service Centre, Akkaraipalayam 638106, North","Mambadi (R.V) and (P) Ward 4, Kumarasamy Kottai",Indhirani.C,,1,395,0.25,False
254,"Panchayat Service Centre, Akkaraipalayam 638106, North","Mambadi (R.V) and (P) Ward 4, Kumarasamy Kottai",Gowri.P,,0,395,0.0,False
254,"Panchayat Service Centre, Akkaraipalayam 638106, North","Mambadi (R.V) and (P) Ward 4, Kumarasamy Kottai",Mohanraj.M,,0,395,0.0,False
254,"Panchayat Service Centre, Akkaraipalayam 638106, North","Mambadi (R.V) and (P) Ward 4, Kumarasamy Kottai",Rohini.S,,1,395,0.25,False
254,"Panchayat Service Centre, Akkaraipalayam 638106, North","Mambadi (R.V) and (P) Ward 4, Kumarasamy Kottai",NOTA,NOTA,1,395,0.25,False
255,"Facing Building Anganwadi Centre, Akkaraipalayam, South facing Building","Mambadi (R.V) and (P) Ward 3, Puliampatti; Mambadi (R.V) and (P) Ward 4, Mambadi",Indirani.T,,181,559,32.38,False
255,"Facing Building Anganwadi Centre, Akkaraipalayam, South facing Building","Mambadi (R.V) and (P) Ward 3, Puliampatti; Mambadi (R.V) and (P) Ward 4, Mambadi",Sathyabama.P,,262,559,46.87,True
255,"Facing Building Anganwadi Centre, Akkaraipalayam, South facing Building","Mambadi (R.V) and (P) Ward 3, Puliampatti; Mambadi (R.V) and (P) Ward 4, Mambadi",Dhivya,,19,559,3.4,False
255,"Facing Building Anganwadi Centre, Akkaraipalayam, South facing Building","Mambadi (R.V) and (P) Ward 3, Puliampatti; Mambadi (R.V) and (P) Ward 4, Mambadi",Gowri Chitra,,92,559,16.46,False
255,"Facing Building Anganwadi Centre, Akkaraipalayam, South facing Building","Mambadi (R.V) and (P) Ward 3, Puliampatti; Mambadi (R.V) and (P) Ward 4, Mambadi",Ananthi.S,,0,559,0.0,False
255,"Facing Building Anganwadi Centre, Akkaraipalayam, South facing Building","Mambadi (R.V) and (P) Ward 3, Puliampatti; Mambadi (R.V) and (P) Ward 4, Mambadi",Indhirani.C,,1,559,0.18,False
255,"Facing Building Anganwadi Centre, Akkaraipalayam, South facing Building","Mambadi (R.V) and (P) Ward 3, Puliampatti; Mambadi (R.V) and (P) Ward 4, Mambadi",Gowri.P,,0,559,0.0,False
255,"Facing Building Anganwadi Centre, Akkaraipalayam, South facing Building","Mambadi (R.V) and (P) Ward 3, Puliampatti; Mambadi (R.V) and (P) Ward 4, Mambadi",Mohanraj.M,,0,559,0.0,False
255,"Facing Building Anganwadi Centre, Akkaraipalayam, South facing Building","Mambadi (R.V) and (P) Ward 3, Puliampatti; Mambadi (R.V) and (P) Ward 4, Mambadi",Rohini.S,,0,559,0.0,False
255,"Facing Building Anganwadi Centre, Akkaraipalayam, South facing Building","Mambadi (R.V) and (P) Ward 3, Puliampatti; Mambadi (R.V) and (P) Ward 4, Mambadi",NOTA,NOTA,4,559,0.72,False
256,"P U E School, Kolanthagoundenvalasu","Thurambadi (R.V) and (P) Ward 1, Vathakkalivalasu; Thurambadi (R.V) and (P) Ward 1, Kolantha Gounden Valasu",Indirani.T,,135,487,27.72,False
256,"P U E School, Kolanthagoundenvalasu","Thurambadi (R.V) and (P) Ward 1, Vathakkalivalasu; Thurambadi (R.V) and (P) Ward 1, Kolantha Gounden Valasu",Sathyabama.P,,264,487,54.21,True
256,"P U E School, Kolanthagoundenvalasu","Thurambadi (R.V) and (P) Ward 1, Vathakkalivalasu; Thurambadi (R.V) and (P) Ward 1, Kolantha Gounden Valasu",Dhivya,,24,487,4.93,False
256,"P U E School, Kolanthagoundenvalasu","Thurambadi (R.V) and (P) Ward 1, Vathakkalivalasu; Thurambadi (R.V) and (P) Ward 1, Kolantha Gounden Valasu",Gowri Chitra,,61,487,12.53,False
256,"P U E School, Kolanthagoundenvalasu","Thurambadi (R.V) and (P) Ward 1, Vathakkalivalasu; Thurambadi (R.V) and (P) Ward 1, Kolantha Gounden Valasu",Ananthi.S,,1,487,0.21,False
256,"P U E School, Kolanthagoundenvalasu","Thurambadi (R.V) and (P) Ward 1, Vathakkalivalasu; Thurambadi (R.V) and (P) Ward 1, Kolantha Gounden Valasu",Indhirani.C,,0,487,0.0,False
256,"P U E School, Kolanthagoundenvalasu","Thurambadi (R.V) and (P) Ward 1, Vathakkalivalasu; Thurambadi (R.V) and (P) Ward 1, Kolantha Gounden Valasu",Gowri.P,,0,487,0.0,False
256,"P U E School, Kolanthagoundenvalasu","Thurambadi (R.V) and (P) Ward 1, Vathakkalivalasu; Thurambadi (R.V) and (P) Ward 1, Kolantha Gounden Valasu",Mohanraj.M,,0,487,0.0,False
256,"P U E School, Kolanthagoundenvalasu","Thurambadi (R.V) and (P) Ward 1, Vathakkalivalasu; Thurambadi (R.V) and (P) Ward 1, Kolantha Gounden Valasu",Rohini.S,,0,487,0.0,False
256,"P U E School, Kolanthagoundenvalasu","Thurambadi (R.V) and (P) Ward 1, Vathakkalivalasu; Thurambadi (R.V) and (P) Ward 1, Kolantha Gounden Valasu",NOTA,NOTA,2,487,0.41,False
257,"638106,South Facing Building P U E School, Olapalayam, East Facing Building","Thurambadi (R.V) and (P) Ward 2, Valliappagounden Valasu; Thurambadi (R.V) and (P) Ward 1, Olappalayam",Indirani.T,,204,484,42.15,True
257,"638106,South Facing Building P U E School, Olapalayam, East Facing Building","Thurambadi (R.V) and (P) Ward 2, Valliappagounden Valasu; Thurambadi (R.V) and (P) Ward 1, Olappalayam",Sathyabama.P,,191,484,39.46,False
257,"638106,South Facing Building P U E School, Olapalayam, East Facing Building","Thurambadi (R.V) and (P) Ward 2, Valliappagounden Valasu; Thurambadi (R.V) and (P) Ward 1, Olappalayam",Dhivya,,17,484,3.51,False
257,"638106,South Facing Building P U E School, Olapalayam, East Facing Building","Thurambadi (R.V) and (P) Ward 2, Valliappagounden Valasu; Thurambadi (R.V) and (P) Ward 1, Olappalayam",Gowri Chitra,,69,484,14.26,False
257,"638106,South Facing Building P U E School, Olapalayam, East Facing Building","Thurambadi (R.V) and (P) Ward 2, Valliappagounden Valasu; Thurambadi (R.V) and (P) Ward 1, Olappalayam",Ananthi.S,,0,484,0.0,False
257,"638106,South Facing Building P U E School, Olapalayam, East Facing Building","Thurambadi (R.V) and (P) Ward 2, Valliappagounden Valasu; Thurambadi (R.V) and (P) Ward 1, Olappalayam",Indhirani.C,,0,484,0.0,False
257,"638106,South Facing Building P U E School, Olapalayam, East Facing Building","Thurambadi (R.V) and (P) Ward 2, Valliappagounden Valasu; Thurambadi (R.V) and (P) Ward 1, Olappalayam",Gowri.P,,0,484,0.0,False
257,"638106,South Facing Building P U E School, Olapalayam, East Facing Building","Thurambadi (R.V) and (P) Ward 2, Valliappagounden Valasu; Thurambadi (R.V) and (P) Ward 1, Olappalayam",Mohanraj.M,,0,484,0.0,False
257,"638106,South Facing Building P U E School, Olapalayam, East Facing Building","Thurambadi (R.V) and (P) Ward 2, Valliappagounden Valasu; Thurambadi (R.V) and (P) Ward 1, Olappalayam",Rohini.S,,1,484,0.21,False
257,"638106,South Facing Building P U E School, Olapalayam, East Facing Building","Thurambadi (R.V) and (P) Ward 2, Valliappagounden Valasu; Thurambadi (R.V) and (P) Ward 1, Olappalayam",NOTA,NOTA,2,484,0.41,False
258,"P U M School, Nathapalayam 638106,North Facing Building West Wing","Thurambadi (P) Ward 3, Ayyan thottam,sanarpalayam; Thurambadi (R.V) and (P) Ward 2, Chinnaiayagounden Valasu; Thurambadi (R.V) and (P) Ward 3, Nainagounden Valasu",Indirani.T,,186,513,36.26,False
258,"P U M School, Nathapalayam 638106,North Facing Building West Wing","Thurambadi (P) Ward 3, Ayyan thottam,sanarpalayam; Thurambadi (R.V) and (P) Ward 2, Chinnaiayagounden Valasu; Thurambadi (R.V) and (P) Ward 3, Nainagounden Valasu",Sathyabama.P,,250,513,48.73,True
258,"P U M School, Nathapalayam 638106,North Facing Building West Wing","Thurambadi (P) Ward 3, Ayyan thottam,sanarpalayam; Thurambadi (R.V) and (P) Ward 2, Chinnaiayagounden Valasu; Thurambadi (R.V) and (P) Ward 3, Nainagounden Valasu",Dhivya,,8,513,1.56,False
258,"P U M School, Nathapalayam 638106,North Facing Building West Wing","Thurambadi (P) Ward 3, Ayyan thottam,sanarpalayam; Thurambadi (R.V) and (P) Ward 2, Chinnaiayagounden Valasu; Thurambadi (R.V) and (P) Ward 3, Nainagounden Valasu",Gowri Chitra,,64,513,12.48,False
258,"P U M School, Nathapalayam 638106,North Facing Building West Wing","Thurambadi (P) Ward 3, Ayyan thottam,sanarpalayam; Thurambadi (R.V) and (P) Ward 2, Chinnaiayagounden Valasu; Thurambadi (R.V) and (P) Ward 3, Nainagounden Valasu",Ananthi.S,,0,513,0.0,False
258,"P U M School, Nathapalayam 638106,North Facing Building West Wing","Thurambadi (P) Ward 3, Ayyan thottam,sanarpalayam; Thurambadi (R.V) and (P) Ward 2, Chinnaiayagounden Valasu; Thurambadi (R.V) and (P) Ward 3, Nainagounden Valasu",Indhirani.C,,0,513,0.0,False
258,"P U M School, Nathapalayam 638106,North Facing Building West Wing","Thurambadi (P) Ward 3, Ayyan thottam,sanarpalayam; Thurambadi (R.V) and (P) Ward 2, Chinnaiayagounden Valasu; Thurambadi (R.V) and (P) Ward 3, Nainagounden Valasu",Gowri.P,,0,513,0.0,False
258,"P U M School, Nathapalayam 638106,North Facing Building West Wing","Thurambadi (P) Ward 3, Ayyan thottam,sanarpalayam; Thurambadi (R.V) and (P) Ward 2, Chinnaiayagounden Valasu; Thurambadi (R.V) and (P) Ward 3, Nainagounden Valasu",Mohanraj.M,,0,513,0.0,False
258,"P U M School, Nathapalayam 638106,North Facing Building West Wing","Thurambadi (P) Ward 3, Ayyan thottam,sanarpalayam; Thurambadi (R.V) and (P) Ward 2, Chinnaiayagounden Valasu; Thurambadi (R.V) and (P) Ward 3, Nainagounden Valasu",Rohini.S,,1,513,0.19,False
258,"P U M School, Nathapalayam 638106,North Facing Building West Wing","Thurambadi (P) Ward 3, Ayyan thottam,sanarpalayam; Thurambadi (R.V) and (P) Ward 2, Chinnaiayagounden Valasu; Thurambadi (R.V) and (P) Ward 3, Nainagounden Valasu",NOTA,NOTA,4,513,0.78,False
259,"P U M School, Nathapalayam 638106,East Facing Building West Side","Thurambadi (R.V) and (P) Ward 3, Nathampalayam South; Thurambadi (R.V) and (P) Ward 2, Nathampalayam North; Mulanur(TP) Ward 1, Komaragounden valasu",Indirani.T,,271,652,41.56,True
259,"P U M School, Nathapalayam 638106,East Facing Building West Side","Thurambadi (R.V) and (P) Ward 3, Nathampalayam South; Thurambadi (R.V) and (P) Ward 2, Nathampalayam North; Mulanur(TP) Ward 1, Komaragounden valasu",Sathyabama.P,,251,652,38.5,False
259,"P U M School, Nathapalayam 638106,East Facing Building West Side","Thurambadi (R.V) and (P) Ward 3, Nathampalayam South; Thurambadi (R.V) and (P) Ward 2, Nathampalayam North; Mulanur(TP) Ward 1, Komaragounden valasu",Dhivya,,12,652,1.84,False
259,"P U M School, Nathapalayam 638106,East Facing Building West Side","Thurambadi (R.V) and (P) Ward 3, Nathampalayam South; Thurambadi (R.V) and (P) Ward 2, Nathampalayam North; Mulanur(TP) Ward 1, Komaragounden valasu",Gowri Chitra,,112,652,17.18,False
259,"P U M School, Nathapalayam 638106,East Facing Building West Side","Thurambadi (R.V) and (P) Ward 3, Nathampalayam South; Thurambadi (R.V) and (P) Ward 2, Nathampalayam North; Mulanur(TP) Ward 1, Komaragounden valasu",Ananthi.S,,1,652,0.15,False
259,"P U M School, Nathapalayam 638106,East Facing Building West Side","Thurambadi (R.V) and (P) Ward 3, Nathampalayam South; Thurambadi (R.V) and (P) Ward 2, Nathampalayam North; Mulanur(TP) Ward 1, Komaragounden valasu",Indhirani.C,,0,652,0.0,False
259,"P U M School, Nathapalayam 638106,East Facing Building West Side","Thurambadi (R.V) and (P) Ward 3, Nathampalayam South; Thurambadi (R.V) and (P) Ward 2, Nathampalayam North; Mulanur(TP) Ward 1, Komaragounden valasu",Gowri.P,,1,652,0.15,False
259,"P U M School, Nathapalayam 638106,East Facing Building West Side","Thurambadi (R.V) and (P) Ward 3, Nathampalayam South; Thurambadi (R.V) and (P) Ward 2, Nathampalayam North; Mulanur(TP) Ward 1, Komaragounden valasu",Mohanraj.M,,1,652,0.15,False
259,"P U M School, Nathapalayam 638106,East Facing Building West Side","Thurambadi (R.V) and (P) Ward 3, Nathampalayam South; Thurambadi (R.V) and (P) Ward 2, Nathampalayam North; Mulanur(TP) Ward 1, Komaragounden valasu",Rohini.S,,0,652,0.0,False
259,"P U M School, Nathapalayam 638106,East Facing Building West Side","Thurambadi (R.V) and (P) Ward 3, Nathampalayam South; Thurambadi (R.V) and (P) Ward 2, Nathampalayam North; Mulanur(TP) Ward 1, Komaragounden valasu",NOTA,NOTA,3,652,0.46,False
260,"P U E School,Kottai Moolanur 638106,North Facing Building","Mulanur(TP) Ward 1, Kottaimoolanur; Mulanur(TP) Ward 1, Aadidiravidar St Kottai Moolanur; Mulanur(TP) Ward 1, M.Kollampatti; Mulanur(TP) Ward 1, Aadidiravidar St; Mulanur(TP) Ward 1, PeriyanaGounden Valasu; Mulanur(TP) Ward 11 Mettu valasu; Mulanur(TP)Ward 11 Mettu Valasu (Harijana St); Mulanur(TP) Ward 12 Polarai",Indirani.T,,213,639,33.33,False
260,"P U E School,Kottai Moolanur 638106,North Facing Building","Mulanur(TP) Ward 1, Kottaimoolanur; Mulanur(TP) Ward 1, Aadidiravidar St Kottai Moolanur; Mulanur(TP) Ward 1, M.Kollampatti; Mulanur(TP) Ward 1, Aadidiravidar St; Mulanur(TP) Ward 1, PeriyanaGounden Valasu; Mulanur(TP) Ward 11 Mettu valasu; Mulanur(TP)Ward 11 Mettu Valasu (Harijana St); Mulanur(TP) Ward 12 Polarai",Sathyabama.P,,321,639,50.23,True
260,"P U E School,Kottai Moolanur 638106,North Facing Building","Mulanur(TP) Ward 1, Kottaimoolanur; Mulanur(TP) Ward 1, Aadidiravidar St Kottai Moolanur; Mulanur(TP) Ward 1, M.Kollampatti; Mulanur(TP) Ward 1, Aadidiravidar St; Mulanur(TP) Ward 1, PeriyanaGounden Valasu; Mulanur(TP) Ward 11 Mettu valasu; Mulanur(TP)Ward 11 Mettu Valasu (Harijana St); Mulanur(TP) Ward 12 Polarai",Dhivya,,13,639,2.03,False
260,"P U E School,Kottai Moolanur 638106,North Facing Building","Mulanur(TP) Ward 1, Kottaimoolanur; Mulanur(TP) Ward 1, Aadidiravidar St Kottai Moolanur; Mulanur(TP) Ward 1, M.Kollampatti; Mulanur(TP) Ward 1, Aadidiravidar St; Mulanur(TP) Ward 1, PeriyanaGounden Valasu; Mulanur(TP) Ward 11 Mettu valasu; Mulanur(TP)Ward 11 Mettu Valasu (Harijana St); Mulanur(TP) Ward 12 Polarai",Gowri Chitra,,86,639,13.46,False
260,"P U E School,Kottai Moolanur 638106,North Facing Building","Mulanur(TP) Ward 1, Kottaimoolanur; Mulanur(TP) Ward 1, Aadidiravidar St Kottai Moolanur; Mulanur(TP) Ward 1, M.Kollampatti; Mulanur(TP) Ward 1, Aadidiravidar St; Mulanur(TP) Ward 1, PeriyanaGounden Valasu; Mulanur(TP) Ward 11 Mettu valasu; Mulanur(TP)Ward 11 Mettu Valasu (Harijana St); Mulanur(TP) Ward 12 Polarai",Ananthi.S,,0,639,0.0,False
260,"P U E School,Kottai Moolanur 638106,North Facing Building","Mulanur(TP) Ward 1, Kottaimoolanur; Mulanur(TP) Ward 1, Aadidiravidar St Kottai Moolanur; Mulanur(TP) Ward 1, M.Kollampatti; Mulanur(TP) Ward 1, Aadidiravidar St; Mulanur(TP) Ward 1, PeriyanaGounden Valasu; Mulanur(TP) Ward 11 Mettu valasu; Mulanur(TP)Ward 11 Mettu Valasu (Harijana St); Mulanur(TP) Ward 12 Polarai",Indhirani.C,,0,639,0.0,False
260,"P U E School,Kottai Moolanur 638106,North Facing Building","Mulanur(TP) Ward 1, Kottaimoolanur; Mulanur(TP) Ward 1, Aadidiravidar St Kottai Moolanur; Mulanur(TP) Ward 1, M.Kollampatti; Mulanur(TP) Ward 1, Aadidiravidar St; Mulanur(TP) Ward 1, PeriyanaGounden Valasu; Mulanur(TP) Ward 11 Mettu valasu; Mulanur(TP)Ward 11 Mettu Valasu (Harijana St); Mulanur(TP) Ward 12 Polarai",Gowri.P,,0,639,0.0,False
260,"P U E School,Kottai Moolanur 638106,North Facing Building","Mulanur(TP) Ward 1, Kottaimoolanur; Mulanur(TP) Ward 1, Aadidiravidar St Kottai Moolanur; Mulanur(TP) Ward 1, M.Kollampatti; Mulanur(TP) Ward 1, Aadidiravidar St; Mulanur(TP) Ward 1, PeriyanaGounden Valasu; Mulanur(TP) Ward 11 Mettu valasu; Mulanur(TP)Ward 11 Mettu Valasu (Harijana St); Mulanur(TP) Ward 12 Polarai",Mohanraj.M,,1,639,0.16,False
260,"P U E School,Kottai Moolanur 638106,North Facing Building","Mulanur(TP) Ward 1, Kottaimoolanur; Mulanur(TP) Ward 1, Aadidiravidar St Kottai Moolanur; Mulanur(TP) Ward 1, M.Kollampatti; Mulanur(TP) Ward 1, Aadidiravidar St; Mulanur(TP) Ward 1, PeriyanaGounden Valasu; Mulanur(TP) Ward 11 Mettu valasu; Mulanur(TP)Ward 11 Mettu Valasu (Harijana St); Mulanur(TP) Ward 12 Polarai",Rohini.S,,2,639,0.31,False
260,"P U E School,Kottai Moolanur 638106,North Facing Building","Mulanur(TP) Ward 1, Kottaimoolanur; Mulanur(TP) Ward 1, Aadidiravidar St Kottai Moolanur; Mulanur(TP) Ward 1, M.Kollampatti; Mulanur(TP) Ward 1, Aadidiravidar St; Mulanur(TP) Ward 1, PeriyanaGounden Valasu; Mulanur(TP) Ward 11 Mettu valasu; Mulanur(TP)Ward 11 Mettu Valasu (Harijana St); Mulanur(TP) Ward 12 Polarai",NOTA,NOTA,3,639,0.47,False
261,"P U M School, Somankottai 638661,South Facing Building",Mulanur(TP) Ward 11 Ganapathypalayam; Mulanur(TP) Ward 11 Vanjipalayam; Mulanur(TP)) Ward 7 Gandhi St (Thulluka valasu); Mulanur(TP) Ward 7 Anna St; Mulanur (TP) Ward 11 Somankottai; Mulanur (TP) Ward 11 Ranagiya Gounden Valasu; Mulanur (TP) Ward 11 Neeliappa Gounden Valasu; Mulanur (TP) Ward 12 Nehru st (chinnakkampatti),Indirani.T,,181,723,25.03,False
261,"P U M School, Somankottai 638661,South Facing Building",Mulanur(TP) Ward 11 Ganapathypalayam; Mulanur(TP) Ward 11 Vanjipalayam; Mulanur(TP)) Ward 7 Gandhi St (Thulluka valasu); Mulanur(TP) Ward 7 Anna St; Mulanur (TP) Ward 11 Somankottai; Mulanur (TP) Ward 11 Ranagiya Gounden Valasu; Mulanur (TP) Ward 11 Neeliappa Gounden Valasu; Mulanur (TP) Ward 12 Nehru st (chinnakkampatti),Sathyabama.P,,399,723,55.19,True
261,"P U M School, Somankottai 638661,South Facing Building",Mulanur(TP) Ward 11 Ganapathypalayam; Mulanur(TP) Ward 11 Vanjipalayam; Mulanur(TP)) Ward 7 Gandhi St (Thulluka valasu); Mulanur(TP) Ward 7 Anna St; Mulanur (TP) Ward 11 Somankottai; Mulanur (TP) Ward 11 Ranagiya Gounden Valasu; Mulanur (TP) Ward 11 Neeliappa Gounden Valasu; Mulanur (TP) Ward 12 Nehru st (chinnakkampatti),Dhivya,,21,723,2.9,False
261,"P U M School, Somankottai 638661,South Facing Building",Mulanur(TP) Ward 11 Ganapathypalayam; Mulanur(TP) Ward 11 Vanjipalayam; Mulanur(TP)) Ward 7 Gandhi St (Thulluka valasu); Mulanur(TP) Ward 7 Anna St; Mulanur (TP) Ward 11 Somankottai; Mulanur (TP) Ward 11 Ranagiya Gounden Valasu; Mulanur (TP) Ward 11 Neeliappa Gounden Valasu; Mulanur (TP) Ward 12 Nehru st (chinnakkampatti),Gowri Chitra,,116,723,16.04,False
261,"P U M School, Somankottai 638661,South Facing Building",Mulanur(TP) Ward 11 Ganapathypalayam; Mulanur(TP) Ward 11 Vanjipalayam; Mulanur(TP)) Ward 7 Gandhi St (Thulluka valasu); Mulanur(TP) Ward 7 Anna St; Mulanur (TP) Ward 11 Somankottai; Mulanur (TP) Ward 11 Ranagiya Gounden Valasu; Mulanur (TP) Ward 11 Neeliappa Gounden Valasu; Mulanur (TP) Ward 12 Nehru st (chinnakkampatti),Ananthi.S,,0,723,0.0,False
261,"P U M School, Somankottai 638661,South Facing Building",Mulanur(TP) Ward 11 Ganapathypalayam; Mulanur(TP) Ward 11 Vanjipalayam; Mulanur(TP)) Ward 7 Gandhi St (Thulluka valasu); Mulanur(TP) Ward 7 Anna St; Mulanur (TP) Ward 11 Somankottai; Mulanur (TP) Ward 11 Ranagiya Gounden Valasu; Mulanur (TP) Ward 11 Neeliappa Gounden Valasu; Mulanur (TP) Ward 12 Nehru st (chinnakkampatti),Indhirani.C,,0,723,0.0,False
261,"P U M School, Somankottai 638661,South Facing Building",Mulanur(TP) Ward 11 Ganapathypalayam; Mulanur(TP) Ward 11 Vanjipalayam; Mulanur(TP)) Ward 7 Gandhi St (Thulluka valasu); Mulanur(TP) Ward 7 Anna St; Mulanur (TP) Ward 11 Somankottai; Mulanur (TP) Ward 11 Ranagiya Gounden Valasu; Mulanur (TP) Ward 11 Neeliappa Gounden Valasu; Mulanur (TP) Ward 12 Nehru st (chinnakkampatti),Gowri.P,,2,723,0.28,False
261,"P U M School, Somankottai 638661,South Facing Building",Mulanur(TP) Ward 11 Ganapathypalayam; Mulanur(TP) Ward 11 Vanjipalayam; Mulanur(TP)) Ward 7 Gandhi St (Thulluka valasu); Mulanur(TP) Ward 7 Anna St; Mulanur (TP) Ward 11 Somankottai; Mulanur (TP) Ward 11 Ranagiya Gounden Valasu; Mulanur (TP) Ward 11 Neeliappa Gounden Valasu; Mulanur (TP) Ward 12 Nehru st (chinnakkampatti),Mohanraj.M,,0,723,0.0,False
261,"P U M School, Somankottai 638661,South Facing Building",Mulanur(TP) Ward 11 Ganapathypalayam; Mulanur(TP) Ward 11 Vanjipalayam; Mulanur(TP)) Ward 7 Gandhi St (Thulluka valasu); Mulanur(TP) Ward 7 Anna St; Mulanur (TP) Ward 11 Somankottai; Mulanur (TP) Ward 11 Ranagiya Gounden Valasu; Mulanur (TP) Ward 11 Neeliappa Gounden Valasu; Mulanur (TP) Ward 12 Nehru st (chinnakkampatti),Rohini.S,,1,723,0.14,False
261,"P U M School, Somankottai 638661,South Facing Building",Mulanur(TP) Ward 11 Ganapathypalayam; Mulanur(TP) Ward 11 Vanjipalayam; Mulanur(TP)) Ward 7 Gandhi St (Thulluka valasu); Mulanur(TP) Ward 7 Anna St; Mulanur (TP) Ward 11 Somankottai; Mulanur (TP) Ward 11 Ranagiya Gounden Valasu; Mulanur (TP) Ward 11 Neeliappa Gounden Valasu; Mulanur (TP) Ward 12 Nehru st (chinnakkampatti),NOTA,NOTA,3,723,0.41,False
262,"P U E School, Chinnakampati 638661,East Facing Building",Mulanur (TP) Ward 12 Sasthri Street (chinnakkampatti); Mulanur (TP) Ward 12 Thiruvalluvar St (chinnakkampatti); Mulanur (TP) Ward 12 Thiruneelagandar St(chinnakkampatti); Mulanur (TP) Ward 12 Kamber St (chinnakkampatti); Mulanur (TP) Ward 12 Arisana St (Chinnakkampatti); Mulanur (TP) Ward 13 Annastreet (vellavavipudhur); Mulanur (TP) Ward 13 Gandhi Street (Vellavavi puthur),Indirani.T,,149,445,33.48,False
262,"P U E School, Chinnakampati 638661,East Facing Building",Mulanur (TP) Ward 12 Sasthri Street (chinnakkampatti); Mulanur (TP) Ward 12 Thiruvalluvar St (chinnakkampatti); Mulanur (TP) Ward 12 Thiruneelagandar St(chinnakkampatti); Mulanur (TP) Ward 12 Kamber St (chinnakkampatti); Mulanur (TP) Ward 12 Arisana St (Chinnakkampatti); Mulanur (TP) Ward 13 Annastreet (vellavavipudhur); Mulanur (TP) Ward 13 Gandhi Street (Vellavavi puthur),Sathyabama.P,,176,445,39.55,True
262,"P U E School, Chinnakampati 638661,East Facing Building",Mulanur (TP) Ward 12 Sasthri Street (chinnakkampatti); Mulanur (TP) Ward 12 Thiruvalluvar St (chinnakkampatti); Mulanur (TP) Ward 12 Thiruneelagandar St(chinnakkampatti); Mulanur (TP) Ward 12 Kamber St (chinnakkampatti); Mulanur (TP) Ward 12 Arisana St (Chinnakkampatti); Mulanur (TP) Ward 13 Annastreet (vellavavipudhur); Mulanur (TP) Ward 13 Gandhi Street (Vellavavi puthur),Dhivya,,12,445,2.7,False
262,"P U E School, Chinnakampati 638661,East Facing Building",Mulanur (TP) Ward 12 Sasthri Street (chinnakkampatti); Mulanur (TP) Ward 12 Thiruvalluvar St (chinnakkampatti); Mulanur (TP) Ward 12 Thiruneelagandar St(chinnakkampatti); Mulanur (TP) Ward 12 Kamber St (chinnakkampatti); Mulanur (TP) Ward 12 Arisana St (Chinnakkampatti); Mulanur (TP) Ward 13 Annastreet (vellavavipudhur); Mulanur (TP) Ward 13 Gandhi Street (Vellavavi puthur),Gowri Chitra,,97,445,21.8,False
262,"P U E School, Chinnakampati 638661,East Facing Building",Mulanur (TP) Ward 12 Sasthri Street (chinnakkampatti); Mulanur (TP) Ward 12 Thiruvalluvar St (chinnakkampatti); Mulanur (TP) Ward 12 Thiruneelagandar St(chinnakkampatti); Mulanur (TP) Ward 12 Kamber St (chinnakkampatti); Mulanur (TP) Ward 12 Arisana St (Chinnakkampatti); Mulanur (TP) Ward 13 Annastreet (vellavavipudhur); Mulanur (TP) Ward 13 Gandhi Street (Vellavavi puthur),Ananthi.S,,0,445,0.0,False
262,"P U E School, Chinnakampati 638661,East Facing Building",Mulanur (TP) Ward 12 Sasthri Street (chinnakkampatti); Mulanur (TP) Ward 12 Thiruvalluvar St (chinnakkampatti); Mulanur (TP) Ward 12 Thiruneelagandar St(chinnakkampatti); Mulanur (TP) Ward 12 Kamber St (chinnakkampatti); Mulanur (TP) Ward 12 Arisana St (Chinnakkampatti); Mulanur (TP) Ward 13 Annastreet (vellavavipudhur); Mulanur (TP) Ward 13 Gandhi Street (Vellavavi puthur),Indhirani.C,,0,445,0.0,False
262,"P U E School, Chinnakampati 638661,East Facing Building",Mulanur (TP) Ward 12 Sasthri Street (chinnakkampatti); Mulanur (TP) Ward 12 Thiruvalluvar St (chinnakkampatti); Mulanur (TP) Ward 12 Thiruneelagandar St(chinnakkampatti); Mulanur (TP) Ward 12 Kamber St (chinnakkampatti); Mulanur (TP) Ward 12 Arisana St (Chinnakkampatti); Mulanur (TP) Ward 13 Annastreet (vellavavipudhur); Mulanur (TP) Ward 13 Gandhi Street (Vellavavi puthur),Gowri.P,,0,445,0.0,False
262,"P U E School, Chinnakampati 638661,East Facing Building",Mulanur (TP) Ward 12 Sasthri Street (chinnakkampatti); Mulanur (TP) Ward 12 Thiruvalluvar St (chinnakkampatti); Mulanur (TP) Ward 12 Thiruneelagandar St(chinnakkampatti); Mulanur (TP) Ward 12 Kamber St (chinnakkampatti); Mulanur (TP) Ward 12 Arisana St (Chinnakkampatti); Mulanur (TP) Ward 13 Annastreet (vellavavipudhur); Mulanur (TP) Ward 13 Gandhi Street (Vellavavi puthur),Mohanraj.M,,2,445,0.45,False
262,"P U E School, Chinnakampati 638661,East Facing Building",Mulanur (TP) Ward 12 Sasthri Street (chinnakkampatti); Mulanur (TP) Ward 12 Thiruvalluvar St (chinnakkampatti); Mulanur (TP) Ward 12 Thiruneelagandar St(chinnakkampatti); Mulanur (TP) Ward 12 Kamber St (chinnakkampatti); Mulanur (TP) Ward 12 Arisana St (Chinnakkampatti); Mulanur (TP) Ward 13 Annastreet (vellavavipudhur); Mulanur (TP) Ward 13 Gandhi Street (Vellavavi puthur),Rohini.S,,4,445,0.9,False
262,"P U E School, Chinnakampati 638661,East Facing Building",Mulanur (TP) Ward 12 Sasthri Street (chinnakkampatti); Mulanur (TP) Ward 12 Thiruvalluvar St (chinnakkampatti); Mulanur (TP) Ward 12 Thiruneelagandar St(chinnakkampatti); Mulanur (TP) Ward 12 Kamber St (chinnakkampatti); Mulanur (TP) Ward 12 Arisana St (Chinnakkampatti); Mulanur (TP) Ward 13 Annastreet (vellavavipudhur); Mulanur (TP) Ward 13 Gandhi Street (Vellavavi puthur),NOTA,NOTA,5,445,1.12,False
263,"P U E School,Vellavavipudhur 638661,North Facing Building","Mulanur (TP) Ward 13 Harijan Street (Vellevavi Puthur); Mulanur (TP) Ward 13 Pallipatti; Mulanur (TP) Ward 13 Harijan St (Pallipatti); Mulanur (TP) Ward 13 Uchana Valasu; Mulanur (TP) Ward 13, Elanthamadaiputhur; Mulanur (TP) Ward 10 Kasilingampalayam; Mulanur (TP) Ward 10 Harijan Street Kasilingampalayam",Indirani.T,,221,705,31.35,False
263,"P U E School,Vellavavipudhur 638661,North Facing Building","Mulanur (TP) Ward 13 Harijan Street (Vellevavi Puthur); Mulanur (TP) Ward 13 Pallipatti; Mulanur (TP) Ward 13 Harijan St (Pallipatti); Mulanur (TP) Ward 13 Uchana Valasu; Mulanur (TP) Ward 13, Elanthamadaiputhur; Mulanur (TP) Ward 10 Kasilingampalayam; Mulanur (TP) Ward 10 Harijan Street Kasilingampalayam",Sathyabama.P,,335,705,47.52,True
263,"P U E School,Vellavavipudhur 638661,North Facing Building","Mulanur (TP) Ward 13 Harijan Street (Vellevavi Puthur); Mulanur (TP) Ward 13 Pallipatti; Mulanur (TP) Ward 13 Harijan St (Pallipatti); Mulanur (TP) Ward 13 Uchana Valasu; Mulanur (TP) Ward 13, Elanthamadaiputhur; Mulanur (TP) Ward 10 Kasilingampalayam; Mulanur (TP) Ward 10 Harijan Street Kasilingampalayam",Dhivya,,19,705,2.7,False
263,"P U E School,Vellavavipudhur 638661,North Facing Building","Mulanur (TP) Ward 13 Harijan Street (Vellevavi Puthur); Mulanur (TP) Ward 13 Pallipatti; Mulanur (TP) Ward 13 Harijan St (Pallipatti); Mulanur (TP) Ward 13 Uchana Valasu; Mulanur (TP) Ward 13, Elanthamadaiputhur; Mulanur (TP) Ward 10 Kasilingampalayam; Mulanur (TP) Ward 10 Harijan Street Kasilingampalayam",Gowri Chitra,,127,705,18.01,False
263,"P U E School,Vellavavipudhur 638661,North Facing Building","Mulanur (TP) Ward 13 Harijan Street (Vellevavi Puthur); Mulanur (TP) Ward 13 Pallipatti; Mulanur (TP) Ward 13 Harijan St (Pallipatti); Mulanur (TP) Ward 13 Uchana Valasu; Mulanur (TP) Ward 13, Elanthamadaiputhur; Mulanur (TP) Ward 10 Kasilingampalayam; Mulanur (TP) Ward 10 Harijan Street Kasilingampalayam",Ananthi.S,,0,705,0.0,False
263,"P U E School,Vellavavipudhur 638661,North Facing Building","Mulanur (TP) Ward 13 Harijan Street (Vellevavi Puthur); Mulanur (TP) Ward 13 Pallipatti; Mulanur (TP) Ward 13 Harijan St (Pallipatti); Mulanur (TP) Ward 13 Uchana Valasu; Mulanur (TP) Ward 13, Elanthamadaiputhur; Mulanur (TP) Ward 10 Kasilingampalayam; Mulanur (TP) Ward 10 Harijan Street Kasilingampalayam",Indhirani.C,,0,705,0.0,False
263,"P U E School,Vellavavipudhur 638661,North Facing Building","Mulanur (TP) Ward 13 Harijan Street (Vellevavi Puthur); Mulanur (TP) Ward 13 Pallipatti; Mulanur (TP) Ward 13 Harijan St (Pallipatti); Mulanur (TP) Ward 13 Uchana Valasu; Mulanur (TP) Ward 13, Elanthamadaiputhur; Mulanur (TP) Ward 10 Kasilingampalayam; Mulanur (TP) Ward 10 Harijan Street Kasilingampalayam",Gowri.P,,0,705,0.0,False
263,"P U E School,Vellavavipudhur 638661,North Facing Building","Mulanur (TP) Ward 13 Harijan Street (Vellevavi Puthur); Mulanur (TP) Ward 13 Pallipatti; Mulanur (TP) Ward 13 Harijan St (Pallipatti); Mulanur (TP) Ward 13 Uchana Valasu; Mulanur (TP) Ward 13, Elanthamadaiputhur; Mulanur (TP) Ward 10 Kasilingampalayam; Mulanur (TP) Ward 10 Harijan Street Kasilingampalayam",Mohanraj.M,,0,705,0.0,False
263,"P U E School,Vellavavipudhur 638661,North Facing Building","Mulanur (TP) Ward 13 Harijan Street (Vellevavi Puthur); Mulanur (TP) Ward 13 Pallipatti; Mulanur (TP) Ward 13 Harijan St (Pallipatti); Mulanur (TP) Ward 13 Uchana Valasu; Mulanur (TP) Ward 13, Elanthamadaiputhur; Mulanur (TP) Ward 10 Kasilingampalayam; Mulanur (TP) Ward 10 Harijan Street Kasilingampalayam",Rohini.S,,1,705,0.14,False
263,"P U E School,Vellavavipudhur 638661,North Facing Building","Mulanur (TP) Ward 13 Harijan Street (Vellevavi Puthur); Mulanur (TP) Ward 13 Pallipatti; Mulanur (TP) Ward 13 Harijan St (Pallipatti); Mulanur (TP) Ward 13 Uchana Valasu; Mulanur (TP) Ward 13, Elanthamadaiputhur; Mulanur (TP) Ward 10 Kasilingampalayam; Mulanur (TP) Ward 10 Harijan Street Kasilingampalayam",NOTA,NOTA,2,705,0.28,False
264,"P.U.E.School, Peranaickenvalasu,North facing Building (West Portion)",Mulanur (TP) Ward 10 Peranaicken Valasu; Mulanur (TP) Ward 10 Harijan Street (Peranaicken Valasu); Mulanur(TP) Ward 10 Veerappagounden Valasu; Mulanur(TP) Ward 10 Harijan Street (Veerappa Gounden Valasu); Mulanur (TP) Ward 11 Uraanaicken Valasu; Mulanur (TP) Ward 11 ArijanaStreet (Uranaicken Valasu),Indirani.T,,203,737,27.54,False
264,"P.U.E.School, Peranaickenvalasu,North facing Building (West Portion)",Mulanur (TP) Ward 10 Peranaicken Valasu; Mulanur (TP) Ward 10 Harijan Street (Peranaicken Valasu); Mulanur(TP) Ward 10 Veerappagounden Valasu; Mulanur(TP) Ward 10 Harijan Street (Veerappa Gounden Valasu); Mulanur (TP) Ward 11 Uraanaicken Valasu; Mulanur (TP) Ward 11 ArijanaStreet (Uranaicken Valasu),Sathyabama.P,,359,737,48.71,True
264,"P.U.E.School, Peranaickenvalasu,North facing Building (West Portion)",Mulanur (TP) Ward 10 Peranaicken Valasu; Mulanur (TP) Ward 10 Harijan Street (Peranaicken Valasu); Mulanur(TP) Ward 10 Veerappagounden Valasu; Mulanur(TP) Ward 10 Harijan Street (Veerappa Gounden Valasu); Mulanur (TP) Ward 11 Uraanaicken Valasu; Mulanur (TP) Ward 11 ArijanaStreet (Uranaicken Valasu),Dhivya,,19,737,2.58,False
264,"P.U.E.School, Peranaickenvalasu,North facing Building (West Portion)",Mulanur (TP) Ward 10 Peranaicken Valasu; Mulanur (TP) Ward 10 Harijan Street (Peranaicken Valasu); Mulanur(TP) Ward 10 Veerappagounden Valasu; Mulanur(TP) Ward 10 Harijan Street (Veerappa Gounden Valasu); Mulanur (TP) Ward 11 Uraanaicken Valasu; Mulanur (TP) Ward 11 ArijanaStreet (Uranaicken Valasu),Gowri Chitra,,150,737,20.35,False
264,"P.U.E.School, Peranaickenvalasu,North facing Building (West Portion)",Mulanur (TP) Ward 10 Peranaicken Valasu; Mulanur (TP) Ward 10 Harijan Street (Peranaicken Valasu); Mulanur(TP) Ward 10 Veerappagounden Valasu; Mulanur(TP) Ward 10 Harijan Street (Veerappa Gounden Valasu); Mulanur (TP) Ward 11 Uraanaicken Valasu; Mulanur (TP) Ward 11 ArijanaStreet (Uranaicken Valasu),Ananthi.S,,0,737,0.0,False
264,"P.U.E.School, Peranaickenvalasu,North facing Building (West Portion)",Mulanur (TP) Ward 10 Peranaicken Valasu; Mulanur (TP) Ward 10 Harijan Street (Peranaicken Valasu); Mulanur(TP) Ward 10 Veerappagounden Valasu; Mulanur(TP) Ward 10 Harijan Street (Veerappa Gounden Valasu); Mulanur (TP) Ward 11 Uraanaicken Valasu; Mulanur (TP) Ward 11 ArijanaStreet (Uranaicken Valasu),Indhirani.C,,1,737,0.14,False
264,"P.U.E.School, Peranaickenvalasu,North facing Building (West Portion)",Mulanur (TP) Ward 10 Peranaicken Valasu; Mulanur (TP) Ward 10 Harijan Street (Peranaicken Valasu); Mulanur(TP) Ward 10 Veerappagounden Valasu; Mulanur(TP) Ward 10 Harijan Street (Veerappa Gounden Valasu); Mulanur (TP) Ward 11 Uraanaicken Valasu; Mulanur (TP) Ward 11 ArijanaStreet (Uranaicken Valasu),Gowri.P,,0,737,0.0,False
264,"P.U.E.School, Peranaickenvalasu,North facing Building (West Portion)",Mulanur (TP) Ward 10 Peranaicken Valasu; Mulanur (TP) Ward 10 Harijan Street (Peranaicken Valasu); Mulanur(TP) Ward 10 Veerappagounden Valasu; Mulanur(TP) Ward 10 Harijan Street (Veerappa Gounden Valasu); Mulanur (TP) Ward 11 Uraanaicken Valasu; Mulanur (TP) Ward 11 ArijanaStreet (Uranaicken Valasu),Mohanraj.M,,2,737,0.27,False
264,"P.U.E.School, Peranaickenvalasu,North facing Building (West Portion)",Mulanur (TP) Ward 10 Peranaicken Valasu; Mulanur (TP) Ward 10 Harijan Street (Peranaicken Valasu); Mulanur(TP) Ward 10 Veerappagounden Valasu; Mulanur(TP) Ward 10 Harijan Street (Veerappa Gounden Valasu); Mulanur (TP) Ward 11 Uraanaicken Valasu; Mulanur (TP) Ward 11 ArijanaStreet (Uranaicken Valasu),Rohini.S,,1,737,0.14,False
264,"P.U.E.School, Peranaickenvalasu,North facing Building (West Portion)",Mulanur (TP) Ward 10 Peranaicken Valasu; Mulanur (TP) Ward 10 Harijan Street (Peranaicken Valasu); Mulanur(TP) Ward 10 Veerappagounden Valasu; Mulanur(TP) Ward 10 Harijan Street (Veerappa Gounden Valasu); Mulanur (TP) Ward 11 Uraanaicken Valasu; Mulanur (TP) Ward 11 ArijanaStreet (Uranaicken Valasu),NOTA,NOTA,2,737,0.27,False
265,"P U E School, Kalipalayam kilapuram All Voters 638106,North Facing Building RajivNagar,K.M.K.pudur","Kalipalayam (R.V) and (P) Ward 1, Kalipalayam sanarpathy, v.n.valasu; Kalipalayam (R.V) and (P) Ward 1, V.N.Valasu Melpuram; Mulanur(TP) Ward 15 Mathuraiveeran kovil st (sinnaravalasu)",Indirani.T,,224,625,35.84,True
265,"P U E School, Kalipalayam kilapuram All Voters 638106,North Facing Building RajivNagar,K.M.K.pudur","Kalipalayam (R.V) and (P) Ward 1, Kalipalayam sanarpathy, v.n.valasu; Kalipalayam (R.V) and (P) Ward 1, V.N.Valasu Melpuram; Mulanur(TP) Ward 15 Mathuraiveeran kovil st (sinnaravalasu)",Sathyabama.P,,223,625,35.68,False
265,"P U E School, Kalipalayam kilapuram All Voters 638106,North Facing Building RajivNagar,K.M.K.pudur","Kalipalayam (R.V) and (P) Ward 1, Kalipalayam sanarpathy, v.n.valasu; Kalipalayam (R.V) and (P) Ward 1, V.N.Valasu Melpuram; Mulanur(TP) Ward 15 Mathuraiveeran kovil st (sinnaravalasu)",Dhivya,,16,625,2.56,False
265,"P U E School, Kalipalayam kilapuram All Voters 638106,North Facing Building RajivNagar,K.M.K.pudur","Kalipalayam (R.V) and (P) Ward 1, Kalipalayam sanarpathy, v.n.valasu; Kalipalayam (R.V) and (P) Ward 1, V.N.Valasu Melpuram; Mulanur(TP) Ward 15 Mathuraiveeran kovil st (sinnaravalasu)",Gowri Chitra,,156,625,24.96,False
265,"P U E School, Kalipalayam kilapuram All Voters 638106,North Facing Building RajivNagar,K.M.K.pudur","Kalipalayam (R.V) and (P) Ward 1, Kalipalayam sanarpathy, v.n.valasu; Kalipalayam (R.V) and (P) Ward 1, V.N.Valasu Melpuram; Mulanur(TP) Ward 15 Mathuraiveeran kovil st (sinnaravalasu)",Ananthi.S,,1,625,0.16,False
265,"P U E School, Kalipalayam kilapuram All Voters 638106,North Facing Building RajivNagar,K.M.K.pudur","Kalipalayam (R.V) and (P) Ward 1, Kalipalayam sanarpathy, v.n.valasu; Kalipalayam (R.V) and (P) Ward 1, V.N.Valasu Melpuram; Mulanur(TP) Ward 15 Mathuraiveeran kovil st (sinnaravalasu)",Indhirani.C,,1,625,0.16,False
265,"P U E School, Kalipalayam kilapuram All Voters 638106,North Facing Building RajivNagar,K.M.K.pudur","Kalipalayam (R.V) and (P) Ward 1, Kalipalayam sanarpathy, v.n.valasu; Kalipalayam (R.V) and (P) Ward 1, V.N.Valasu Melpuram; Mulanur(TP) Ward 15 Mathuraiveeran kovil st (sinnaravalasu)",Gowri.P,,0,625,0.0,False
265,"P U E School, Kalipalayam kilapuram All Voters 638106,North Facing Building RajivNagar,K.M.K.pudur","Kalipalayam (R.V) and (P) Ward 1, Kalipalayam sanarpathy, v.n.valasu; Kalipalayam (R.V) and (P) Ward 1, V.N.Valasu Melpuram; Mulanur(TP) Ward 15 Mathuraiveeran kovil st (sinnaravalasu)",Mohanraj.M,,0,625,0.0,False
265,"P U E School, Kalipalayam kilapuram All Voters 638106,North Facing Building RajivNagar,K.M.K.pudur","Kalipalayam (R.V) and (P) Ward 1, Kalipalayam sanarpathy, v.n.valasu; Kalipalayam (R.V) and (P) Ward 1, V.N.Valasu Melpuram; Mulanur(TP) Ward 15 Mathuraiveeran kovil st (sinnaravalasu)",Rohini.S,,2,625,0.32,False
265,"P U E School, Kalipalayam kilapuram All Voters 638106,North Facing Building RajivNagar,K.M.K.pudur","Kalipalayam (R.V) and (P) Ward 1, Kalipalayam sanarpathy, v.n.valasu; Kalipalayam (R.V) and (P) Ward 1, V.N.Valasu Melpuram; Mulanur(TP) Ward 15 Mathuraiveeran kovil st (sinnaravalasu)",NOTA,NOTA,2,625,0.32,False
266,"P.U.Middle School, Vellakovil Road, Moolanur,North Facing Building",Mulanur (TP) Ward 15 Savadi St (Sinnaravalasu); Mulanur (TP) Ward 15 Samuthiravalasu; Mulanur (TP) Ward 15 Aadidiravidar Colony (Samuthiravalasu); Mulanur (TP) Ward 15 East Street(Sanarpalayam); Mulanur (TP)Ward 15 Main Street (Sanar Palayam),Indirani.T,,164,698,23.5,False
266,"P.U.Middle School, Vellakovil Road, Moolanur,North Facing Building",Mulanur (TP) Ward 15 Savadi St (Sinnaravalasu); Mulanur (TP) Ward 15 Samuthiravalasu; Mulanur (TP) Ward 15 Aadidiravidar Colony (Samuthiravalasu); Mulanur (TP) Ward 15 East Street(Sanarpalayam); Mulanur (TP)Ward 15 Main Street (Sanar Palayam),Sathyabama.P,,339,698,48.57,True
266,"P.U.Middle School, Vellakovil Road, Moolanur,North Facing Building",Mulanur (TP) Ward 15 Savadi St (Sinnaravalasu); Mulanur (TP) Ward 15 Samuthiravalasu; Mulanur (TP) Ward 15 Aadidiravidar Colony (Samuthiravalasu); Mulanur (TP) Ward 15 East Street(Sanarpalayam); Mulanur (TP)Ward 15 Main Street (Sanar Palayam),Dhivya,,18,698,2.58,False
266,"P.U.Middle School, Vellakovil Road, Moolanur,North Facing Building",Mulanur (TP) Ward 15 Savadi St (Sinnaravalasu); Mulanur (TP) Ward 15 Samuthiravalasu; Mulanur (TP) Ward 15 Aadidiravidar Colony (Samuthiravalasu); Mulanur (TP) Ward 15 East Street(Sanarpalayam); Mulanur (TP)Ward 15 Main Street (Sanar Palayam),Gowri Chitra,,172,698,24.64,False
266,"P.U.Middle School, Vellakovil Road, Moolanur,North Facing Building",Mulanur (TP) Ward 15 Savadi St (Sinnaravalasu); Mulanur (TP) Ward 15 Samuthiravalasu; Mulanur (TP) Ward 15 Aadidiravidar Colony (Samuthiravalasu); Mulanur (TP) Ward 15 East Street(Sanarpalayam); Mulanur (TP)Ward 15 Main Street (Sanar Palayam),Ananthi.S,,0,698,0.0,False
266,"P.U.Middle School, Vellakovil Road, Moolanur,North Facing Building",Mulanur (TP) Ward 15 Savadi St (Sinnaravalasu); Mulanur (TP) Ward 15 Samuthiravalasu; Mulanur (TP) Ward 15 Aadidiravidar Colony (Samuthiravalasu); Mulanur (TP) Ward 15 East Street(Sanarpalayam); Mulanur (TP)Ward 15 Main Street (Sanar Palayam),Indhirani.C,,0,698,0.0,False
266,"P.U.Middle School, Vellakovil Road, Moolanur,North Facing Building",Mulanur (TP) Ward 15 Savadi St (Sinnaravalasu); Mulanur (TP) Ward 15 Samuthiravalasu; Mulanur (TP) Ward 15 Aadidiravidar Colony (Samuthiravalasu); Mulanur (TP) Ward 15 East Street(Sanarpalayam); Mulanur (TP)Ward 15 Main Street (Sanar Palayam),Gowri.P,,0,698,0.0,False
266,"P.U.Middle School, Vellakovil Road, Moolanur,North Facing Building",Mulanur (TP) Ward 15 Savadi St (Sinnaravalasu); Mulanur (TP) Ward 15 Samuthiravalasu; Mulanur (TP) Ward 15 Aadidiravidar Colony (Samuthiravalasu); Mulanur (TP) Ward 15 East Street(Sanarpalayam); Mulanur (TP)Ward 15 Main Street (Sanar Palayam),Mohanraj.M,,1,698,0.14,False
266,"P.U.Middle School, Vellakovil Road, Moolanur,North Facing Building",Mulanur (TP) Ward 15 Savadi St (Sinnaravalasu); Mulanur (TP) Ward 15 Samuthiravalasu; Mulanur (TP) Ward 15 Aadidiravidar Colony (Samuthiravalasu); Mulanur (TP) Ward 15 East Street(Sanarpalayam); Mulanur (TP)Ward 15 Main Street (Sanar Palayam),Rohini.S,,1,698,0.14,False
266,"P.U.Middle School, Vellakovil Road, Moolanur,North Facing Building",Mulanur (TP) Ward 15 Savadi St (Sinnaravalasu); Mulanur (TP) Ward 15 Samuthiravalasu; Mulanur (TP) Ward 15 Aadidiravidar Colony (Samuthiravalasu); Mulanur (TP) Ward 15 East Street(Sanarpalayam); Mulanur (TP)Ward 15 Main Street (Sanar Palayam),NOTA,NOTA,3,698,0.43,False
267,"P.U.Middle School, Vellakovil Road, Moolanur,Building facing East",Mulanur (TP) Ward 15 Tank street (sanarpalayam); Mulanur (TP)Ward 14 Yesu Street (Sanarpalaym); Mulanur (TP)) Ward 14 Kaliamman Kovil Street; Mulanur (TP) Ward 14 West Aadidiravidar Colony; Mulanur (TP) Ward 5 Muthugoundenvalasu,Indirani.T,,257,714,35.99,True
267,"P.U.Middle School, Vellakovil Road, Moolanur,Building facing East",Mulanur (TP) Ward 15 Tank street (sanarpalayam); Mulanur (TP)Ward 14 Yesu Street (Sanarpalaym); Mulanur (TP)) Ward 14 Kaliamman Kovil Street; Mulanur (TP) Ward 14 West Aadidiravidar Colony; Mulanur (TP) Ward 5 Muthugoundenvalasu,Sathyabama.P,,255,714,35.71,False
267,"P.U.Middle School, Vellakovil Road, Moolanur,Building facing East",Mulanur (TP) Ward 15 Tank street (sanarpalayam); Mulanur (TP)Ward 14 Yesu Street (Sanarpalaym); Mulanur (TP)) Ward 14 Kaliamman Kovil Street; Mulanur (TP) Ward 14 West Aadidiravidar Colony; Mulanur (TP) Ward 5 Muthugoundenvalasu,Dhivya,,14,714,1.96,False
267,"P.U.Middle School, Vellakovil Road, Moolanur,Building facing East",Mulanur (TP) Ward 15 Tank street (sanarpalayam); Mulanur (TP)Ward 14 Yesu Street (Sanarpalaym); Mulanur (TP)) Ward 14 Kaliamman Kovil Street; Mulanur (TP) Ward 14 West Aadidiravidar Colony; Mulanur (TP) Ward 5 Muthugoundenvalasu,Gowri Chitra,,185,714,25.91,False
267,"P.U.Middle School, Vellakovil Road, Moolanur,Building facing East",Mulanur (TP) Ward 15 Tank street (sanarpalayam); Mulanur (TP)Ward 14 Yesu Street (Sanarpalaym); Mulanur (TP)) Ward 14 Kaliamman Kovil Street; Mulanur (TP) Ward 14 West Aadidiravidar Colony; Mulanur (TP) Ward 5 Muthugoundenvalasu,Ananthi.S,,0,714,0.0,False
267,"P.U.Middle School, Vellakovil Road, Moolanur,Building facing East",Mulanur (TP) Ward 15 Tank street (sanarpalayam); Mulanur (TP)Ward 14 Yesu Street (Sanarpalaym); Mulanur (TP)) Ward 14 Kaliamman Kovil Street; Mulanur (TP) Ward 14 West Aadidiravidar Colony; Mulanur (TP) Ward 5 Muthugoundenvalasu,Indhirani.C,,0,714,0.0,False
267,"P.U.Middle School, Vellakovil Road, Moolanur,Building facing East",Mulanur (TP) Ward 15 Tank street (sanarpalayam); Mulanur (TP)Ward 14 Yesu Street (Sanarpalaym); Mulanur (TP)) Ward 14 Kaliamman Kovil Street; Mulanur (TP) Ward 14 West Aadidiravidar Colony; Mulanur (TP) Ward 5 Muthugoundenvalasu,Gowri.P,,2,714,0.28,False
267,"P.U.Middle School, Vellakovil Road, Moolanur,Building facing East",Mulanur (TP) Ward 15 Tank street (sanarpalayam); Mulanur (TP)Ward 14 Yesu Street (Sanarpalaym); Mulanur (TP)) Ward 14 Kaliamman Kovil Street; Mulanur (TP) Ward 14 West Aadidiravidar Colony; Mulanur (TP) Ward 5 Muthugoundenvalasu,Mohanraj.M,,0,714,0.0,False
267,"P.U.Middle School, Vellakovil Road, Moolanur,Building facing East",Mulanur (TP) Ward 15 Tank street (sanarpalayam); Mulanur (TP)Ward 14 Yesu Street (Sanarpalaym); Mulanur (TP)) Ward 14 Kaliamman Kovil Street; Mulanur (TP) Ward 14 West Aadidiravidar Colony; Mulanur (TP) Ward 5 Muthugoundenvalasu,Rohini.S,,0,714,0.0,False
267,"P.U.Middle School, Vellakovil Road, Moolanur,Building facing East",Mulanur (TP) Ward 15 Tank street (sanarpalayam); Mulanur (TP)Ward 14 Yesu Street (Sanarpalaym); Mulanur (TP)) Ward 14 Kaliamman Kovil Street; Mulanur (TP) Ward 14 West Aadidiravidar Colony; Mulanur (TP) Ward 5 Muthugoundenvalasu,NOTA,NOTA,1,714,0.14,False
268,"P U E School, Muthugoundenvalasu 638106,North Facing Building",Mulanur (TP)Ward 5 Natchipalayam; Mulanur (TP) Ward 5 Harijan colony Natchipalayam; Mulanur (TP)Ward 5 Pudukottai Main Street; Mulanur (TP) Ward 5 Aadi Diravidar Street PuthuKottai; Mulanur (TP) Ward 8 Sanarpalayam road,Indirani.T,,168,594,28.28,False
268,"P U E School, Muthugoundenvalasu 638106,North Facing Building",Mulanur (TP)Ward 5 Natchipalayam; Mulanur (TP) Ward 5 Harijan colony Natchipalayam; Mulanur (TP)Ward 5 Pudukottai Main Street; Mulanur (TP) Ward 5 Aadi Diravidar Street PuthuKottai; Mulanur (TP) Ward 8 Sanarpalayam road,Sathyabama.P,,278,594,46.8,True
268,"P U E School, Muthugoundenvalasu 638106,North Facing Building",Mulanur (TP)Ward 5 Natchipalayam; Mulanur (TP) Ward 5 Harijan colony Natchipalayam; Mulanur (TP)Ward 5 Pudukottai Main Street; Mulanur (TP) Ward 5 Aadi Diravidar Street PuthuKottai; Mulanur (TP) Ward 8 Sanarpalayam road,Dhivya,,20,594,3.37,False
268,"P U E School, Muthugoundenvalasu 638106,North Facing Building",Mulanur (TP)Ward 5 Natchipalayam; Mulanur (TP) Ward 5 Harijan colony Natchipalayam; Mulanur (TP)Ward 5 Pudukottai Main Street; Mulanur (TP) Ward 5 Aadi Diravidar Street PuthuKottai; Mulanur (TP) Ward 8 Sanarpalayam road,Gowri Chitra,,122,594,20.54,False
268,"P U E School, Muthugoundenvalasu 638106,North Facing Building",Mulanur (TP)Ward 5 Natchipalayam; Mulanur (TP) Ward 5 Harijan colony Natchipalayam; Mulanur (TP)Ward 5 Pudukottai Main Street; Mulanur (TP) Ward 5 Aadi Diravidar Street PuthuKottai; Mulanur (TP) Ward 8 Sanarpalayam road,Ananthi.S,,0,594,0.0,False
268,"P U E School, Muthugoundenvalasu 638106,North Facing Building",Mulanur (TP)Ward 5 Natchipalayam; Mulanur (TP) Ward 5 Harijan colony Natchipalayam; Mulanur (TP)Ward 5 Pudukottai Main Street; Mulanur (TP) Ward 5 Aadi Diravidar Street PuthuKottai; Mulanur (TP) Ward 8 Sanarpalayam road,Indhirani.C,,1,594,0.17,False
268,"P U E School, Muthugoundenvalasu 638106,North Facing Building",Mulanur (TP)Ward 5 Natchipalayam; Mulanur (TP) Ward 5 Harijan colony Natchipalayam; Mulanur (TP)Ward 5 Pudukottai Main Street; Mulanur (TP) Ward 5 Aadi Diravidar Street PuthuKottai; Mulanur (TP) Ward 8 Sanarpalayam road,Gowri.P,,0,594,0.0,False
268,"P U E School, Muthugoundenvalasu 638106,North Facing Building",Mulanur (TP)Ward 5 Natchipalayam; Mulanur (TP) Ward 5 Harijan colony Natchipalayam; Mulanur (TP)Ward 5 Pudukottai Main Street; Mulanur (TP) Ward 5 Aadi Diravidar Street PuthuKottai; Mulanur (TP) Ward 8 Sanarpalayam road,Mohanraj.M,,1,594,0.17,False
268,"P U E School, Muthugoundenvalasu 638106,North Facing Building",Mulanur (TP)Ward 5 Natchipalayam; Mulanur (TP) Ward 5 Harijan colony Natchipalayam; Mulanur (TP)Ward 5 Pudukottai Main Street; Mulanur (TP) Ward 5 Aadi Diravidar Street PuthuKottai; Mulanur (TP) Ward 8 Sanarpalayam road,Rohini.S,,1,594,0.17,False
268,"P U E School, Muthugoundenvalasu 638106,North Facing Building",Mulanur (TP)Ward 5 Natchipalayam; Mulanur (TP) Ward 5 Harijan colony Natchipalayam; Mulanur (TP)Ward 5 Pudukottai Main Street; Mulanur (TP) Ward 5 Aadi Diravidar Street PuthuKottai; Mulanur (TP) Ward 8 Sanarpalayam road,NOTA,NOTA,3,594,0.51,False
269,"Govt Hr Sec School ,Moolanur 638106,West Facing Main Building North Part",Mulanur (TP) Ward 2 Police Line St; Mulanur (TP)Ward 3 Old Chandai St; Mulanur (TP)Ward 3 Savadi St; Overseas Section; Mulanur (TP) Ward 7 Vellakoil Road,Indirani.T,,160,520,30.77,False
269,"Govt Hr Sec School ,Moolanur 638106,West Facing Main Building North Part",Mulanur (TP) Ward 2 Police Line St; Mulanur (TP)Ward 3 Old Chandai St; Mulanur (TP)Ward 3 Savadi St; Overseas Section; Mulanur (TP) Ward 7 Vellakoil Road,Sathyabama.P,,177,520,34.04,True
269,"Govt Hr Sec School ,Moolanur 638106,West Facing Main Building North Part",Mulanur (TP) Ward 2 Police Line St; Mulanur (TP)Ward 3 Old Chandai St; Mulanur (TP)Ward 3 Savadi St; Overseas Section; Mulanur (TP) Ward 7 Vellakoil Road,Dhivya,,13,520,2.5,False
269,"Govt Hr Sec School ,Moolanur 638106,West Facing Main Building North Part",Mulanur (TP) Ward 2 Police Line St; Mulanur (TP)Ward 3 Old Chandai St; Mulanur (TP)Ward 3 Savadi St; Overseas Section; Mulanur (TP) Ward 7 Vellakoil Road,Gowri Chitra,,167,520,32.12,False
269,"Govt Hr Sec School ,Moolanur 638106,West Facing Main Building North Part",Mulanur (TP) Ward 2 Police Line St; Mulanur (TP)Ward 3 Old Chandai St; Mulanur (TP)Ward 3 Savadi St; Overseas Section; Mulanur (TP) Ward 7 Vellakoil Road,Ananthi.S,,0,520,0.0,False
269,"Govt Hr Sec School ,Moolanur 638106,West Facing Main Building North Part",Mulanur (TP) Ward 2 Police Line St; Mulanur (TP)Ward 3 Old Chandai St; Mulanur (TP)Ward 3 Savadi St; Overseas Section; Mulanur (TP) Ward 7 Vellakoil Road,Indhirani.C,,0,520,0.0,False
269,"Govt Hr Sec School ,Moolanur 638106,West Facing Main Building North Part",Mulanur (TP) Ward 2 Police Line St; Mulanur (TP)Ward 3 Old Chandai St; Mulanur (TP)Ward 3 Savadi St; Overseas Section; Mulanur (TP) Ward 7 Vellakoil Road,Gowri.P,,0,520,0.0,False
269,"Govt Hr Sec School ,Moolanur 638106,West Facing Main Building North Part",Mulanur (TP) Ward 2 Police Line St; Mulanur (TP)Ward 3 Old Chandai St; Mulanur (TP)Ward 3 Savadi St; Overseas Section; Mulanur (TP) Ward 7 Vellakoil Road,Mohanraj.M,,1,520,0.19,False
269,"Govt Hr Sec School ,Moolanur 638106,West Facing Main Building North Part",Mulanur (TP) Ward 2 Police Line St; Mulanur (TP)Ward 3 Old Chandai St; Mulanur (TP)Ward 3 Savadi St; Overseas Section; Mulanur (TP) Ward 7 Vellakoil Road,Rohini.S,,0,520,0.0,False
269,"Govt Hr Sec School ,Moolanur 638106,West Facing Main Building North Part",Mulanur (TP) Ward 2 Police Line St; Mulanur (TP)Ward 3 Old Chandai St; Mulanur (TP)Ward 3 Savadi St; Overseas Section; Mulanur (TP) Ward 7 Vellakoil Road,NOTA,NOTA,2,520,0.38,False
270,"Govt Hr Sec School ,Moolanur 638106,West Facing Main Building South Part",Mulanur (TP) Ward 3 Eswaran Koil St; Mulanur (TP) Ward 7 Gandhi St; Mulanur (TP) Ward 2 Anna St; Mulanur (TP) Ward 3 Odaipuram Pokku St,Indirani.T,,182,518,35.14,True
270,"Govt Hr Sec School ,Moolanur 638106,West Facing Main Building South Part",Mulanur (TP) Ward 3 Eswaran Koil St; Mulanur (TP) Ward 7 Gandhi St; Mulanur (TP) Ward 2 Anna St; Mulanur (TP) Ward 3 Odaipuram Pokku St,Sathyabama.P,,155,518,29.92,False
270,"Govt Hr Sec School ,Moolanur 638106,West Facing Main Building South Part",Mulanur (TP) Ward 3 Eswaran Koil St; Mulanur (TP) Ward 7 Gandhi St; Mulanur (TP) Ward 2 Anna St; Mulanur (TP) Ward 3 Odaipuram Pokku St,Dhivya,,10,518,1.93,False
270,"Govt Hr Sec School ,Moolanur 638106,West Facing Main Building South Part",Mulanur (TP) Ward 3 Eswaran Koil St; Mulanur (TP) Ward 7 Gandhi St; Mulanur (TP) Ward 2 Anna St; Mulanur (TP) Ward 3 Odaipuram Pokku St,Gowri Chitra,,163,518,31.47,False
270,"Govt Hr Sec School ,Moolanur 638106,West Facing Main Building South Part",Mulanur (TP) Ward 3 Eswaran Koil St; Mulanur (TP) Ward 7 Gandhi St; Mulanur (TP) Ward 2 Anna St; Mulanur (TP) Ward 3 Odaipuram Pokku St,Ananthi.S,,1,518,0.19,False
270,"Govt Hr Sec School ,Moolanur 638106,West Facing Main Building South Part",Mulanur (TP) Ward 3 Eswaran Koil St; Mulanur (TP) Ward 7 Gandhi St; Mulanur (TP) Ward 2 Anna St; Mulanur (TP) Ward 3 Odaipuram Pokku St,Indhirani.C,,0,518,0.0,False
270,"Govt Hr Sec School ,Moolanur 638106,West Facing Main Building South Part",Mulanur (TP) Ward 3 Eswaran Koil St; Mulanur (TP) Ward 7 Gandhi St; Mulanur (TP) Ward 2 Anna St; Mulanur (TP) Ward 3 Odaipuram Pokku St,Gowri.P,,2,518,0.39,False
270,"Govt Hr Sec School ,Moolanur 638106,West Facing Main Building South Part",Mulanur (TP) Ward 3 Eswaran Koil St; Mulanur (TP) Ward 7 Gandhi St; Mulanur (TP) Ward 2 Anna St; Mulanur (TP) Ward 3 Odaipuram Pokku St,Mohanraj.M,,0,518,0.0,False
270,"Govt Hr Sec School ,Moolanur 638106,West Facing Main Building South Part",Mulanur (TP) Ward 3 Eswaran Koil St; Mulanur (TP) Ward 7 Gandhi St; Mulanur (TP) Ward 2 Anna St; Mulanur (TP) Ward 3 Odaipuram Pokku St,Rohini.S,,0,518,0.0,False
270,"Govt Hr Sec School ,Moolanur 638106,West Facing Main Building South Part",Mulanur (TP) Ward 3 Eswaran Koil St; Mulanur (TP) Ward 7 Gandhi St; Mulanur (TP) Ward 2 Anna St; Mulanur (TP) Ward 3 Odaipuram Pokku St,NOTA,NOTA,5,518,0.97,False
271,"Govt Hr Sec School, Moolanur 638106,East Facing Main Building North Portion","Mulanur (TP) Ward 6 O.h.tank st; Mulanur (TP) Ward 6 Pettai St; Mulanur (TP) Ward 7, Subbaiya Gounder St; Mulanur (TP) Ward 6,7 Bazzar St; Mulanur (TP)) Ward 6 Vadugapatti Road 1St Street",Indirani.T,,180,561,32.09,False
271,"Govt Hr Sec School, Moolanur 638106,East Facing Main Building North Portion","Mulanur (TP) Ward 6 O.h.tank st; Mulanur (TP) Ward 6 Pettai St; Mulanur (TP) Ward 7, Subbaiya Gounder St; Mulanur (TP) Ward 6,7 Bazzar St; Mulanur (TP)) Ward 6 Vadugapatti Road 1St Street",Sathyabama.P,,195,561,34.76,True
271,"Govt Hr Sec School, Moolanur 638106,East Facing Main Building North Portion","Mulanur (TP) Ward 6 O.h.tank st; Mulanur (TP) Ward 6 Pettai St; Mulanur (TP) Ward 7, Subbaiya Gounder St; Mulanur (TP) Ward 6,7 Bazzar St; Mulanur (TP)) Ward 6 Vadugapatti Road 1St Street",Dhivya,,20,561,3.57,False
271,"Govt Hr Sec School, Moolanur 638106,East Facing Main Building North Portion","Mulanur (TP) Ward 6 O.h.tank st; Mulanur (TP) Ward 6 Pettai St; Mulanur (TP) Ward 7, Subbaiya Gounder St; Mulanur (TP) Ward 6,7 Bazzar St; Mulanur (TP)) Ward 6 Vadugapatti Road 1St Street",Gowri Chitra,,162,561,28.88,False
271,"Govt Hr Sec School, Moolanur 638106,East Facing Main Building North Portion","Mulanur (TP) Ward 6 O.h.tank st; Mulanur (TP) Ward 6 Pettai St; Mulanur (TP) Ward 7, Subbaiya Gounder St; Mulanur (TP) Ward 6,7 Bazzar St; Mulanur (TP)) Ward 6 Vadugapatti Road 1St Street",Ananthi.S,,2,561,0.36,False
271,"Govt Hr Sec School, Moolanur 638106,East Facing Main Building North Portion","Mulanur (TP) Ward 6 O.h.tank st; Mulanur (TP) Ward 6 Pettai St; Mulanur (TP) Ward 7, Subbaiya Gounder St; Mulanur (TP) Ward 6,7 Bazzar St; Mulanur (TP)) Ward 6 Vadugapatti Road 1St Street",Indhirani.C,,0,561,0.0,False
271,"Govt Hr Sec School, Moolanur 638106,East Facing Main Building North Portion","Mulanur (TP) Ward 6 O.h.tank st; Mulanur (TP) Ward 6 Pettai St; Mulanur (TP) Ward 7, Subbaiya Gounder St; Mulanur (TP) Ward 6,7 Bazzar St; Mulanur (TP)) Ward 6 Vadugapatti Road 1St Street",Gowri.P,,0,561,0.0,False
271,"Govt Hr Sec School, Moolanur 638106,East Facing Main Building North Portion","Mulanur (TP) Ward 6 O.h.tank st; Mulanur (TP) Ward 6 Pettai St; Mulanur (TP) Ward 7, Subbaiya Gounder St; Mulanur (TP) Ward 6,7 Bazzar St; Mulanur (TP)) Ward 6 Vadugapatti Road 1St Street",Mohanraj.M,,0,561,0.0,False
271,"Govt Hr Sec School, Moolanur 638106,East Facing Main Building North Portion","Mulanur (TP) Ward 6 O.h.tank st; Mulanur (TP) Ward 6 Pettai St; Mulanur (TP) Ward 7, Subbaiya Gounder St; Mulanur (TP) Ward 6,7 Bazzar St; Mulanur (TP)) Ward 6 Vadugapatti Road 1St Street",Rohini.S,,0,561,0.0,False
271,"Govt Hr Sec School, Moolanur 638106,East Facing Main Building North Portion","Mulanur (TP) Ward 6 O.h.tank st; Mulanur (TP) Ward 6 Pettai St; Mulanur (TP) Ward 7, Subbaiya Gounder St; Mulanur (TP) Ward 6,7 Bazzar St; Mulanur (TP)) Ward 6 Vadugapatti Road 1St Street",NOTA,NOTA,2,561,0.36,False
272,"Govt Hr Sec School, Moolanur 638106,East Facing Main Building South Portion","Mulanur (TP) Ward 6 Vadugapatti Road 2nd St; Mulanur (TP) Ward 8 Vadugapatti Road 3rd St; Mulanur (TP) Ward 6 Nochipalayam Road,; Mulanur (TP) Ward 6 Movendar Nagar",Indirani.T,,220,685,32.12,False
272,"Govt Hr Sec School, Moolanur 638106,East Facing Main Building South Portion","Mulanur (TP) Ward 6 Vadugapatti Road 2nd St; Mulanur (TP) Ward 8 Vadugapatti Road 3rd St; Mulanur (TP) Ward 6 Nochipalayam Road,; Mulanur (TP) Ward 6 Movendar Nagar",Sathyabama.P,,180,685,26.28,False
272,"Govt Hr Sec School, Moolanur 638106,East Facing Main Building South Portion","Mulanur (TP) Ward 6 Vadugapatti Road 2nd St; Mulanur (TP) Ward 8 Vadugapatti Road 3rd St; Mulanur (TP) Ward 6 Nochipalayam Road,; Mulanur (TP) Ward 6 Movendar Nagar",Dhivya,,40,685,5.84,False
272,"Govt Hr Sec School, Moolanur 638106,East Facing Main Building South Portion","Mulanur (TP) Ward 6 Vadugapatti Road 2nd St; Mulanur (TP) Ward 8 Vadugapatti Road 3rd St; Mulanur (TP) Ward 6 Nochipalayam Road,; Mulanur (TP) Ward 6 Movendar Nagar",Gowri Chitra,,239,685,34.89,True
272,"Govt Hr Sec School, Moolanur 638106,East Facing Main Building South Portion","Mulanur (TP) Ward 6 Vadugapatti Road 2nd St; Mulanur (TP) Ward 8 Vadugapatti Road 3rd St; Mulanur (TP) Ward 6 Nochipalayam Road,; Mulanur (TP) Ward 6 Movendar Nagar",Ananthi.S,,0,685,0.0,False
272,"Govt Hr Sec School, Moolanur 638106,East Facing Main Building South Portion","Mulanur (TP) Ward 6 Vadugapatti Road 2nd St; Mulanur (TP) Ward 8 Vadugapatti Road 3rd St; Mulanur (TP) Ward 6 Nochipalayam Road,; Mulanur (TP) Ward 6 Movendar Nagar",Indhirani.C,,0,685,0.0,False
272,"Govt Hr Sec School, Moolanur 638106,East Facing Main Building South Portion","Mulanur (TP) Ward 6 Vadugapatti Road 2nd St; Mulanur (TP) Ward 8 Vadugapatti Road 3rd St; Mulanur (TP) Ward 6 Nochipalayam Road,; Mulanur (TP) Ward 6 Movendar Nagar",Gowri.P,,0,685,0.0,False
272,"Govt Hr Sec School, Moolanur 638106,East Facing Main Building South Portion","Mulanur (TP) Ward 6 Vadugapatti Road 2nd St; Mulanur (TP) Ward 8 Vadugapatti Road 3rd St; Mulanur (TP) Ward 6 Nochipalayam Road,; Mulanur (TP) Ward 6 Movendar Nagar",Mohanraj.M,,2,685,0.29,False
272,"Govt Hr Sec School, Moolanur 638106,East Facing Main Building South Portion","Mulanur (TP) Ward 6 Vadugapatti Road 2nd St; Mulanur (TP) Ward 8 Vadugapatti Road 3rd St; Mulanur (TP) Ward 6 Nochipalayam Road,; Mulanur (TP) Ward 6 Movendar Nagar",Rohini.S,,0,685,0.0,False
272,"Govt Hr Sec School, Moolanur 638106,East Facing Main Building South Portion","Mulanur (TP) Ward 6 Vadugapatti Road 2nd St; Mulanur (TP) Ward 8 Vadugapatti Road 3rd St; Mulanur (TP) Ward 6 Nochipalayam Road,; Mulanur (TP) Ward 6 Movendar Nagar",NOTA,NOTA,4,685,0.58,False
273,"Govt.Hr.Sec.School, Moolanur- 638106,Building facing East (South Portion)",Mulanur (TP) Ward 2 Anna nagar east st; Mulanur (TP)Ward 2 Anna Nagar Main St,Indirani.T,,177,649,27.27,False
273,"Govt.Hr.Sec.School, Moolanur- 638106,Building facing East (South Portion)",Mulanur (TP) Ward 2 Anna nagar east st; Mulanur (TP)Ward 2 Anna Nagar Main St,Sathyabama.P,,226,649,34.82,True
273,"Govt.Hr.Sec.School, Moolanur- 638106,Building facing East (South Portion)",Mulanur (TP) Ward 2 Anna nagar east st; Mulanur (TP)Ward 2 Anna Nagar Main St,Dhivya,,25,649,3.85,False
273,"Govt.Hr.Sec.School, Moolanur- 638106,Building facing East (South Portion)",Mulanur (TP) Ward 2 Anna nagar east st; Mulanur (TP)Ward 2 Anna Nagar Main St,Gowri Chitra,,217,649,33.44,False
273,"Govt.Hr.Sec.School, Moolanur- 638106,Building facing East (South Portion)",Mulanur (TP) Ward 2 Anna nagar east st; Mulanur (TP)Ward 2 Anna Nagar Main St,Ananthi.S,,1,649,0.15,False
273,"Govt.Hr.Sec.School, Moolanur- 638106,Building facing East (South Portion)",Mulanur (TP) Ward 2 Anna nagar east st; Mulanur (TP)Ward 2 Anna Nagar Main St,Indhirani.C,,0,649,0.0,False
273,"Govt.Hr.Sec.School, Moolanur- 638106,Building facing East (South Portion)",Mulanur (TP) Ward 2 Anna nagar east st; Mulanur (TP)Ward 2 Anna Nagar Main St,Gowri.P,,3,649,0.46,False
273,"Govt.Hr.Sec.School, Moolanur- 638106,Building facing East (South Portion)",Mulanur (TP) Ward 2 Anna nagar east st; Mulanur (TP)Ward 2 Anna Nagar Main St,Mohanraj.M,,0,649,0.0,False
273,"Govt.Hr.Sec.School, Moolanur- 638106,Building facing East (South Portion)",Mulanur (TP) Ward 2 Anna nagar east st; Mulanur (TP)Ward 2 Anna Nagar Main St,Rohini.S,,0,649,0.0,False
273,"Govt.Hr.Sec.School, Moolanur- 638106,Building facing East (South Portion)",Mulanur (TP) Ward 2 Anna nagar east st; Mulanur (TP)Ward 2 Anna Nagar Main St,NOTA,NOTA,0,649,0.0,False
274,"Govt.Hr.Sec.School, Moolanur- 638106,Building facing East (North Portion)",Mulanur (TP) Ward 9 Periyar Nagar; Mulanur (TP) Ward 9 Anna Nagar West; Mulanur (TP) Ward 9 Arivoli Nagar; Mulanur (TP) Ward 9 Venkatachalapathy Colony; Mulanur (TP)Ward 3 Nadupathi; Mulanur (TP) Ward 3 Merkku pathi; Mulanur (TP)Ward 3 Vadakku pathi; Mulanur (TP) Ward 4 Thattakadu valasu,Indirani.T,,216,833,25.93,False
274,"Govt.Hr.Sec.School, Moolanur- 638106,Building facing East (North Portion)",Mulanur (TP) Ward 9 Periyar Nagar; Mulanur (TP) Ward 9 Anna Nagar West; Mulanur (TP) Ward 9 Arivoli Nagar; Mulanur (TP) Ward 9 Venkatachalapathy Colony; Mulanur (TP)Ward 3 Nadupathi; Mulanur (TP) Ward 3 Merkku pathi; Mulanur (TP)Ward 3 Vadakku pathi; Mulanur (TP) Ward 4 Thattakadu valasu,Sathyabama.P,,249,833,29.89,False
274,"Govt.Hr.Sec.School, Moolanur- 638106,Building facing East (North Portion)",Mulanur (TP) Ward 9 Periyar Nagar; Mulanur (TP) Ward 9 Anna Nagar West; Mulanur (TP) Ward 9 Arivoli Nagar; Mulanur (TP) Ward 9 Venkatachalapathy Colony; Mulanur (TP)Ward 3 Nadupathi; Mulanur (TP) Ward 3 Merkku pathi; Mulanur (TP)Ward 3 Vadakku pathi; Mulanur (TP) Ward 4 Thattakadu valasu,Dhivya,,22,833,2.64,False
274,"Govt.Hr.Sec.School, Moolanur- 638106,Building facing East (North Portion)",Mulanur (TP) Ward 9 Periyar Nagar; Mulanur (TP) Ward 9 Anna Nagar West; Mulanur (TP) Ward 9 Arivoli Nagar; Mulanur (TP) Ward 9 Venkatachalapathy Colony; Mulanur (TP)Ward 3 Nadupathi; Mulanur (TP) Ward 3 Merkku pathi; Mulanur (TP)Ward 3 Vadakku pathi; Mulanur (TP) Ward 4 Thattakadu valasu,Gowri Chitra,,336,833,40.34,True
274,"Govt.Hr.Sec.School, Moolanur- 638106,Building facing East (North Portion)",Mulanur (TP) Ward 9 Periyar Nagar; Mulanur (TP) Ward 9 Anna Nagar West; Mulanur (TP) Ward 9 Arivoli Nagar; Mulanur (TP) Ward 9 Venkatachalapathy Colony; Mulanur (TP)Ward 3 Nadupathi; Mulanur (TP) Ward 3 Merkku pathi; Mulanur (TP)Ward 3 Vadakku pathi; Mulanur (TP) Ward 4 Thattakadu valasu,Ananthi.S,,0,833,0.0,False
274,"Govt.Hr.Sec.School, Moolanur- 638106,Building facing East (North Portion)",Mulanur (TP) Ward 9 Periyar Nagar; Mulanur (TP) Ward 9 Anna Nagar West; Mulanur (TP) Ward 9 Arivoli Nagar; Mulanur (TP) Ward 9 Venkatachalapathy Colony; Mulanur (TP)Ward 3 Nadupathi; Mulanur (TP) Ward 3 Merkku pathi; Mulanur (TP)Ward 3 Vadakku pathi; Mulanur (TP) Ward 4 Thattakadu valasu,Indhirani.C,,0,833,0.0,False
274,"Govt.Hr.Sec.School, Moolanur- 638106,Building facing East (North Portion)",Mulanur (TP) Ward 9 Periyar Nagar; Mulanur (TP) Ward 9 Anna Nagar West; Mulanur (TP) Ward 9 Arivoli Nagar; Mulanur (TP) Ward 9 Venkatachalapathy Colony; Mulanur (TP)Ward 3 Nadupathi; Mulanur (TP) Ward 3 Merkku pathi; Mulanur (TP)Ward 3 Vadakku pathi; Mulanur (TP) Ward 4 Thattakadu valasu,Gowri.P,,1,833,0.12,False
274,"Govt.Hr.Sec.School, Moolanur- 638106,Building facing East (North Portion)",Mulanur (TP) Ward 9 Periyar Nagar; Mulanur (TP) Ward 9 Anna Nagar West; Mulanur (TP) Ward 9 Arivoli Nagar; Mulanur (TP) Ward 9 Venkatachalapathy Colony; Mulanur (TP)Ward 3 Nadupathi; Mulanur (TP) Ward 3 Merkku pathi; Mulanur (TP)Ward 3 Vadakku pathi; Mulanur (TP) Ward 4 Thattakadu valasu,Mohanraj.M,,0,833,0.0,False
274,"Govt.Hr.Sec.School, Moolanur- 638106,Building facing East (North Portion)",Mulanur (TP) Ward 9 Periyar Nagar; Mulanur (TP) Ward 9 Anna Nagar West; Mulanur (TP) Ward 9 Arivoli Nagar; Mulanur (TP) Ward 9 Venkatachalapathy Colony; Mulanur (TP)Ward 3 Nadupathi; Mulanur (TP) Ward 3 Merkku pathi; Mulanur (TP)Ward 3 Vadakku pathi; Mulanur (TP) Ward 4 Thattakadu valasu,Rohini.S,,0,833,0.0,False
274,"Govt.Hr.Sec.School, Moolanur- 638106,Building facing East (North Portion)",Mulanur (TP) Ward 9 Periyar Nagar; Mulanur (TP) Ward 9 Anna Nagar West; Mulanur (TP) Ward 9 Arivoli Nagar; Mulanur (TP) Ward 9 Venkatachalapathy Colony; Mulanur (TP)Ward 3 Nadupathi; Mulanur (TP) Ward 3 Merkku pathi; Mulanur (TP)Ward 3 Vadakku pathi; Mulanur (TP) Ward 4 Thattakadu valasu,NOTA,NOTA,9,833,1.08,False
275,"P U E School, Vanjivalasu 638106,South Facing Building","Mulanur (TP)Ward 4 Vanchivalasu; Mulanur (TP)Ward 4 Mettupatti; Mulanur (TP) Ward 4 Ganesan Puthur; Mulanur (TP) Ward 4 Sunnambukattu Valasu; Mulanur (TP) Ward 3 A.P.S. Nagar (Nadu Pathi); Mulanur (TP) Ward 2, E.B.Colony; Mulanur (TP)Ward 2, Udayampalayam; Mulayampoondi (R.V) Karuppanvalasu ( P) Ward 2, Ellapalayam",Indirani.T,,283,765,36.99,True
275,"P U E School, Vanjivalasu 638106,South Facing Building","Mulanur (TP)Ward 4 Vanchivalasu; Mulanur (TP)Ward 4 Mettupatti; Mulanur (TP) Ward 4 Ganesan Puthur; Mulanur (TP) Ward 4 Sunnambukattu Valasu; Mulanur (TP) Ward 3 A.P.S. Nagar (Nadu Pathi); Mulanur (TP) Ward 2, E.B.Colony; Mulanur (TP)Ward 2, Udayampalayam; Mulayampoondi (R.V) Karuppanvalasu ( P) Ward 2, Ellapalayam",Sathyabama.P,,283,765,36.99,True
275,"P U E School, Vanjivalasu 638106,South Facing Building","Mulanur (TP)Ward 4 Vanchivalasu; Mulanur (TP)Ward 4 Mettupatti; Mulanur (TP) Ward 4 Ganesan Puthur; Mulanur (TP) Ward 4 Sunnambukattu Valasu; Mulanur (TP) Ward 3 A.P.S. Nagar (Nadu Pathi); Mulanur (TP) Ward 2, E.B.Colony; Mulanur (TP)Ward 2, Udayampalayam; Mulayampoondi (R.V) Karuppanvalasu ( P) Ward 2, Ellapalayam",Dhivya,,36,765,4.71,False
275,"P U E School, Vanjivalasu 638106,South Facing Building","Mulanur (TP)Ward 4 Vanchivalasu; Mulanur (TP)Ward 4 Mettupatti; Mulanur (TP) Ward 4 Ganesan Puthur; Mulanur (TP) Ward 4 Sunnambukattu Valasu; Mulanur (TP) Ward 3 A.P.S. Nagar (Nadu Pathi); Mulanur (TP) Ward 2, E.B.Colony; Mulanur (TP)Ward 2, Udayampalayam; Mulayampoondi (R.V) Karuppanvalasu ( P) Ward 2, Ellapalayam",Gowri Chitra,,147,765,19.22,False
275,"P U E School, Vanjivalasu 638106,South Facing Building","Mulanur (TP)Ward 4 Vanchivalasu; Mulanur (TP)Ward 4 Mettupatti; Mulanur (TP) Ward 4 Ganesan Puthur; Mulanur (TP) Ward 4 Sunnambukattu Valasu; Mulanur (TP) Ward 3 A.P.S. Nagar (Nadu Pathi); Mulanur (TP) Ward 2, E.B.Colony; Mulanur (TP)Ward 2, Udayampalayam; Mulayampoondi (R.V) Karuppanvalasu ( P) Ward 2, Ellapalayam",Ananthi.S,,2,765,0.26,False
275,"P U E School, Vanjivalasu 638106,South Facing Building","Mulanur (TP)Ward 4 Vanchivalasu; Mulanur (TP)Ward 4 Mettupatti; Mulanur (TP) Ward 4 Ganesan Puthur; Mulanur (TP) Ward 4 Sunnambukattu Valasu; Mulanur (TP) Ward 3 A.P.S. Nagar (Nadu Pathi); Mulanur (TP) Ward 2, E.B.Colony; Mulanur (TP)Ward 2, Udayampalayam; Mulayampoondi (R.V) Karuppanvalasu ( P) Ward 2, Ellapalayam",Indhirani.C,,0,765,0.0,False
275,"P U E School, Vanjivalasu 638106,South Facing Building","Mulanur (TP)Ward 4 Vanchivalasu; Mulanur (TP)Ward 4 Mettupatti; Mulanur (TP) Ward 4 Ganesan Puthur; Mulanur (TP) Ward 4 Sunnambukattu Valasu; Mulanur (TP) Ward 3 A.P.S. Nagar (Nadu Pathi); Mulanur (TP) Ward 2, E.B.Colony; Mulanur (TP)Ward 2, Udayampalayam; Mulayampoondi (R.V) Karuppanvalasu ( P) Ward 2, Ellapalayam",Gowri.P,,1,765,0.13,False
275,"P U E School, Vanjivalasu 638106,South Facing Building","Mulanur (TP)Ward 4 Vanchivalasu; Mulanur (TP)Ward 4 Mettupatti; Mulanur (TP) Ward 4 Ganesan Puthur; Mulanur (TP) Ward 4 Sunnambukattu Valasu; Mulanur (TP) Ward 3 A.P.S. Nagar (Nadu Pathi); Mulanur (TP) Ward 2, E.B.Colony; Mulanur (TP)Ward 2, Udayampalayam; Mulayampoondi (R.V) Karuppanvalasu ( P) Ward 2, Ellapalayam",Mohanraj.M,,1,765,0.13,False
275,"P U E School, Vanjivalasu 638106,South Facing Building","Mulanur (TP)Ward 4 Vanchivalasu; Mulanur (TP)Ward 4 Mettupatti; Mulanur (TP) Ward 4 Ganesan Puthur; Mulanur (TP) Ward 4 Sunnambukattu Valasu; Mulanur (TP) Ward 3 A.P.S. Nagar (Nadu Pathi); Mulanur (TP) Ward 2, E.B.Colony; Mulanur (TP)Ward 2, Udayampalayam; Mulayampoondi (R.V) Karuppanvalasu ( P) Ward 2, Ellapalayam",Rohini.S,,5,765,0.65,False
275,"P U E School, Vanjivalasu 638106,South Facing Building","Mulanur (TP)Ward 4 Vanchivalasu; Mulanur (TP)Ward 4 Mettupatti; Mulanur (TP) Ward 4 Ganesan Puthur; Mulanur (TP) Ward 4 Sunnambukattu Valasu; Mulanur (TP) Ward 3 A.P.S. Nagar (Nadu Pathi); Mulanur (TP) Ward 2, E.B.Colony; Mulanur (TP)Ward 2, Udayampalayam; Mulayampoondi (R.V) Karuppanvalasu ( P) Ward 2, Ellapalayam",NOTA,NOTA,7,765,0.92,False
276,"P U M School, Karuppanvalasu 638111,North Facing Building West Harijan Natham All Voters Side Manuvakttuputhur,Karukkampalayamputhur","Mulayampoondi (R.V) KaruppanValasu (P) Ward 2, Palanigounden Valasu; Mulayampoondi (R.V) KaruppanValasu (P) Ward 3,; Mulayampoondi (R.V) KaruppanValasu (P) Ward 3, Karaivalasu Harijananatham; Mulayampoondi (R.V) KaruppanValasu (P) Ward 2, Nallasellipalayam",Indirani.T,,201,561,35.83,False
276,"P U M School, Karuppanvalasu 638111,North Facing Building West Harijan Natham All Voters Side Manuvakttuputhur,Karukkampalayamputhur","Mulayampoondi (R.V) KaruppanValasu (P) Ward 2, Palanigounden Valasu; Mulayampoondi (R.V) KaruppanValasu (P) Ward 3,; Mulayampoondi (R.V) KaruppanValasu (P) Ward 3, Karaivalasu Harijananatham; Mulayampoondi (R.V) KaruppanValasu (P) Ward 2, Nallasellipalayam",Sathyabama.P,,255,561,45.45,True
276,"P U M School, Karuppanvalasu 638111,North Facing Building West Harijan Natham All Voters Side Manuvakttuputhur,Karukkampalayamputhur","Mulayampoondi (R.V) KaruppanValasu (P) Ward 2, Palanigounden Valasu; Mulayampoondi (R.V) KaruppanValasu (P) Ward 3,; Mulayampoondi (R.V) KaruppanValasu (P) Ward 3, Karaivalasu Harijananatham; Mulayampoondi (R.V) KaruppanValasu (P) Ward 2, Nallasellipalayam",Dhivya,,9,561,1.6,False
276,"P U M School, Karuppanvalasu 638111,North Facing Building West Harijan Natham All Voters Side Manuvakttuputhur,Karukkampalayamputhur","Mulayampoondi (R.V) KaruppanValasu (P) Ward 2, Palanigounden Valasu; Mulayampoondi (R.V) KaruppanValasu (P) Ward 3,; Mulayampoondi (R.V) KaruppanValasu (P) Ward 3, Karaivalasu Harijananatham; Mulayampoondi (R.V) KaruppanValasu (P) Ward 2, Nallasellipalayam",Gowri Chitra,,94,561,16.76,False
276,"P U M School, Karuppanvalasu 638111,North Facing Building West Harijan Natham All Voters Side Manuvakttuputhur,Karukkampalayamputhur","Mulayampoondi (R.V) KaruppanValasu (P) Ward 2, Palanigounden Valasu; Mulayampoondi (R.V) KaruppanValasu (P) Ward 3,; Mulayampoondi (R.V) KaruppanValasu (P) Ward 3, Karaivalasu Harijananatham; Mulayampoondi (R.V) KaruppanValasu (P) Ward 2, Nallasellipalayam",Ananthi.S,,0,561,0.0,False
276,"P U M School, Karuppanvalasu 638111,North Facing Building West Harijan Natham All Voters Side Manuvakttuputhur,Karukkampalayamputhur","Mulayampoondi (R.V) KaruppanValasu (P) Ward 2, Palanigounden Valasu; Mulayampoondi (R.V) KaruppanValasu (P) Ward 3,; Mulayampoondi (R.V) KaruppanValasu (P) Ward 3, Karaivalasu Harijananatham; Mulayampoondi (R.V) KaruppanValasu (P) Ward 2, Nallasellipalayam",Indhirani.C,,0,561,0.0,False
276,"P U M School, Karuppanvalasu 638111,North Facing Building West Harijan Natham All Voters Side Manuvakttuputhur,Karukkampalayamputhur","Mulayampoondi (R.V) KaruppanValasu (P) Ward 2, Palanigounden Valasu; Mulayampoondi (R.V) KaruppanValasu (P) Ward 3,; Mulayampoondi (R.V) KaruppanValasu (P) Ward 3, Karaivalasu Harijananatham; Mulayampoondi (R.V) KaruppanValasu (P) Ward 2, Nallasellipalayam",Gowri.P,,1,561,0.18,False
276,"P U M School, Karuppanvalasu 638111,North Facing Building West Harijan Natham All Voters Side Manuvakttuputhur,Karukkampalayamputhur","Mulayampoondi (R.V) KaruppanValasu (P) Ward 2, Palanigounden Valasu; Mulayampoondi (R.V) KaruppanValasu (P) Ward 3,; Mulayampoondi (R.V) KaruppanValasu (P) Ward 3, Karaivalasu Harijananatham; Mulayampoondi (R.V) KaruppanValasu (P) Ward 2, Nallasellipalayam",Mohanraj.M,,0,561,0.0,False
276,"P U M School, Karuppanvalasu 638111,North Facing Building West Harijan Natham All Voters Side Manuvakttuputhur,Karukkampalayamputhur","Mulayampoondi (R.V) KaruppanValasu (P) Ward 2, Palanigounden Valasu; Mulayampoondi (R.V) KaruppanValasu (P) Ward 3,; Mulayampoondi (R.V) KaruppanValasu (P) Ward 3, Karaivalasu Harijananatham; Mulayampoondi (R.V) KaruppanValasu (P) Ward 2, Nallasellipalayam",Rohini.S,,0,561,0.0,False
276,"P U M School, Karuppanvalasu 638111,North Facing Building West Harijan Natham All Voters Side Manuvakttuputhur,Karukkampalayamputhur","Mulayampoondi (R.V) KaruppanValasu (P) Ward 2, Palanigounden Valasu; Mulayampoondi (R.V) KaruppanValasu (P) Ward 3,; Mulayampoondi (R.V) KaruppanValasu (P) Ward 3, Karaivalasu Harijananatham; Mulayampoondi (R.V) KaruppanValasu (P) Ward 2, Nallasellipalayam",NOTA,NOTA,1,561,0.18,False
277,"P U M School, Karuppanvalasu 638111,North Facing Building East side Puthur,KaruppanValasu","Mulayampoondi (R.V) KaruppanValasu (P) Ward 2, KovilmettuPuthur; Mulayampoondi (R.V) KaruppanValasu (P) Ward 2, PalaniGounden Valasu; Mulayampoondi (R.V) KaruppanValasu (P) Ward 2, Karuppagounden; Mulayampoondi (R.V) KaruppanValasu (P) Ward 3, Pattathipalayam",Indirani.T,,197,556,35.43,False
277,"P U M School, Karuppanvalasu 638111,North Facing Building East side Puthur,KaruppanValasu","Mulayampoondi (R.V) KaruppanValasu (P) Ward 2, KovilmettuPuthur; Mulayampoondi (R.V) KaruppanValasu (P) Ward 2, PalaniGounden Valasu; Mulayampoondi (R.V) KaruppanValasu (P) Ward 2, Karuppagounden; Mulayampoondi (R.V) KaruppanValasu (P) Ward 3, Pattathipalayam",Sathyabama.P,,259,556,46.58,True
277,"P U M School, Karuppanvalasu 638111,North Facing Building East side Puthur,KaruppanValasu","Mulayampoondi (R.V) KaruppanValasu (P) Ward 2, KovilmettuPuthur; Mulayampoondi (R.V) KaruppanValasu (P) Ward 2, PalaniGounden Valasu; Mulayampoondi (R.V) KaruppanValasu (P) Ward 2, Karuppagounden; Mulayampoondi (R.V) KaruppanValasu (P) Ward 3, Pattathipalayam",Dhivya,,13,556,2.34,False
277,"P U M School, Karuppanvalasu 638111,North Facing Building East side Puthur,KaruppanValasu","Mulayampoondi (R.V) KaruppanValasu (P) Ward 2, KovilmettuPuthur; Mulayampoondi (R.V) KaruppanValasu (P) Ward 2, PalaniGounden Valasu; Mulayampoondi (R.V) KaruppanValasu (P) Ward 2, Karuppagounden; Mulayampoondi (R.V) KaruppanValasu (P) Ward 3, Pattathipalayam",Gowri Chitra,,84,556,15.11,False
277,"P U M School, Karuppanvalasu 638111,North Facing Building East side Puthur,KaruppanValasu","Mulayampoondi (R.V) KaruppanValasu (P) Ward 2, KovilmettuPuthur; Mulayampoondi (R.V) KaruppanValasu (P) Ward 2, PalaniGounden Valasu; Mulayampoondi (R.V) KaruppanValasu (P) Ward 2, Karuppagounden; Mulayampoondi (R.V) KaruppanValasu (P) Ward 3, Pattathipalayam",Ananthi.S,,0,556,0.0,False
277,"P U M School, Karuppanvalasu 638111,North Facing Building East side Puthur,KaruppanValasu","Mulayampoondi (R.V) KaruppanValasu (P) Ward 2, KovilmettuPuthur; Mulayampoondi (R.V) KaruppanValasu (P) Ward 2, PalaniGounden Valasu; Mulayampoondi (R.V) KaruppanValasu (P) Ward 2, Karuppagounden; Mulayampoondi (R.V) KaruppanValasu (P) Ward 3, Pattathipalayam",Indhirani.C,,0,556,0.0,False
277,"P U M School, Karuppanvalasu 638111,North Facing Building East side Puthur,KaruppanValasu","Mulayampoondi (R.V) KaruppanValasu (P) Ward 2, KovilmettuPuthur; Mulayampoondi (R.V) KaruppanValasu (P) Ward 2, PalaniGounden Valasu; Mulayampoondi (R.V) KaruppanValasu (P) Ward 2, Karuppagounden; Mulayampoondi (R.V) KaruppanValasu (P) Ward 3, Pattathipalayam",Gowri.P,,0,556,0.0,False
277,"P U M School, Karuppanvalasu 638111,North Facing Building East side Puthur,KaruppanValasu","Mulayampoondi (R.V) KaruppanValasu (P) Ward 2, KovilmettuPuthur; Mulayampoondi (R.V) KaruppanValasu (P) Ward 2, PalaniGounden Valasu; Mulayampoondi (R.V) KaruppanValasu (P) Ward 2, Karuppagounden; Mulayampoondi (R.V) KaruppanValasu (P) Ward 3, Pattathipalayam",Mohanraj.M,,0,556,0.0,False
277,"P U M School, Karuppanvalasu 638111,North Facing Building East side Puthur,KaruppanValasu","Mulayampoondi (R.V) KaruppanValasu (P) Ward 2, KovilmettuPuthur; Mulayampoondi (R.V) KaruppanValasu (P) Ward 2, PalaniGounden Valasu; Mulayampoondi (R.V) KaruppanValasu (P) Ward 2, Karuppagounden; Mulayampoondi (R.V) KaruppanValasu (P) Ward 3, Pattathipalayam",Rohini.S,,2,556,0.36,False
277,"P U M School, Karuppanvalasu 638111,North Facing Building East side Puthur,KaruppanValasu","Mulayampoondi (R.V) KaruppanValasu (P) Ward 2, KovilmettuPuthur; Mulayampoondi (R.V) KaruppanValasu (P) Ward 2, PalaniGounden Valasu; Mulayampoondi (R.V) KaruppanValasu (P) Ward 2, Karuppagounden; Mulayampoondi (R.V) KaruppanValasu (P) Ward 3, Pattathipalayam",NOTA,NOTA,1,556,0.18,False
278,"P U E School Mulaiyampoondi 638111,East Facing Terraced Building Northern Side","Mulayampoondi (R.V) KaruppanValasu (P) Ward 1, Kuppampalayam; Mulayampoondi (R.V) KaruppanValasu (P) Ward 2, NorthValasu Harijana Natam; Mulayampoondi (R.V) KaruppanValasu (P) Ward 3, SaravanaGounden Valasu",Indirani.T,,188,548,34.31,False
278,"P U E School Mulaiyampoondi 638111,East Facing Terraced Building Northern Side","Mulayampoondi (R.V) KaruppanValasu (P) Ward 1, Kuppampalayam; Mulayampoondi (R.V) KaruppanValasu (P) Ward 2, NorthValasu Harijana Natam; Mulayampoondi (R.V) KaruppanValasu (P) Ward 3, SaravanaGounden Valasu",Sathyabama.P,,220,548,40.15,True
278,"P U E School Mulaiyampoondi 638111,East Facing Terraced Building Northern Side","Mulayampoondi (R.V) KaruppanValasu (P) Ward 1, Kuppampalayam; Mulayampoondi (R.V) KaruppanValasu (P) Ward 2, NorthValasu Harijana Natam; Mulayampoondi (R.V) KaruppanValasu (P) Ward 3, SaravanaGounden Valasu",Dhivya,,8,548,1.46,False
278,"P U E School Mulaiyampoondi 638111,East Facing Terraced Building Northern Side","Mulayampoondi (R.V) KaruppanValasu (P) Ward 1, Kuppampalayam; Mulayampoondi (R.V) KaruppanValasu (P) Ward 2, NorthValasu Harijana Natam; Mulayampoondi (R.V) KaruppanValasu (P) Ward 3, SaravanaGounden Valasu",Gowri Chitra,,132,548,24.09,False
278,"P U E School Mulaiyampoondi 638111,East Facing Terraced Building Northern Side","Mulayampoondi (R.V) KaruppanValasu (P) Ward 1, Kuppampalayam; Mulayampoondi (R.V) KaruppanValasu (P) Ward 2, NorthValasu Harijana Natam; Mulayampoondi (R.V) KaruppanValasu (P) Ward 3, SaravanaGounden Valasu",Ananthi.S,,0,548,0.0,False
278,"P U E School Mulaiyampoondi 638111,East Facing Terraced Building Northern Side","Mulayampoondi (R.V) KaruppanValasu (P) Ward 1, Kuppampalayam; Mulayampoondi (R.V) KaruppanValasu (P) Ward 2, NorthValasu Harijana Natam; Mulayampoondi (R.V) KaruppanValasu (P) Ward 3, SaravanaGounden Valasu",Indhirani.C,,0,548,0.0,False
278,"P U E School Mulaiyampoondi 638111,East Facing Terraced Building Northern Side","Mulayampoondi (R.V) KaruppanValasu (P) Ward 1, Kuppampalayam; Mulayampoondi (R.V) KaruppanValasu (P) Ward 2, NorthValasu Harijana Natam; Mulayampoondi (R.V) KaruppanValasu (P) Ward 3, SaravanaGounden Valasu",Gowri.P,,0,548,0.0,False
278,"P U E School Mulaiyampoondi 638111,East Facing Terraced Building Northern Side","Mulayampoondi (R.V) KaruppanValasu (P) Ward 1, Kuppampalayam; Mulayampoondi (R.V) KaruppanValasu (P) Ward 2, NorthValasu Harijana Natam; Mulayampoondi (R.V) KaruppanValasu (P) Ward 3, SaravanaGounden Valasu",Mohanraj.M,,0,548,0.0,False
278,"P U E School Mulaiyampoondi 638111,East Facing Terraced Building Northern Side","Mulayampoondi (R.V) KaruppanValasu (P) Ward 1, Kuppampalayam; Mulayampoondi (R.V) KaruppanValasu (P) Ward 2, NorthValasu Harijana Natam; Mulayampoondi (R.V) KaruppanValasu (P) Ward 3, SaravanaGounden Valasu",Rohini.S,,0,548,0.0,False
278,"P U E School Mulaiyampoondi 638111,East Facing Terraced Building Northern Side","Mulayampoondi (R.V) KaruppanValasu (P) Ward 1, Kuppampalayam; Mulayampoondi (R.V) KaruppanValasu (P) Ward 2, NorthValasu Harijana Natam; Mulayampoondi (R.V) KaruppanValasu (P) Ward 3, SaravanaGounden Valasu",NOTA,NOTA,0,548,0.0,False
279,"P U E School Mulaiyampoondi 638111,East Facing Terraced Building Southern Side","Mulayampoondi (R.V) KaruppanValasu (P) Ward 1, Kumarapalayam; Mulayampoondi (R.V) KaruppanValasu (P) Ward 1, MulaiyamPoondi",Indirani.T,,248,594,41.75,True
279,"P U E School Mulaiyampoondi 638111,East Facing Terraced Building Southern Side","Mulayampoondi (R.V) KaruppanValasu (P) Ward 1, Kumarapalayam; Mulayampoondi (R.V) KaruppanValasu (P) Ward 1, MulaiyamPoondi",Sathyabama.P,,244,594,41.08,False
279,"P U E School Mulaiyampoondi 638111,East Facing Terraced Building Southern Side","Mulayampoondi (R.V) KaruppanValasu (P) Ward 1, Kumarapalayam; Mulayampoondi (R.V) KaruppanValasu (P) Ward 1, MulaiyamPoondi",Dhivya,,15,594,2.53,False
279,"P U E School Mulaiyampoondi 638111,East Facing Terraced Building Southern Side","Mulayampoondi (R.V) KaruppanValasu (P) Ward 1, Kumarapalayam; Mulayampoondi (R.V) KaruppanValasu (P) Ward 1, MulaiyamPoondi",Gowri Chitra,,81,594,13.64,False
279,"P U E School Mulaiyampoondi 638111,East Facing Terraced Building Southern Side","Mulayampoondi (R.V) KaruppanValasu (P) Ward 1, Kumarapalayam; Mulayampoondi (R.V) KaruppanValasu (P) Ward 1, MulaiyamPoondi",Ananthi.S,,0,594,0.0,False
279,"P U E School Mulaiyampoondi 638111,East Facing Terraced Building Southern Side","Mulayampoondi (R.V) KaruppanValasu (P) Ward 1, Kumarapalayam; Mulayampoondi (R.V) KaruppanValasu (P) Ward 1, MulaiyamPoondi",Indhirani.C,,0,594,0.0,False
279,"P U E School Mulaiyampoondi 638111,East Facing Terraced Building Southern Side","Mulayampoondi (R.V) KaruppanValasu (P) Ward 1, Kumarapalayam; Mulayampoondi (R.V) KaruppanValasu (P) Ward 1, MulaiyamPoondi",Gowri.P,,2,594,0.34,False
279,"P U E School Mulaiyampoondi 638111,East Facing Terraced Building Southern Side","Mulayampoondi (R.V) KaruppanValasu (P) Ward 1, Kumarapalayam; Mulayampoondi (R.V) KaruppanValasu (P) Ward 1, MulaiyamPoondi",Mohanraj.M,,0,594,0.0,False
279,"P U E School Mulaiyampoondi 638111,East Facing Terraced Building Southern Side","Mulayampoondi (R.V) KaruppanValasu (P) Ward 1, Kumarapalayam; Mulayampoondi (R.V) KaruppanValasu (P) Ward 1, MulaiyamPoondi",Rohini.S,,1,594,0.17,False
279,"P U E School Mulaiyampoondi 638111,East Facing Terraced Building Southern Side","Mulayampoondi (R.V) KaruppanValasu (P) Ward 1, Kumarapalayam; Mulayampoondi (R.V) KaruppanValasu (P) Ward 1, MulaiyamPoondi",NOTA,NOTA,3,594,0.51,False
280,"P.U Ele.School, Puduppai,Building facing North (West Building)","Puduppai (R.V) and (P) Ward 3, Karuvelankattu puthur KadaiStreet; Puduppai(R.V) and (P) Ward 3, Naickenputhur; Puduppai (R.V) and(P) Ward 3, Kombai MettuPuthur; Puduppai (R.V) and (P) Ward 1, Kasthuripalayam",Indirani.T,,151,525,28.76,False
280,"P.U Ele.School, Puduppai,Building facing North (West Building)","Puduppai (R.V) and (P) Ward 3, Karuvelankattu puthur KadaiStreet; Puduppai(R.V) and (P) Ward 3, Naickenputhur; Puduppai (R.V) and(P) Ward 3, Kombai MettuPuthur; Puduppai (R.V) and (P) Ward 1, Kasthuripalayam",Sathyabama.P,,264,525,50.29,True
280,"P.U Ele.School, Puduppai,Building facing North (West Building)","Puduppai (R.V) and (P) Ward 3, Karuvelankattu puthur KadaiStreet; Puduppai(R.V) and (P) Ward 3, Naickenputhur; Puduppai (R.V) and(P) Ward 3, Kombai MettuPuthur; Puduppai (R.V) and (P) Ward 1, Kasthuripalayam",Dhivya,,11,525,2.1,False
280,"P.U Ele.School, Puduppai,Building facing North (West Building)","Puduppai (R.V) and (P) Ward 3, Karuvelankattu puthur KadaiStreet; Puduppai(R.V) and (P) Ward 3, Naickenputhur; Puduppai (R.V) and(P) Ward 3, Kombai MettuPuthur; Puduppai (R.V) and (P) Ward 1, Kasthuripalayam",Gowri Chitra,,95,525,18.1,False
280,"P.U Ele.School, Puduppai,Building facing North (West Building)","Puduppai (R.V) and (P) Ward 3, Karuvelankattu puthur KadaiStreet; Puduppai(R.V) and (P) Ward 3, Naickenputhur; Puduppai (R.V) and(P) Ward 3, Kombai MettuPuthur; Puduppai (R.V) and (P) Ward 1, Kasthuripalayam",Ananthi.S,,0,525,0.0,False
280,"P.U Ele.School, Puduppai,Building facing North (West Building)","Puduppai (R.V) and (P) Ward 3, Karuvelankattu puthur KadaiStreet; Puduppai(R.V) and (P) Ward 3, Naickenputhur; Puduppai (R.V) and(P) Ward 3, Kombai MettuPuthur; Puduppai (R.V) and (P) Ward 1, Kasthuripalayam",Indhirani.C,,0,525,0.0,False
280,"P.U Ele.School, Puduppai,Building facing North (West Building)","Puduppai (R.V) and (P) Ward 3, Karuvelankattu puthur KadaiStreet; Puduppai(R.V) and (P) Ward 3, Naickenputhur; Puduppai (R.V) and(P) Ward 3, Kombai MettuPuthur; Puduppai (R.V) and (P) Ward 1, Kasthuripalayam",Gowri.P,,0,525,0.0,False
280,"P.U Ele.School, Puduppai,Building facing North (West Building)","Puduppai (R.V) and (P) Ward 3, Karuvelankattu puthur KadaiStreet; Puduppai(R.V) and (P) Ward 3, Naickenputhur; Puduppai (R.V) and(P) Ward 3, Kombai MettuPuthur; Puduppai (R.V) and (P) Ward 1, Kasthuripalayam",Mohanraj.M,,0,525,0.0,False
280,"P.U Ele.School, Puduppai,Building facing North (West Building)","Puduppai (R.V) and (P) Ward 3, Karuvelankattu puthur KadaiStreet; Puduppai(R.V) and (P) Ward 3, Naickenputhur; Puduppai (R.V) and(P) Ward 3, Kombai MettuPuthur; Puduppai (R.V) and (P) Ward 1, Kasthuripalayam",Rohini.S,,0,525,0.0,False
280,"P.U Ele.School, Puduppai,Building facing North (West Building)","Puduppai (R.V) and (P) Ward 3, Karuvelankattu puthur KadaiStreet; Puduppai(R.V) and (P) Ward 3, Naickenputhur; Puduppai (R.V) and(P) Ward 3, Kombai MettuPuthur; Puduppai (R.V) and (P) Ward 1, Kasthuripalayam",NOTA,NOTA,4,525,0.76,False
281,"P.U.E.School, Puduppai,Building facing North (East Building)","Puduppai (R.V) and (P) Ward 3, Lingamnaickenpalayam; Puduppai (R.V) and (P) Ward 3, Thangamedu; Puduppai (R.V) and (P) Ward 3, Senthalaiampalayam",Indirani.T,,184,663,27.75,False
281,"P.U.E.School, Puduppai,Building facing North (East Building)","Puduppai (R.V) and (P) Ward 3, Lingamnaickenpalayam; Puduppai (R.V) and (P) Ward 3, Thangamedu; Puduppai (R.V) and (P) Ward 3, Senthalaiampalayam",Sathyabama.P,,239,663,36.05,True
281,"P.U.E.School, Puduppai,Building facing North (East Building)","Puduppai (R.V) and (P) Ward 3, Lingamnaickenpalayam; Puduppai (R.V) and (P) Ward 3, Thangamedu; Puduppai (R.V) and (P) Ward 3, Senthalaiampalayam",Dhivya,,32,663,4.83,False
281,"P.U.E.School, Puduppai,Building facing North (East Building)","Puduppai (R.V) and (P) Ward 3, Lingamnaickenpalayam; Puduppai (R.V) and (P) Ward 3, Thangamedu; Puduppai (R.V) and (P) Ward 3, Senthalaiampalayam",Gowri Chitra,,199,663,30.02,False
281,"P.U.E.School, Puduppai,Building facing North (East Building)","Puduppai (R.V) and (P) Ward 3, Lingamnaickenpalayam; Puduppai (R.V) and (P) Ward 3, Thangamedu; Puduppai (R.V) and (P) Ward 3, Senthalaiampalayam",Ananthi.S,,3,663,0.45,False
281,"P.U.E.School, Puduppai,Building facing North (East Building)","Puduppai (R.V) and (P) Ward 3, Lingamnaickenpalayam; Puduppai (R.V) and (P) Ward 3, Thangamedu; Puduppai (R.V) and (P) Ward 3, Senthalaiampalayam",Indhirani.C,,1,663,0.15,False
281,"P.U.E.School, Puduppai,Building facing North (East Building)","Puduppai (R.V) and (P) Ward 3, Lingamnaickenpalayam; Puduppai (R.V) and (P) Ward 3, Thangamedu; Puduppai (R.V) and (P) Ward 3, Senthalaiampalayam",Gowri.P,,1,663,0.15,False
281,"P.U.E.School, Puduppai,Building facing North (East Building)","Puduppai (R.V) and (P) Ward 3, Lingamnaickenpalayam; Puduppai (R.V) and (P) Ward 3, Thangamedu; Puduppai (R.V) and (P) Ward 3, Senthalaiampalayam",Mohanraj.M,,1,663,0.15,False
281,"P.U.E.School, Puduppai,Building facing North (East Building)","Puduppai (R.V) and (P) Ward 3, Lingamnaickenpalayam; Puduppai (R.V) and (P) Ward 3, Thangamedu; Puduppai (R.V) and (P) Ward 3, Senthalaiampalayam",Rohini.S,,1,663,0.15,False
281,"P.U.E.School, Puduppai,Building facing North (East Building)","Puduppai (R.V) and (P) Ward 3, Lingamnaickenpalayam; Puduppai (R.V) and (P) Ward 3, Thangamedu; Puduppai (R.V) and (P) Ward 3, Senthalaiampalayam",NOTA,NOTA,2,663,0.3,False
282,"P.U.E.School, Puduppai,Building facing West","Puduppai(R.V) and (P) Ward 3, Ganesan Puthur; Puduppai (R.V) and (P) Ward 2, Pudhuppai",Indirani.T,,164,535,30.65,False
282,"P.U.E.School, Puduppai,Building facing West","Puduppai(R.V) and (P) Ward 3, Ganesan Puthur; Puduppai (R.V) and (P) Ward 2, Pudhuppai",Sathyabama.P,,243,535,45.42,True
282,"P.U.E.School, Puduppai,Building facing West","Puduppai(R.V) and (P) Ward 3, Ganesan Puthur; Puduppai (R.V) and (P) Ward 2, Pudhuppai",Dhivya,,7,535,1.31,False
282,"P.U.E.School, Puduppai,Building facing West","Puduppai(R.V) and (P) Ward 3, Ganesan Puthur; Puduppai (R.V) and (P) Ward 2, Pudhuppai",Gowri Chitra,,119,535,22.24,False
282,"P.U.E.School, Puduppai,Building facing West","Puduppai(R.V) and (P) Ward 3, Ganesan Puthur; Puduppai (R.V) and (P) Ward 2, Pudhuppai",Ananthi.S,,0,535,0.0,False
282,"P.U.E.School, Puduppai,Building facing West","Puduppai(R.V) and (P) Ward 3, Ganesan Puthur; Puduppai (R.V) and (P) Ward 2, Pudhuppai",Indhirani.C,,0,535,0.0,False
282,"P.U.E.School, Puduppai,Building facing West","Puduppai(R.V) and (P) Ward 3, Ganesan Puthur; Puduppai (R.V) and (P) Ward 2, Pudhuppai",Gowri.P,,0,535,0.0,False
282,"P.U.E.School, Puduppai,Building facing West","Puduppai(R.V) and (P) Ward 3, Ganesan Puthur; Puduppai (R.V) and (P) Ward 2, Pudhuppai",Mohanraj.M,,1,535,0.19,False
282,"P.U.E.School, Puduppai,Building facing West","Puduppai(R.V) and (P) Ward 3, Ganesan Puthur; Puduppai (R.V) and (P) Ward 2, Pudhuppai",Rohini.S,,0,535,0.0,False
282,"P.U.E.School, Puduppai,Building facing West","Puduppai(R.V) and (P) Ward 3, Ganesan Puthur; Puduppai (R.V) and (P) Ward 2, Pudhuppai",NOTA,NOTA,1,535,0.19,False
283,"Panchayat Union Elementary school, Nattarmangalam, East facing Building (South side)","Thattaravalasu (R.V) and (P) Ward 1, Puliampatti; Thattaravalasu (R.V) and (P) Ward 2, Thattaravalasu,Rakkiyavalasu,Paraivalasu",Indirani.T,,120,526,22.81,False
283,"Panchayat Union Elementary school, Nattarmangalam, East facing Building (South side)","Thattaravalasu (R.V) and (P) Ward 1, Puliampatti; Thattaravalasu (R.V) and (P) Ward 2, Thattaravalasu,Rakkiyavalasu,Paraivalasu",Sathyabama.P,,284,526,53.99,True
283,"Panchayat Union Elementary school, Nattarmangalam, East facing Building (South side)","Thattaravalasu (R.V) and (P) Ward 1, Puliampatti; Thattaravalasu (R.V) and (P) Ward 2, Thattaravalasu,Rakkiyavalasu,Paraivalasu",Dhivya,,14,526,2.66,False
283,"Panchayat Union Elementary school, Nattarmangalam, East facing Building (South side)","Thattaravalasu (R.V) and (P) Ward 1, Puliampatti; Thattaravalasu (R.V) and (P) Ward 2, Thattaravalasu,Rakkiyavalasu,Paraivalasu",Gowri Chitra,,103,526,19.58,False
283,"Panchayat Union Elementary school, Nattarmangalam, East facing Building (South side)","Thattaravalasu (R.V) and (P) Ward 1, Puliampatti; Thattaravalasu (R.V) and (P) Ward 2, Thattaravalasu,Rakkiyavalasu,Paraivalasu",Ananthi.S,,0,526,0.0,False
283,"Panchayat Union Elementary school, Nattarmangalam, East facing Building (South side)","Thattaravalasu (R.V) and (P) Ward 1, Puliampatti; Thattaravalasu (R.V) and (P) Ward 2, Thattaravalasu,Rakkiyavalasu,Paraivalasu",Indhirani.C,,0,526,0.0,False
283,"Panchayat Union Elementary school, Nattarmangalam, East facing Building (South side)","Thattaravalasu (R.V) and (P) Ward 1, Puliampatti; Thattaravalasu (R.V) and (P) Ward 2, Thattaravalasu,Rakkiyavalasu,Paraivalasu",Gowri.P,,1,526,0.19,False
283,"Panchayat Union Elementary school, Nattarmangalam, East facing Building (South side)","Thattaravalasu (R.V) and (P) Ward 1, Puliampatti; Thattaravalasu (R.V) and (P) Ward 2, Thattaravalasu,Rakkiyavalasu,Paraivalasu",Mohanraj.M,,1,526,0.19,False
283,"Panchayat Union Elementary school, Nattarmangalam, East facing Building (South side)","Thattaravalasu (R.V) and (P) Ward 1, Puliampatti; Thattaravalasu (R.V) and (P) Ward 2, Thattaravalasu,Rakkiyavalasu,Paraivalasu",Rohini.S,,1,526,0.19,False
283,"Panchayat Union Elementary school, Nattarmangalam, East facing Building (South side)","Thattaravalasu (R.V) and (P) Ward 1, Puliampatti; Thattaravalasu (R.V) and (P) Ward 2, Thattaravalasu,Rakkiyavalasu,Paraivalasu",NOTA,NOTA,2,526,0.38,False
284,"Panchayat Union Elementary School, Nattarmangalam, East facing Building (North side)","Thattaravalasu (R.V) and (P) Ward 3, Nattarmanagalam NorthPart; Thattaravalasu (R.V) and (P) Ward 3, Utthama Gounden Valasu; Thattaravalasu (R.V) and (P) Ward 3, Komarayanpalayam; Mulanur(TP) Ward 4 Molagoundenvalasu; Mulanur (TP) Ward 4 Savadi Street (Rackiya Valasu)",Indirani.T,,146,442,33.03,False
284,"Panchayat Union Elementary School, Nattarmangalam, East facing Building (North side)","Thattaravalasu (R.V) and (P) Ward 3, Nattarmanagalam NorthPart; Thattaravalasu (R.V) and (P) Ward 3, Utthama Gounden Valasu; Thattaravalasu (R.V) and (P) Ward 3, Komarayanpalayam; Mulanur(TP) Ward 4 Molagoundenvalasu; Mulanur (TP) Ward 4 Savadi Street (Rackiya Valasu)",Sathyabama.P,,202,442,45.7,True
284,"Panchayat Union Elementary School, Nattarmangalam, East facing Building (North side)","Thattaravalasu (R.V) and (P) Ward 3, Nattarmanagalam NorthPart; Thattaravalasu (R.V) and (P) Ward 3, Utthama Gounden Valasu; Thattaravalasu (R.V) and (P) Ward 3, Komarayanpalayam; Mulanur(TP) Ward 4 Molagoundenvalasu; Mulanur (TP) Ward 4 Savadi Street (Rackiya Valasu)",Dhivya,,25,442,5.66,False
284,"Panchayat Union Elementary School, Nattarmangalam, East facing Building (North side)","Thattaravalasu (R.V) and (P) Ward 3, Nattarmanagalam NorthPart; Thattaravalasu (R.V) and (P) Ward 3, Utthama Gounden Valasu; Thattaravalasu (R.V) and (P) Ward 3, Komarayanpalayam; Mulanur(TP) Ward 4 Molagoundenvalasu; Mulanur (TP) Ward 4 Savadi Street (Rackiya Valasu)",Gowri Chitra,,68,442,15.38,False
284,"Panchayat Union Elementary School, Nattarmangalam, East facing Building (North side)","Thattaravalasu (R.V) and (P) Ward 3, Nattarmanagalam NorthPart; Thattaravalasu (R.V) and (P) Ward 3, Utthama Gounden Valasu; Thattaravalasu (R.V) and (P) Ward 3, Komarayanpalayam; Mulanur(TP) Ward 4 Molagoundenvalasu; Mulanur (TP) Ward 4 Savadi Street (Rackiya Valasu)",Ananthi.S,,1,442,0.23,False
284,"Panchayat Union Elementary School, Nattarmangalam, East facing Building (North side)","Thattaravalasu (R.V) and (P) Ward 3, Nattarmanagalam NorthPart; Thattaravalasu (R.V) and (P) Ward 3, Utthama Gounden Valasu; Thattaravalasu (R.V) and (P) Ward 3, Komarayanpalayam; Mulanur(TP) Ward 4 Molagoundenvalasu; Mulanur (TP) Ward 4 Savadi Street (Rackiya Valasu)",Indhirani.C,,0,442,0.0,False
284,"Panchayat Union Elementary School, Nattarmangalam, East facing Building (North side)","Thattaravalasu (R.V) and (P) Ward 3, Nattarmanagalam NorthPart; Thattaravalasu (R.V) and (P) Ward 3, Utthama Gounden Valasu; Thattaravalasu (R.V) and (P) Ward 3, Komarayanpalayam; Mulanur(TP) Ward 4 Molagoundenvalasu; Mulanur (TP) Ward 4 Savadi Street (Rackiya Valasu)",Gowri.P,,0,442,0.0,False
284,"Panchayat Union Elementary School, Nattarmangalam, East facing Building (North side)","Thattaravalasu (R.V) and (P) Ward 3, Nattarmanagalam NorthPart; Thattaravalasu (R.V) and (P) Ward 3, Utthama Gounden Valasu; Thattaravalasu (R.V) and (P) Ward 3, Komarayanpalayam; Mulanur(TP) Ward 4 Molagoundenvalasu; Mulanur (TP) Ward 4 Savadi Street (Rackiya Valasu)",Mohanraj.M,,0,442,0.0,False
284,"Panchayat Union Elementary School, Nattarmangalam, East facing Building (North side)","Thattaravalasu (R.V) and (P) Ward 3, Nattarmanagalam NorthPart; Thattaravalasu (R.V) and (P) Ward 3, Utthama Gounden Valasu; Thattaravalasu (R.V) and (P) Ward 3, Komarayanpalayam; Mulanur(TP) Ward 4 Molagoundenvalasu; Mulanur (TP) Ward 4 Savadi Street (Rackiya Valasu)",Rohini.S,,0,442,0.0,False
284,"Panchayat Union Elementary School, Nattarmangalam, East facing Building (North side)","Thattaravalasu (R.V) and (P) Ward 3, Nattarmanagalam NorthPart; Thattaravalasu (R.V) and (P) Ward 3, Utthama Gounden Valasu; Thattaravalasu (R.V) and (P) Ward 3, Komarayanpalayam; Mulanur(TP) Ward 4 Molagoundenvalasu; Mulanur (TP) Ward 4 Savadi Street (Rackiya Valasu)",NOTA,NOTA,0,442,0.0,False
285,"Govt.Aided Elementary School, Rakkiavalasu, North facing Building",Mulanur (TP) Ward 4 Engal Pandagasalai (Rakkiya valasu); Mulanur(TP) Ward 4 Harijan Street (Rackiya Valasu); Mulanur (TP) Ward 5 Thalakarai; Mulanur(TP) Ward 5 Kovilputhur,Indirani.T,,146,418,34.93,False
285,"Govt.Aided Elementary School, Rakkiavalasu, North facing Building",Mulanur (TP) Ward 4 Engal Pandagasalai (Rakkiya valasu); Mulanur(TP) Ward 4 Harijan Street (Rackiya Valasu); Mulanur (TP) Ward 5 Thalakarai; Mulanur(TP) Ward 5 Kovilputhur,Sathyabama.P,,185,418,44.26,True
285,"Govt.Aided Elementary School, Rakkiavalasu, North facing Building",Mulanur (TP) Ward 4 Engal Pandagasalai (Rakkiya valasu); Mulanur(TP) Ward 4 Harijan Street (Rackiya Valasu); Mulanur (TP) Ward 5 Thalakarai; Mulanur(TP) Ward 5 Kovilputhur,Dhivya,,16,418,3.83,False
285,"Govt.Aided Elementary School, Rakkiavalasu, North facing Building",Mulanur (TP) Ward 4 Engal Pandagasalai (Rakkiya valasu); Mulanur(TP) Ward 4 Harijan Street (Rackiya Valasu); Mulanur (TP) Ward 5 Thalakarai; Mulanur(TP) Ward 5 Kovilputhur,Gowri Chitra,,64,418,15.31,False
285,"Govt.Aided Elementary School, Rakkiavalasu, North facing Building",Mulanur (TP) Ward 4 Engal Pandagasalai (Rakkiya valasu); Mulanur(TP) Ward 4 Harijan Street (Rackiya Valasu); Mulanur (TP) Ward 5 Thalakarai; Mulanur(TP) Ward 5 Kovilputhur,Ananthi.S,,1,418,0.24,False
285,"Govt.Aided Elementary School, Rakkiavalasu, North facing Building",Mulanur (TP) Ward 4 Engal Pandagasalai (Rakkiya valasu); Mulanur(TP) Ward 4 Harijan Street (Rackiya Valasu); Mulanur (TP) Ward 5 Thalakarai; Mulanur(TP) Ward 5 Kovilputhur,Indhirani.C,,0,418,0.0,False
285,"Govt.Aided Elementary School, Rakkiavalasu, North facing Building",Mulanur (TP) Ward 4 Engal Pandagasalai (Rakkiya valasu); Mulanur(TP) Ward 4 Harijan Street (Rackiya Valasu); Mulanur (TP) Ward 5 Thalakarai; Mulanur(TP) Ward 5 Kovilputhur,Gowri.P,,2,418,0.48,False
285,"Govt.Aided Elementary School, Rakkiavalasu, North facing Building",Mulanur (TP) Ward 4 Engal Pandagasalai (Rakkiya valasu); Mulanur(TP) Ward 4 Harijan Street (Rackiya Valasu); Mulanur (TP) Ward 5 Thalakarai; Mulanur(TP) Ward 5 Kovilputhur,Mohanraj.M,,0,418,0.0,False
285,"Govt.Aided Elementary School, Rakkiavalasu, North facing Building",Mulanur (TP) Ward 4 Engal Pandagasalai (Rakkiya valasu); Mulanur(TP) Ward 4 Harijan Street (Rackiya Valasu); Mulanur (TP) Ward 5 Thalakarai; Mulanur(TP) Ward 5 Kovilputhur,Rohini.S,,2,418,0.48,False
285,"Govt.Aided Elementary School, Rakkiavalasu, North facing Building",Mulanur (TP) Ward 4 Engal Pandagasalai (Rakkiya valasu); Mulanur(TP) Ward 4 Harijan Street (Rackiya Valasu); Mulanur (TP) Ward 5 Thalakarai; Mulanur(TP) Ward 5 Kovilputhur,NOTA,NOTA,2,418,0.48,False
286,"P U M School, Erasinampalayam 638106,Building facing East","Mulanur (TP) Ward 4 Kovilmedu; Erasinampalayam (R.V) and (P) Ward 1, Erasinampalayam north; Erasinampalayam(R.V) and (P) Ward 1, Erasinampalayam South",Indirani.T,,237,773,30.66,False
286,"P U M School, Erasinampalayam 638106,Building facing East","Mulanur (TP) Ward 4 Kovilmedu; Erasinampalayam (R.V) and (P) Ward 1, Erasinampalayam north; Erasinampalayam(R.V) and (P) Ward 1, Erasinampalayam South",Sathyabama.P,,349,773,45.15,True
286,"P U M School, Erasinampalayam 638106,Building facing East","Mulanur (TP) Ward 4 Kovilmedu; Erasinampalayam (R.V) and (P) Ward 1, Erasinampalayam north; Erasinampalayam(R.V) and (P) Ward 1, Erasinampalayam South",Dhivya,,11,773,1.42,False
286,"P U M School, Erasinampalayam 638106,Building facing East","Mulanur (TP) Ward 4 Kovilmedu; Erasinampalayam (R.V) and (P) Ward 1, Erasinampalayam north; Erasinampalayam(R.V) and (P) Ward 1, Erasinampalayam South",Gowri Chitra,,169,773,21.86,False
286,"P U M School, Erasinampalayam 638106,Building facing East","Mulanur (TP) Ward 4 Kovilmedu; Erasinampalayam (R.V) and (P) Ward 1, Erasinampalayam north; Erasinampalayam(R.V) and (P) Ward 1, Erasinampalayam South",Ananthi.S,,0,773,0.0,False
286,"P U M School, Erasinampalayam 638106,Building facing East","Mulanur (TP) Ward 4 Kovilmedu; Erasinampalayam (R.V) and (P) Ward 1, Erasinampalayam north; Erasinampalayam(R.V) and (P) Ward 1, Erasinampalayam South",Indhirani.C,,1,773,0.13,False
286,"P U M School, Erasinampalayam 638106,Building facing East","Mulanur (TP) Ward 4 Kovilmedu; Erasinampalayam (R.V) and (P) Ward 1, Erasinampalayam north; Erasinampalayam(R.V) and (P) Ward 1, Erasinampalayam South",Gowri.P,,0,773,0.0,False
286,"P U M School, Erasinampalayam 638106,Building facing East","Mulanur (TP) Ward 4 Kovilmedu; Erasinampalayam (R.V) and (P) Ward 1, Erasinampalayam north; Erasinampalayam(R.V) and (P) Ward 1, Erasinampalayam South",Mohanraj.M,,1,773,0.13,False
286,"P U M School, Erasinampalayam 638106,Building facing East","Mulanur (TP) Ward 4 Kovilmedu; Erasinampalayam (R.V) and (P) Ward 1, Erasinampalayam north; Erasinampalayam(R.V) and (P) Ward 1, Erasinampalayam South",Rohini.S,,3,773,0.39,False
286,"P U M School, Erasinampalayam 638106,Building facing East","Mulanur (TP) Ward 4 Kovilmedu; Erasinampalayam (R.V) and (P) Ward 1, Erasinampalayam north; Erasinampalayam(R.V) and (P) Ward 1, Erasinampalayam South",NOTA,NOTA,2,773,0.26,False
287,"P.U.M.School, Erasinampalayam,Building facing North","Erasinampalayam (R.V) and (P) Ward 1, Naranavalasu; Erasinampalayam (R.V) and (P) Ward 3, Ellapalayam; Erasinampalayam (R.V) and (P) Ward 1, Mollapalayam",Indirani.T,,204,701,29.1,False
287,"P.U.M.School, Erasinampalayam,Building facing North","Erasinampalayam (R.V) and (P) Ward 1, Naranavalasu; Erasinampalayam (R.V) and (P) Ward 3, Ellapalayam; Erasinampalayam (R.V) and (P) Ward 1, Mollapalayam",Sathyabama.P,,377,701,53.78,True
287,"P.U.M.School, Erasinampalayam,Building facing North","Erasinampalayam (R.V) and (P) Ward 1, Naranavalasu; Erasinampalayam (R.V) and (P) Ward 3, Ellapalayam; Erasinampalayam (R.V) and (P) Ward 1, Mollapalayam",Dhivya,,18,701,2.57,False
287,"P.U.M.School, Erasinampalayam,Building facing North","Erasinampalayam (R.V) and (P) Ward 1, Naranavalasu; Erasinampalayam (R.V) and (P) Ward 3, Ellapalayam; Erasinampalayam (R.V) and (P) Ward 1, Mollapalayam",Gowri Chitra,,101,701,14.41,False
287,"P.U.M.School, Erasinampalayam,Building facing North","Erasinampalayam (R.V) and (P) Ward 1, Naranavalasu; Erasinampalayam (R.V) and (P) Ward 3, Ellapalayam; Erasinampalayam (R.V) and (P) Ward 1, Mollapalayam",Ananthi.S,,0,701,0.0,False
287,"P.U.M.School, Erasinampalayam,Building facing North","Erasinampalayam (R.V) and (P) Ward 1, Naranavalasu; Erasinampalayam (R.V) and (P) Ward 3, Ellapalayam; Erasinampalayam (R.V) and (P) Ward 1, Mollapalayam",Indhirani.C,,0,701,0.0,False
287,"P.U.M.School, Erasinampalayam,Building facing North","Erasinampalayam (R.V) and (P) Ward 1, Naranavalasu; Erasinampalayam (R.V) and (P) Ward 3, Ellapalayam; Erasinampalayam (R.V) and (P) Ward 1, Mollapalayam",Gowri.P,,1,701,0.14,False
287,"P.U.M.School, Erasinampalayam,Building facing North","Erasinampalayam (R.V) and (P) Ward 1, Naranavalasu; Erasinampalayam (R.V) and (P) Ward 3, Ellapalayam; Erasinampalayam (R.V) and (P) Ward 1, Mollapalayam",Mohanraj.M,,0,701,0.0,False
287,"P.U.M.School, Erasinampalayam,Building facing North","Erasinampalayam (R.V) and (P) Ward 1, Naranavalasu; Erasinampalayam (R.V) and (P) Ward 3, Ellapalayam; Erasinampalayam (R.V) and (P) Ward 1, Mollapalayam",Rohini.S,,0,701,0.0,False
287,"P.U.M.School, Erasinampalayam,Building facing North","Erasinampalayam (R.V) and (P) Ward 1, Naranavalasu; Erasinampalayam (R.V) and (P) Ward 3, Ellapalayam; Erasinampalayam (R.V) and (P) Ward 1, Mollapalayam",NOTA,NOTA,0,701,0.0,False
288,"P U E School, Monganallampalayam 639202,North Facing Building","Erasinampalayam (R.V) and (P) Ward 4, Puthur Mettur Kurikaran Thuraiputhur; Kannivadi (TP) Ward 5 Monganallampalayam west St; Kannivadi (TP) Ward 6 Monganallapalayam South St; Kannivadi (TP) Ward 4, Erachapadi main street east part; Kannivadi (TP) Ward 1, Seelempatti; Kannivadi (TP) Ward 1, Nadupalayam Street; Kannivadi (TP) Ward 1, KannimarKovil Palayam Street; Kannivadi (TP) Ward 1, Suripadi",Indirani.T,,122,465,26.24,False
288,"P U E School, Monganallampalayam 639202,North Facing Building","Erasinampalayam (R.V) and (P) Ward 4, Puthur Mettur Kurikaran Thuraiputhur; Kannivadi (TP) Ward 5 Monganallampalayam west St; Kannivadi (TP) Ward 6 Monganallapalayam South St; Kannivadi (TP) Ward 4, Erachapadi main street east part; Kannivadi (TP) Ward 1, Seelempatti; Kannivadi (TP) Ward 1, Nadupalayam Street; Kannivadi (TP) Ward 1, KannimarKovil Palayam Street; Kannivadi (TP) Ward 1, Suripadi",Sathyabama.P,,231,465,49.68,True
288,"P U E School, Monganallampalayam 639202,North Facing Building","Erasinampalayam (R.V) and (P) Ward 4, Puthur Mettur Kurikaran Thuraiputhur; Kannivadi (TP) Ward 5 Monganallampalayam west St; Kannivadi (TP) Ward 6 Monganallapalayam South St; Kannivadi (TP) Ward 4, Erachapadi main street east part; Kannivadi (TP) Ward 1, Seelempatti; Kannivadi (TP) Ward 1, Nadupalayam Street; Kannivadi (TP) Ward 1, KannimarKovil Palayam Street; Kannivadi (TP) Ward 1, Suripadi",Dhivya,,11,465,2.37,False
288,"P U E School, Monganallampalayam 639202,North Facing Building","Erasinampalayam (R.V) and (P) Ward 4, Puthur Mettur Kurikaran Thuraiputhur; Kannivadi (TP) Ward 5 Monganallampalayam west St; Kannivadi (TP) Ward 6 Monganallapalayam South St; Kannivadi (TP) Ward 4, Erachapadi main street east part; Kannivadi (TP) Ward 1, Seelempatti; Kannivadi (TP) Ward 1, Nadupalayam Street; Kannivadi (TP) Ward 1, KannimarKovil Palayam Street; Kannivadi (TP) Ward 1, Suripadi",Gowri Chitra,,97,465,20.86,False
288,"P U E School, Monganallampalayam 639202,North Facing Building","Erasinampalayam (R.V) and (P) Ward 4, Puthur Mettur Kurikaran Thuraiputhur; Kannivadi (TP) Ward 5 Monganallampalayam west St; Kannivadi (TP) Ward 6 Monganallapalayam South St; Kannivadi (TP) Ward 4, Erachapadi main street east part; Kannivadi (TP) Ward 1, Seelempatti; Kannivadi (TP) Ward 1, Nadupalayam Street; Kannivadi (TP) Ward 1, KannimarKovil Palayam Street; Kannivadi (TP) Ward 1, Suripadi",Ananthi.S,,0,465,0.0,False
288,"P U E School, Monganallampalayam 639202,North Facing Building","Erasinampalayam (R.V) and (P) Ward 4, Puthur Mettur Kurikaran Thuraiputhur; Kannivadi (TP) Ward 5 Monganallampalayam west St; Kannivadi (TP) Ward 6 Monganallapalayam South St; Kannivadi (TP) Ward 4, Erachapadi main street east part; Kannivadi (TP) Ward 1, Seelempatti; Kannivadi (TP) Ward 1, Nadupalayam Street; Kannivadi (TP) Ward 1, KannimarKovil Palayam Street; Kannivadi (TP) Ward 1, Suripadi",Indhirani.C,,1,465,0.22,False
288,"P U E School, Monganallampalayam 639202,North Facing Building","Erasinampalayam (R.V) and (P) Ward 4, Puthur Mettur Kurikaran Thuraiputhur; Kannivadi (TP) Ward 5 Monganallampalayam west St; Kannivadi (TP) Ward 6 Monganallapalayam South St; Kannivadi (TP) Ward 4, Erachapadi main street east part; Kannivadi (TP) Ward 1, Seelempatti; Kannivadi (TP) Ward 1, Nadupalayam Street; Kannivadi (TP) Ward 1, KannimarKovil Palayam Street; Kannivadi (TP) Ward 1, Suripadi",Gowri.P,,0,465,0.0,False
288,"P U E School, Monganallampalayam 639202,North Facing Building","Erasinampalayam (R.V) and (P) Ward 4, Puthur Mettur Kurikaran Thuraiputhur; Kannivadi (TP) Ward 5 Monganallampalayam west St; Kannivadi (TP) Ward 6 Monganallapalayam South St; Kannivadi (TP) Ward 4, Erachapadi main street east part; Kannivadi (TP) Ward 1, Seelempatti; Kannivadi (TP) Ward 1, Nadupalayam Street; Kannivadi (TP) Ward 1, KannimarKovil Palayam Street; Kannivadi (TP) Ward 1, Suripadi",Mohanraj.M,,0,465,0.0,False
288,"P U E School, Monganallampalayam 639202,North Facing Building","Erasinampalayam (R.V) and (P) Ward 4, Puthur Mettur Kurikaran Thuraiputhur; Kannivadi (TP) Ward 5 Monganallampalayam west St; Kannivadi (TP) Ward 6 Monganallapalayam South St; Kannivadi (TP) Ward 4, Erachapadi main street east part; Kannivadi (TP) Ward 1, Seelempatti; Kannivadi (TP) Ward 1, Nadupalayam Street; Kannivadi (TP) Ward 1, KannimarKovil Palayam Street; Kannivadi (TP) Ward 1, Suripadi",Rohini.S,,2,465,0.43,False
288,"P U E School, Monganallampalayam 639202,North Facing Building","Erasinampalayam (R.V) and (P) Ward 4, Puthur Mettur Kurikaran Thuraiputhur; Kannivadi (TP) Ward 5 Monganallampalayam west St; Kannivadi (TP) Ward 6 Monganallapalayam South St; Kannivadi (TP) Ward 4, Erachapadi main street east part; Kannivadi (TP) Ward 1, Seelempatti; Kannivadi (TP) Ward 1, Nadupalayam Street; Kannivadi (TP) Ward 1, KannimarKovil Palayam Street; Kannivadi (TP) Ward 1, Suripadi",NOTA,NOTA,1,465,0.22,False
289,"P U E School, Erachappadi 639202,North Facing Building","Kannivadi (TP) Ward 1, Nagapalayam Street; Kannivadi (TP) Ward1, Kanakkampatti; Kannivadi (TP) Ward 1, Kulathu Puthur; Kannivadi (TP) Ward 4, Erachapadi 1st Street; Kannivadi (TP) Ward 4, Erachapadi 2nd Street; Kannivadi (TP) Ward 4, Erachapadi 3rd Street; Kannivadi (TP) Ward 4, Erachapadi 4th Street; Kannivadi (TP) Ward 1 Mettur; Kannivadi (TP) Ward 2, Orathupalyam main st; Kannivadi (TP) Ward 3 Orathupalayam Harijan street",Indirani.T,,186,472,39.41,False
289,"P U E School, Erachappadi 639202,North Facing Building","Kannivadi (TP) Ward 1, Nagapalayam Street; Kannivadi (TP) Ward1, Kanakkampatti; Kannivadi (TP) Ward 1, Kulathu Puthur; Kannivadi (TP) Ward 4, Erachapadi 1st Street; Kannivadi (TP) Ward 4, Erachapadi 2nd Street; Kannivadi (TP) Ward 4, Erachapadi 3rd Street; Kannivadi (TP) Ward 4, Erachapadi 4th Street; Kannivadi (TP) Ward 1 Mettur; Kannivadi (TP) Ward 2, Orathupalyam main st; Kannivadi (TP) Ward 3 Orathupalayam Harijan street",Sathyabama.P,,199,472,42.16,True
289,"P U E School, Erachappadi 639202,North Facing Building","Kannivadi (TP) Ward 1, Nagapalayam Street; Kannivadi (TP) Ward1, Kanakkampatti; Kannivadi (TP) Ward 1, Kulathu Puthur; Kannivadi (TP) Ward 4, Erachapadi 1st Street; Kannivadi (TP) Ward 4, Erachapadi 2nd Street; Kannivadi (TP) Ward 4, Erachapadi 3rd Street; Kannivadi (TP) Ward 4, Erachapadi 4th Street; Kannivadi (TP) Ward 1 Mettur; Kannivadi (TP) Ward 2, Orathupalyam main st; Kannivadi (TP) Ward 3 Orathupalayam Harijan street",Dhivya,,7,472,1.48,False
289,"P U E School, Erachappadi 639202,North Facing Building","Kannivadi (TP) Ward 1, Nagapalayam Street; Kannivadi (TP) Ward1, Kanakkampatti; Kannivadi (TP) Ward 1, Kulathu Puthur; Kannivadi (TP) Ward 4, Erachapadi 1st Street; Kannivadi (TP) Ward 4, Erachapadi 2nd Street; Kannivadi (TP) Ward 4, Erachapadi 3rd Street; Kannivadi (TP) Ward 4, Erachapadi 4th Street; Kannivadi (TP) Ward 1 Mettur; Kannivadi (TP) Ward 2, Orathupalyam main st; Kannivadi (TP) Ward 3 Orathupalayam Harijan street",Gowri Chitra,,77,472,16.31,False
289,"P U E School, Erachappadi 639202,North Facing Building","Kannivadi (TP) Ward 1, Nagapalayam Street; Kannivadi (TP) Ward1, Kanakkampatti; Kannivadi (TP) Ward 1, Kulathu Puthur; Kannivadi (TP) Ward 4, Erachapadi 1st Street; Kannivadi (TP) Ward 4, Erachapadi 2nd Street; Kannivadi (TP) Ward 4, Erachapadi 3rd Street; Kannivadi (TP) Ward 4, Erachapadi 4th Street; Kannivadi (TP) Ward 1 Mettur; Kannivadi (TP) Ward 2, Orathupalyam main st; Kannivadi (TP) Ward 3 Orathupalayam Harijan street",Ananthi.S,,1,472,0.21,False
289,"P U E School, Erachappadi 639202,North Facing Building","Kannivadi (TP) Ward 1, Nagapalayam Street; Kannivadi (TP) Ward1, Kanakkampatti; Kannivadi (TP) Ward 1, Kulathu Puthur; Kannivadi (TP) Ward 4, Erachapadi 1st Street; Kannivadi (TP) Ward 4, Erachapadi 2nd Street; Kannivadi (TP) Ward 4, Erachapadi 3rd Street; Kannivadi (TP) Ward 4, Erachapadi 4th Street; Kannivadi (TP) Ward 1 Mettur; Kannivadi (TP) Ward 2, Orathupalyam main st; Kannivadi (TP) Ward 3 Orathupalayam Harijan street",Indhirani.C,,0,472,0.0,False
289,"P U E School, Erachappadi 639202,North Facing Building","Kannivadi (TP) Ward 1, Nagapalayam Street; Kannivadi (TP) Ward1, Kanakkampatti; Kannivadi (TP) Ward 1, Kulathu Puthur; Kannivadi (TP) Ward 4, Erachapadi 1st Street; Kannivadi (TP) Ward 4, Erachapadi 2nd Street; Kannivadi (TP) Ward 4, Erachapadi 3rd Street; Kannivadi (TP) Ward 4, Erachapadi 4th Street; Kannivadi (TP) Ward 1 Mettur; Kannivadi (TP) Ward 2, Orathupalyam main st; Kannivadi (TP) Ward 3 Orathupalayam Harijan street",Gowri.P,,0,472,0.0,False
289,"P U E School, Erachappadi 639202,North Facing Building","Kannivadi (TP) Ward 1, Nagapalayam Street; Kannivadi (TP) Ward1, Kanakkampatti; Kannivadi (TP) Ward 1, Kulathu Puthur; Kannivadi (TP) Ward 4, Erachapadi 1st Street; Kannivadi (TP) Ward 4, Erachapadi 2nd Street; Kannivadi (TP) Ward 4, Erachapadi 3rd Street; Kannivadi (TP) Ward 4, Erachapadi 4th Street; Kannivadi (TP) Ward 1 Mettur; Kannivadi (TP) Ward 2, Orathupalyam main st; Kannivadi (TP) Ward 3 Orathupalayam Harijan street",Mohanraj.M,,0,472,0.0,False
289,"P U E School, Erachappadi 639202,North Facing Building","Kannivadi (TP) Ward 1, Nagapalayam Street; Kannivadi (TP) Ward1, Kanakkampatti; Kannivadi (TP) Ward 1, Kulathu Puthur; Kannivadi (TP) Ward 4, Erachapadi 1st Street; Kannivadi (TP) Ward 4, Erachapadi 2nd Street; Kannivadi (TP) Ward 4, Erachapadi 3rd Street; Kannivadi (TP) Ward 4, Erachapadi 4th Street; Kannivadi (TP) Ward 1 Mettur; Kannivadi (TP) Ward 2, Orathupalyam main st; Kannivadi (TP) Ward 3 Orathupalayam Harijan street",Rohini.S,,1,472,0.21,False
289,"P U E School, Erachappadi 639202,North Facing Building","Kannivadi (TP) Ward 1, Nagapalayam Street; Kannivadi (TP) Ward1, Kanakkampatti; Kannivadi (TP) Ward 1, Kulathu Puthur; Kannivadi (TP) Ward 4, Erachapadi 1st Street; Kannivadi (TP) Ward 4, Erachapadi 2nd Street; Kannivadi (TP) Ward 4, Erachapadi 3rd Street; Kannivadi (TP) Ward 4, Erachapadi 4th Street; Kannivadi (TP) Ward 1 Mettur; Kannivadi (TP) Ward 2, Orathupalyam main st; Kannivadi (TP) Ward 3 Orathupalayam Harijan street",NOTA,NOTA,1,472,0.21,False
290,"P U E School, Orathuppalayam 638106,West Facing Building","Kannivadi (TP) Ward 3, Manalur Street; Kannivadi (TP) Ward 8 Ayyanpalayam 1st Street; Kannivadi (TP) Ward 2, Orathupalayam 1st Street; Kannivadi (TP) Ward 2, Orathupalayam 2nd Street; Kannivadi (TP) Ward 3, Orathupalayam Harsanacolony east; Kannivadi (TP) Ward 8 Ayyampalayam 2nd Street",Indirani.T,,211,622,33.92,False
290,"P U E School, Orathuppalayam 638106,West Facing Building","Kannivadi (TP) Ward 3, Manalur Street; Kannivadi (TP) Ward 8 Ayyanpalayam 1st Street; Kannivadi (TP) Ward 2, Orathupalayam 1st Street; Kannivadi (TP) Ward 2, Orathupalayam 2nd Street; Kannivadi (TP) Ward 3, Orathupalayam Harsanacolony east; Kannivadi (TP) Ward 8 Ayyampalayam 2nd Street",Sathyabama.P,,222,622,35.69,True
290,"P U E School, Orathuppalayam 638106,West Facing Building","Kannivadi (TP) Ward 3, Manalur Street; Kannivadi (TP) Ward 8 Ayyanpalayam 1st Street; Kannivadi (TP) Ward 2, Orathupalayam 1st Street; Kannivadi (TP) Ward 2, Orathupalayam 2nd Street; Kannivadi (TP) Ward 3, Orathupalayam Harsanacolony east; Kannivadi (TP) Ward 8 Ayyampalayam 2nd Street",Dhivya,,16,622,2.57,False
290,"P U E School, Orathuppalayam 638106,West Facing Building","Kannivadi (TP) Ward 3, Manalur Street; Kannivadi (TP) Ward 8 Ayyanpalayam 1st Street; Kannivadi (TP) Ward 2, Orathupalayam 1st Street; Kannivadi (TP) Ward 2, Orathupalayam 2nd Street; Kannivadi (TP) Ward 3, Orathupalayam Harsanacolony east; Kannivadi (TP) Ward 8 Ayyampalayam 2nd Street",Gowri Chitra,,164,622,26.37,False
290,"P U E School, Orathuppalayam 638106,West Facing Building","Kannivadi (TP) Ward 3, Manalur Street; Kannivadi (TP) Ward 8 Ayyanpalayam 1st Street; Kannivadi (TP) Ward 2, Orathupalayam 1st Street; Kannivadi (TP) Ward 2, Orathupalayam 2nd Street; Kannivadi (TP) Ward 3, Orathupalayam Harsanacolony east; Kannivadi (TP) Ward 8 Ayyampalayam 2nd Street",Ananthi.S,,1,622,0.16,False
290,"P U E School, Orathuppalayam 638106,West Facing Building","Kannivadi (TP) Ward 3, Manalur Street; Kannivadi (TP) Ward 8 Ayyanpalayam 1st Street; Kannivadi (TP) Ward 2, Orathupalayam 1st Street; Kannivadi (TP) Ward 2, Orathupalayam 2nd Street; Kannivadi (TP) Ward 3, Orathupalayam Harsanacolony east; Kannivadi (TP) Ward 8 Ayyampalayam 2nd Street",Indhirani.C,,0,622,0.0,False
290,"P U E School, Orathuppalayam 638106,West Facing Building","Kannivadi (TP) Ward 3, Manalur Street; Kannivadi (TP) Ward 8 Ayyanpalayam 1st Street; Kannivadi (TP) Ward 2, Orathupalayam 1st Street; Kannivadi (TP) Ward 2, Orathupalayam 2nd Street; Kannivadi (TP) Ward 3, Orathupalayam Harsanacolony east; Kannivadi (TP) Ward 8 Ayyampalayam 2nd Street",Gowri.P,,0,622,0.0,False
290,"P U E School, Orathuppalayam 638106,West Facing Building","Kannivadi (TP) Ward 3, Manalur Street; Kannivadi (TP) Ward 8 Ayyanpalayam 1st Street; Kannivadi (TP) Ward 2, Orathupalayam 1st Street; Kannivadi (TP) Ward 2, Orathupalayam 2nd Street; Kannivadi (TP) Ward 3, Orathupalayam Harsanacolony east; Kannivadi (TP) Ward 8 Ayyampalayam 2nd Street",Mohanraj.M,,1,622,0.16,False
290,"P U E School, Orathuppalayam 638106,West Facing Building","Kannivadi (TP) Ward 3, Manalur Street; Kannivadi (TP) Ward 8 Ayyanpalayam 1st Street; Kannivadi (TP) Ward 2, Orathupalayam 1st Street; Kannivadi (TP) Ward 2, Orathupalayam 2nd Street; Kannivadi (TP) Ward 3, Orathupalayam Harsanacolony east; Kannivadi (TP) Ward 8 Ayyampalayam 2nd Street",Rohini.S,,3,622,0.48,False
290,"P U E School, Orathuppalayam 638106,West Facing Building","Kannivadi (TP) Ward 3, Manalur Street; Kannivadi (TP) Ward 8 Ayyanpalayam 1st Street; Kannivadi (TP) Ward 2, Orathupalayam 1st Street; Kannivadi (TP) Ward 2, Orathupalayam 2nd Street; Kannivadi (TP) Ward 3, Orathupalayam Harsanacolony east; Kannivadi (TP) Ward 8 Ayyampalayam 2nd Street",NOTA,NOTA,4,622,0.64,False
291,"P U E School, Nanjaithalaiyur 639204,North Facing Building Allamarathupatti","Nanjaithalaiyur (R.V) Punjaithalaiyur (P) Ward 1, Nanjaithalaiyur north; Nanjaithalaiyur (R.V) and (P) Ward 1, Edaikadu; Nanjaithalaiyur (R.V) Punjaithalaiyur (P) Ward 1, Nanjaithalaiyur East,",Indirani.T,,207,640,32.34,False
291,"P U E School, Nanjaithalaiyur 639204,North Facing Building Allamarathupatti","Nanjaithalaiyur (R.V) Punjaithalaiyur (P) Ward 1, Nanjaithalaiyur north; Nanjaithalaiyur (R.V) and (P) Ward 1, Edaikadu; Nanjaithalaiyur (R.V) Punjaithalaiyur (P) Ward 1, Nanjaithalaiyur East,",Sathyabama.P,,284,640,44.38,True
291,"P U E School, Nanjaithalaiyur 639204,North Facing Building Allamarathupatti","Nanjaithalaiyur (R.V) Punjaithalaiyur (P) Ward 1, Nanjaithalaiyur north; Nanjaithalaiyur (R.V) and (P) Ward 1, Edaikadu; Nanjaithalaiyur (R.V) Punjaithalaiyur (P) Ward 1, Nanjaithalaiyur East,",Dhivya,,14,640,2.19,False
291,"P U E School, Nanjaithalaiyur 639204,North Facing Building Allamarathupatti","Nanjaithalaiyur (R.V) Punjaithalaiyur (P) Ward 1, Nanjaithalaiyur north; Nanjaithalaiyur (R.V) and (P) Ward 1, Edaikadu; Nanjaithalaiyur (R.V) Punjaithalaiyur (P) Ward 1, Nanjaithalaiyur East,",Gowri Chitra,,128,640,20.0,False
291,"P U E School, Nanjaithalaiyur 639204,North Facing Building Allamarathupatti","Nanjaithalaiyur (R.V) Punjaithalaiyur (P) Ward 1, Nanjaithalaiyur north; Nanjaithalaiyur (R.V) and (P) Ward 1, Edaikadu; Nanjaithalaiyur (R.V) Punjaithalaiyur (P) Ward 1, Nanjaithalaiyur East,",Ananthi.S,,0,640,0.0,False
291,"P U E School, Nanjaithalaiyur 639204,North Facing Building Allamarathupatti","Nanjaithalaiyur (R.V) Punjaithalaiyur (P) Ward 1, Nanjaithalaiyur north; Nanjaithalaiyur (R.V) and (P) Ward 1, Edaikadu; Nanjaithalaiyur (R.V) Punjaithalaiyur (P) Ward 1, Nanjaithalaiyur East,",Indhirani.C,,0,640,0.0,False
291,"P U E School, Nanjaithalaiyur 639204,North Facing Building Allamarathupatti","Nanjaithalaiyur (R.V) Punjaithalaiyur (P) Ward 1, Nanjaithalaiyur north; Nanjaithalaiyur (R.V) and (P) Ward 1, Edaikadu; Nanjaithalaiyur (R.V) Punjaithalaiyur (P) Ward 1, Nanjaithalaiyur East,",Gowri.P,,0,640,0.0,False
291,"P U E School, Nanjaithalaiyur 639204,North Facing Building Allamarathupatti","Nanjaithalaiyur (R.V) Punjaithalaiyur (P) Ward 1, Nanjaithalaiyur north; Nanjaithalaiyur (R.V) and (P) Ward 1, Edaikadu; Nanjaithalaiyur (R.V) Punjaithalaiyur (P) Ward 1, Nanjaithalaiyur East,",Mohanraj.M,,0,640,0.0,False
291,"P U E School, Nanjaithalaiyur 639204,North Facing Building Allamarathupatti","Nanjaithalaiyur (R.V) Punjaithalaiyur (P) Ward 1, Nanjaithalaiyur north; Nanjaithalaiyur (R.V) and (P) Ward 1, Edaikadu; Nanjaithalaiyur (R.V) Punjaithalaiyur (P) Ward 1, Nanjaithalaiyur East,",Rohini.S,,3,640,0.47,False
291,"P U E School, Nanjaithalaiyur 639204,North Facing Building Allamarathupatti","Nanjaithalaiyur (R.V) Punjaithalaiyur (P) Ward 1, Nanjaithalaiyur north; Nanjaithalaiyur (R.V) and (P) Ward 1, Edaikadu; Nanjaithalaiyur (R.V) Punjaithalaiyur (P) Ward 1, Nanjaithalaiyur East,",NOTA,NOTA,4,640,0.62,False
292,"Govt.High School, Punjaithalaiyur,Building facing South","Punjaithalaiyur (R.V) and (P) Ward 1, Karuppan valasu puthur; Punjaithalaiyur (R.V) and (P) Ward 2, Karuppan Valasu; Punjaithalaiyur (R.V) and (P) Ward 2, Punjaithalaiyur West; Punjaithalaiyur (R.V) and (P) Ward 2, Punjaithalaiyur East",Indirani.T,,280,814,34.4,False
292,"Govt.High School, Punjaithalaiyur,Building facing South","Punjaithalaiyur (R.V) and (P) Ward 1, Karuppan valasu puthur; Punjaithalaiyur (R.V) and (P) Ward 2, Karuppan Valasu; Punjaithalaiyur (R.V) and (P) Ward 2, Punjaithalaiyur West; Punjaithalaiyur (R.V) and (P) Ward 2, Punjaithalaiyur East",Sathyabama.P,,319,814,39.19,True
292,"Govt.High School, Punjaithalaiyur,Building facing South","Punjaithalaiyur (R.V) and (P) Ward 1, Karuppan valasu puthur; Punjaithalaiyur (R.V) and (P) Ward 2, Karuppan Valasu; Punjaithalaiyur (R.V) and (P) Ward 2, Punjaithalaiyur West; Punjaithalaiyur (R.V) and (P) Ward 2, Punjaithalaiyur East",Dhivya,,16,814,1.97,False
292,"Govt.High School, Punjaithalaiyur,Building facing South","Punjaithalaiyur (R.V) and (P) Ward 1, Karuppan valasu puthur; Punjaithalaiyur (R.V) and (P) Ward 2, Karuppan Valasu; Punjaithalaiyur (R.V) and (P) Ward 2, Punjaithalaiyur West; Punjaithalaiyur (R.V) and (P) Ward 2, Punjaithalaiyur East",Gowri Chitra,,192,814,23.59,False
292,"Govt.High School, Punjaithalaiyur,Building facing South","Punjaithalaiyur (R.V) and (P) Ward 1, Karuppan valasu puthur; Punjaithalaiyur (R.V) and (P) Ward 2, Karuppan Valasu; Punjaithalaiyur (R.V) and (P) Ward 2, Punjaithalaiyur West; Punjaithalaiyur (R.V) and (P) Ward 2, Punjaithalaiyur East",Ananthi.S,,1,814,0.12,False
292,"Govt.High School, Punjaithalaiyur,Building facing South","Punjaithalaiyur (R.V) and (P) Ward 1, Karuppan valasu puthur; Punjaithalaiyur (R.V) and (P) Ward 2, Karuppan Valasu; Punjaithalaiyur (R.V) and (P) Ward 2, Punjaithalaiyur West; Punjaithalaiyur (R.V) and (P) Ward 2, Punjaithalaiyur East",Indhirani.C,,1,814,0.12,False
292,"Govt.High School, Punjaithalaiyur,Building facing South","Punjaithalaiyur (R.V) and (P) Ward 1, Karuppan valasu puthur; Punjaithalaiyur (R.V) and (P) Ward 2, Karuppan Valasu; Punjaithalaiyur (R.V) and (P) Ward 2, Punjaithalaiyur West; Punjaithalaiyur (R.V) and (P) Ward 2, Punjaithalaiyur East",Gowri.P,,0,814,0.0,False
292,"Govt.High School, Punjaithalaiyur,Building facing South","Punjaithalaiyur (R.V) and (P) Ward 1, Karuppan valasu puthur; Punjaithalaiyur (R.V) and (P) Ward 2, Karuppan Valasu; Punjaithalaiyur (R.V) and (P) Ward 2, Punjaithalaiyur West; Punjaithalaiyur (R.V) and (P) Ward 2, Punjaithalaiyur East",Mohanraj.M,,0,814,0.0,False
292,"Govt.High School, Punjaithalaiyur,Building facing South","Punjaithalaiyur (R.V) and (P) Ward 1, Karuppan valasu puthur; Punjaithalaiyur (R.V) and (P) Ward 2, Karuppan Valasu; Punjaithalaiyur (R.V) and (P) Ward 2, Punjaithalaiyur West; Punjaithalaiyur (R.V) and (P) Ward 2, Punjaithalaiyur East",Rohini.S,,1,814,0.12,False
292,"Govt.High School, Punjaithalaiyur,Building facing South","Punjaithalaiyur (R.V) and (P) Ward 1, Karuppan valasu puthur; Punjaithalaiyur (R.V) and (P) Ward 2, Karuppan Valasu; Punjaithalaiyur (R.V) and (P) Ward 2, Punjaithalaiyur West; Punjaithalaiyur (R.V) and (P) Ward 2, Punjaithalaiyur East",NOTA,NOTA,4,814,0.49,False
293,"P U E School, Kathasamipalayam 639204,South Facing Building","Senapathipalayam (R.V) Punjaithalaiyur (P) Ward 2, Kathasamypalayam east; Senapathipalayam (R.V) Punjaithalaiyur (P) Ward 3, Mallampalayam",Indirani.T,,221,746,29.62,False
293,"P U E School, Kathasamipalayam 639204,South Facing Building","Senapathipalayam (R.V) Punjaithalaiyur (P) Ward 2, Kathasamypalayam east; Senapathipalayam (R.V) Punjaithalaiyur (P) Ward 3, Mallampalayam",Sathyabama.P,,315,746,42.23,True
293,"P U E School, Kathasamipalayam 639204,South Facing Building","Senapathipalayam (R.V) Punjaithalaiyur (P) Ward 2, Kathasamypalayam east; Senapathipalayam (R.V) Punjaithalaiyur (P) Ward 3, Mallampalayam",Dhivya,,30,746,4.02,False
293,"P U E School, Kathasamipalayam 639204,South Facing Building","Senapathipalayam (R.V) Punjaithalaiyur (P) Ward 2, Kathasamypalayam east; Senapathipalayam (R.V) Punjaithalaiyur (P) Ward 3, Mallampalayam",Gowri Chitra,,171,746,22.92,False
293,"P U E School, Kathasamipalayam 639204,South Facing Building","Senapathipalayam (R.V) Punjaithalaiyur (P) Ward 2, Kathasamypalayam east; Senapathipalayam (R.V) Punjaithalaiyur (P) Ward 3, Mallampalayam",Ananthi.S,,1,746,0.13,False
293,"P U E School, Kathasamipalayam 639204,South Facing Building","Senapathipalayam (R.V) Punjaithalaiyur (P) Ward 2, Kathasamypalayam east; Senapathipalayam (R.V) Punjaithalaiyur (P) Ward 3, Mallampalayam",Indhirani.C,,0,746,0.0,False
293,"P U E School, Kathasamipalayam 639204,South Facing Building","Senapathipalayam (R.V) Punjaithalaiyur (P) Ward 2, Kathasamypalayam east; Senapathipalayam (R.V) Punjaithalaiyur (P) Ward 3, Mallampalayam",Gowri.P,,2,746,0.27,False
293,"P U E School, Kathasamipalayam 639204,South Facing Building","Senapathipalayam (R.V) Punjaithalaiyur (P) Ward 2, Kathasamypalayam east; Senapathipalayam (R.V) Punjaithalaiyur (P) Ward 3, Mallampalayam",Mohanraj.M,,0,746,0.0,False
293,"P U E School, Kathasamipalayam 639204,South Facing Building","Senapathipalayam (R.V) Punjaithalaiyur (P) Ward 2, Kathasamypalayam east; Senapathipalayam (R.V) Punjaithalaiyur (P) Ward 3, Mallampalayam",Rohini.S,,3,746,0.4,False
293,"P U E School, Kathasamipalayam 639204,South Facing Building","Senapathipalayam (R.V) Punjaithalaiyur (P) Ward 2, Kathasamypalayam east; Senapathipalayam (R.V) Punjaithalaiyur (P) Ward 3, Mallampalayam",NOTA,NOTA,3,746,0.4,False
294,"P.U.E.S, Sundakkampalayam,South facing RCC building (Western side)","Senapathipalayam (R.V) Punjaithalaiyur (P) Ward 3, Kathasamypalayam West; Sundakkampalayam(R.V) and (P) Ward 1, Sundakkampalayam kannanur; Sundakkampalayam(R.V) and (P) Ward 1, Moolapatti Mettupalayam",Indirani.T,,218,734,29.7,False
294,"P.U.E.S, Sundakkampalayam,South facing RCC building (Western side)","Senapathipalayam (R.V) Punjaithalaiyur (P) Ward 3, Kathasamypalayam West; Sundakkampalayam(R.V) and (P) Ward 1, Sundakkampalayam kannanur; Sundakkampalayam(R.V) and (P) Ward 1, Moolapatti Mettupalayam",Sathyabama.P,,366,734,49.86,True
294,"P.U.E.S, Sundakkampalayam,South facing RCC building (Western side)","Senapathipalayam (R.V) Punjaithalaiyur (P) Ward 3, Kathasamypalayam West; Sundakkampalayam(R.V) and (P) Ward 1, Sundakkampalayam kannanur; Sundakkampalayam(R.V) and (P) Ward 1, Moolapatti Mettupalayam",Dhivya,,16,734,2.18,False
294,"P.U.E.S, Sundakkampalayam,South facing RCC building (Western side)","Senapathipalayam (R.V) Punjaithalaiyur (P) Ward 3, Kathasamypalayam West; Sundakkampalayam(R.V) and (P) Ward 1, Sundakkampalayam kannanur; Sundakkampalayam(R.V) and (P) Ward 1, Moolapatti Mettupalayam",Gowri Chitra,,129,734,17.57,False
294,"P.U.E.S, Sundakkampalayam,South facing RCC building (Western side)","Senapathipalayam (R.V) Punjaithalaiyur (P) Ward 3, Kathasamypalayam West; Sundakkampalayam(R.V) and (P) Ward 1, Sundakkampalayam kannanur; Sundakkampalayam(R.V) and (P) Ward 1, Moolapatti Mettupalayam",Ananthi.S,,1,734,0.14,False
294,"P.U.E.S, Sundakkampalayam,South facing RCC building (Western side)","Senapathipalayam (R.V) Punjaithalaiyur (P) Ward 3, Kathasamypalayam West; Sundakkampalayam(R.V) and (P) Ward 1, Sundakkampalayam kannanur; Sundakkampalayam(R.V) and (P) Ward 1, Moolapatti Mettupalayam",Indhirani.C,,0,734,0.0,False
294,"P.U.E.S, Sundakkampalayam,South facing RCC building (Western side)","Senapathipalayam (R.V) Punjaithalaiyur (P) Ward 3, Kathasamypalayam West; Sundakkampalayam(R.V) and (P) Ward 1, Sundakkampalayam kannanur; Sundakkampalayam(R.V) and (P) Ward 1, Moolapatti Mettupalayam",Gowri.P,,0,734,0.0,False
294,"P.U.E.S, Sundakkampalayam,South facing RCC building (Western side)","Senapathipalayam (R.V) Punjaithalaiyur (P) Ward 3, Kathasamypalayam West; Sundakkampalayam(R.V) and (P) Ward 1, Sundakkampalayam kannanur; Sundakkampalayam(R.V) and (P) Ward 1, Moolapatti Mettupalayam",Mohanraj.M,,0,734,0.0,False
294,"P.U.E.S, Sundakkampalayam,South facing RCC building (Western side)","Senapathipalayam (R.V) Punjaithalaiyur (P) Ward 3, Kathasamypalayam West; Sundakkampalayam(R.V) and (P) Ward 1, Sundakkampalayam kannanur; Sundakkampalayam(R.V) and (P) Ward 1, Moolapatti Mettupalayam",Rohini.S,,0,734,0.0,False
294,"P.U.E.S, Sundakkampalayam,South facing RCC building (Western side)","Senapathipalayam (R.V) Punjaithalaiyur (P) Ward 3, Kathasamypalayam West; Sundakkampalayam(R.V) and (P) Ward 1, Sundakkampalayam kannanur; Sundakkampalayam(R.V) and (P) Ward 1, Moolapatti Mettupalayam",NOTA,NOTA,4,734,0.54,False
295,"Panchayat Union Elementary School Nanjaikalipalayam -639201,East Facing Building(North Portion)","Sundakkampalayam(R.V) and (P) Ward 1, Anaipalayam; Sundakkampalayam(R.V) and (P) Ward 1, NanjaiKalipalayam Balakumar Nagar; OVERSEAS ELECTORS; Velampoondi (R.V) and (P) Ward 2, Ayeukoundanpalayam north",Indirani.T,,177,577,30.68,False
295,"Panchayat Union Elementary School Nanjaikalipalayam -639201,East Facing Building(North Portion)","Sundakkampalayam(R.V) and (P) Ward 1, Anaipalayam; Sundakkampalayam(R.V) and (P) Ward 1, NanjaiKalipalayam Balakumar Nagar; OVERSEAS ELECTORS; Velampoondi (R.V) and (P) Ward 2, Ayeukoundanpalayam north",Sathyabama.P,,259,577,44.89,True
295,"Panchayat Union Elementary School Nanjaikalipalayam -639201,East Facing Building(North Portion)","Sundakkampalayam(R.V) and (P) Ward 1, Anaipalayam; Sundakkampalayam(R.V) and (P) Ward 1, NanjaiKalipalayam Balakumar Nagar; OVERSEAS ELECTORS; Velampoondi (R.V) and (P) Ward 2, Ayeukoundanpalayam north",Dhivya,,22,577,3.81,False
295,"Panchayat Union Elementary School Nanjaikalipalayam -639201,East Facing Building(North Portion)","Sundakkampalayam(R.V) and (P) Ward 1, Anaipalayam; Sundakkampalayam(R.V) and (P) Ward 1, NanjaiKalipalayam Balakumar Nagar; OVERSEAS ELECTORS; Velampoondi (R.V) and (P) Ward 2, Ayeukoundanpalayam north",Gowri Chitra,,117,577,20.28,False
295,"Panchayat Union Elementary School Nanjaikalipalayam -639201,East Facing Building(North Portion)","Sundakkampalayam(R.V) and (P) Ward 1, Anaipalayam; Sundakkampalayam(R.V) and (P) Ward 1, NanjaiKalipalayam Balakumar Nagar; OVERSEAS ELECTORS; Velampoondi (R.V) and (P) Ward 2, Ayeukoundanpalayam north",Ananthi.S,,0,577,0.0,False
295,"Panchayat Union Elementary School Nanjaikalipalayam -639201,East Facing Building(North Portion)","Sundakkampalayam(R.V) and (P) Ward 1, Anaipalayam; Sundakkampalayam(R.V) and (P) Ward 1, NanjaiKalipalayam Balakumar Nagar; OVERSEAS ELECTORS; Velampoondi (R.V) and (P) Ward 2, Ayeukoundanpalayam north",Indhirani.C,,0,577,0.0,False
295,"Panchayat Union Elementary School Nanjaikalipalayam -639201,East Facing Building(North Portion)","Sundakkampalayam(R.V) and (P) Ward 1, Anaipalayam; Sundakkampalayam(R.V) and (P) Ward 1, NanjaiKalipalayam Balakumar Nagar; OVERSEAS ELECTORS; Velampoondi (R.V) and (P) Ward 2, Ayeukoundanpalayam north",Gowri.P,,0,577,0.0,False
295,"Panchayat Union Elementary School Nanjaikalipalayam -639201,East Facing Building(North Portion)","Sundakkampalayam(R.V) and (P) Ward 1, Anaipalayam; Sundakkampalayam(R.V) and (P) Ward 1, NanjaiKalipalayam Balakumar Nagar; OVERSEAS ELECTORS; Velampoondi (R.V) and (P) Ward 2, Ayeukoundanpalayam north",Mohanraj.M,,1,577,0.17,False
295,"Panchayat Union Elementary School Nanjaikalipalayam -639201,East Facing Building(North Portion)","Sundakkampalayam(R.V) and (P) Ward 1, Anaipalayam; Sundakkampalayam(R.V) and (P) Ward 1, NanjaiKalipalayam Balakumar Nagar; OVERSEAS ELECTORS; Velampoondi (R.V) and (P) Ward 2, Ayeukoundanpalayam north",Rohini.S,,0,577,0.0,False
295,"Panchayat Union Elementary School Nanjaikalipalayam -639201,East Facing Building(North Portion)","Sundakkampalayam(R.V) and (P) Ward 1, Anaipalayam; Sundakkampalayam(R.V) and (P) Ward 1, NanjaiKalipalayam Balakumar Nagar; OVERSEAS ELECTORS; Velampoondi (R.V) and (P) Ward 2, Ayeukoundanpalayam north",NOTA,NOTA,1,577,0.17,False
296,"P U E School, Ayegoundanpalayam 639201,North Facing Building (West Side)","Velampoondi (R.V) and (P) Ward 2, Ayekoundan Palayam West; Velampoondi (R.V) and (P) Ward 2, Ayeukoundanpalayam East; Velampoondi (R.V) and (P) Ward 2, Ayeukoundanpalayam South; Velampoondi (R.V) and (P) Ward 2, Velampoondi Karupparayan Puthur",Indirani.T,,251,838,29.95,False
296,"P U E School, Ayegoundanpalayam 639201,North Facing Building (West Side)","Velampoondi (R.V) and (P) Ward 2, Ayekoundan Palayam West; Velampoondi (R.V) and (P) Ward 2, Ayeukoundanpalayam East; Velampoondi (R.V) and (P) Ward 2, Ayeukoundanpalayam South; Velampoondi (R.V) and (P) Ward 2, Velampoondi Karupparayan Puthur",Sathyabama.P,,358,838,42.72,True
296,"P U E School, Ayegoundanpalayam 639201,North Facing Building (West Side)","Velampoondi (R.V) and (P) Ward 2, Ayekoundan Palayam West; Velampoondi (R.V) and (P) Ward 2, Ayeukoundanpalayam East; Velampoondi (R.V) and (P) Ward 2, Ayeukoundanpalayam South; Velampoondi (R.V) and (P) Ward 2, Velampoondi Karupparayan Puthur",Dhivya,,21,838,2.51,False
296,"P U E School, Ayegoundanpalayam 639201,North Facing Building (West Side)","Velampoondi (R.V) and (P) Ward 2, Ayekoundan Palayam West; Velampoondi (R.V) and (P) Ward 2, Ayeukoundanpalayam East; Velampoondi (R.V) and (P) Ward 2, Ayeukoundanpalayam South; Velampoondi (R.V) and (P) Ward 2, Velampoondi Karupparayan Puthur",Gowri Chitra,,201,838,23.99,False
296,"P U E School, Ayegoundanpalayam 639201,North Facing Building (West Side)","Velampoondi (R.V) and (P) Ward 2, Ayekoundan Palayam West; Velampoondi (R.V) and (P) Ward 2, Ayeukoundanpalayam East; Velampoondi (R.V) and (P) Ward 2, Ayeukoundanpalayam South; Velampoondi (R.V) and (P) Ward 2, Velampoondi Karupparayan Puthur",Ananthi.S,,1,838,0.12,False
296,"P U E School, Ayegoundanpalayam 639201,North Facing Building (West Side)","Velampoondi (R.V) and (P) Ward 2, Ayekoundan Palayam West; Velampoondi (R.V) and (P) Ward 2, Ayeukoundanpalayam East; Velampoondi (R.V) and (P) Ward 2, Ayeukoundanpalayam South; Velampoondi (R.V) and (P) Ward 2, Velampoondi Karupparayan Puthur",Indhirani.C,,1,838,0.12,False
296,"P U E School, Ayegoundanpalayam 639201,North Facing Building (West Side)","Velampoondi (R.V) and (P) Ward 2, Ayekoundan Palayam West; Velampoondi (R.V) and (P) Ward 2, Ayeukoundanpalayam East; Velampoondi (R.V) and (P) Ward 2, Ayeukoundanpalayam South; Velampoondi (R.V) and (P) Ward 2, Velampoondi Karupparayan Puthur",Gowri.P,,1,838,0.12,False
296,"P U E School, Ayegoundanpalayam 639201,North Facing Building (West Side)","Velampoondi (R.V) and (P) Ward 2, Ayekoundan Palayam West; Velampoondi (R.V) and (P) Ward 2, Ayeukoundanpalayam East; Velampoondi (R.V) and (P) Ward 2, Ayeukoundanpalayam South; Velampoondi (R.V) and (P) Ward 2, Velampoondi Karupparayan Puthur",Mohanraj.M,,1,838,0.12,False
296,"P U E School, Ayegoundanpalayam 639201,North Facing Building (West Side)","Velampoondi (R.V) and (P) Ward 2, Ayekoundan Palayam West; Velampoondi (R.V) and (P) Ward 2, Ayeukoundanpalayam East; Velampoondi (R.V) and (P) Ward 2, Ayeukoundanpalayam South; Velampoondi (R.V) and (P) Ward 2, Velampoondi Karupparayan Puthur",Rohini.S,,0,838,0.0,False
296,"P U E School, Ayegoundanpalayam 639201,North Facing Building (West Side)","Velampoondi (R.V) and (P) Ward 2, Ayekoundan Palayam West; Velampoondi (R.V) and (P) Ward 2, Ayeukoundanpalayam East; Velampoondi (R.V) and (P) Ward 2, Ayeukoundanpalayam South; Velampoondi (R.V) and (P) Ward 2, Velampoondi Karupparayan Puthur",NOTA,NOTA,3,838,0.36,False
297,Pathumalaigurukrishnan Nursery School Malamedu 639201 West Facing Building,"Arikkaranvalasu (R.V) Velampoondi (P) Ward 3, Peruma valasu; Arikkaranvalasu (R.V) Velampoondi (P) Ward 3, GounadappaGoundenur; Arikkaranvalasu (R.V) Velampoondi (P) Ward 4, Utthur; Arikkaranvalasu (R.V) Velampoondi (P) Ward 4, Malamedu",Indirani.T,,134,663,20.21,False
297,Pathumalaigurukrishnan Nursery School Malamedu 639201 West Facing Building,"Arikkaranvalasu (R.V) Velampoondi (P) Ward 3, Peruma valasu; Arikkaranvalasu (R.V) Velampoondi (P) Ward 3, GounadappaGoundenur; Arikkaranvalasu (R.V) Velampoondi (P) Ward 4, Utthur; Arikkaranvalasu (R.V) Velampoondi (P) Ward 4, Malamedu",Sathyabama.P,,322,663,48.57,True
297,Pathumalaigurukrishnan Nursery School Malamedu 639201 West Facing Building,"Arikkaranvalasu (R.V) Velampoondi (P) Ward 3, Peruma valasu; Arikkaranvalasu (R.V) Velampoondi (P) Ward 3, GounadappaGoundenur; Arikkaranvalasu (R.V) Velampoondi (P) Ward 4, Utthur; Arikkaranvalasu (R.V) Velampoondi (P) Ward 4, Malamedu",Dhivya,,22,663,3.32,False
297,Pathumalaigurukrishnan Nursery School Malamedu 639201 West Facing Building,"Arikkaranvalasu (R.V) Velampoondi (P) Ward 3, Peruma valasu; Arikkaranvalasu (R.V) Velampoondi (P) Ward 3, GounadappaGoundenur; Arikkaranvalasu (R.V) Velampoondi (P) Ward 4, Utthur; Arikkaranvalasu (R.V) Velampoondi (P) Ward 4, Malamedu",Gowri Chitra,,178,663,26.85,False
297,Pathumalaigurukrishnan Nursery School Malamedu 639201 West Facing Building,"Arikkaranvalasu (R.V) Velampoondi (P) Ward 3, Peruma valasu; Arikkaranvalasu (R.V) Velampoondi (P) Ward 3, GounadappaGoundenur; Arikkaranvalasu (R.V) Velampoondi (P) Ward 4, Utthur; Arikkaranvalasu (R.V) Velampoondi (P) Ward 4, Malamedu",Ananthi.S,,2,663,0.3,False
297,Pathumalaigurukrishnan Nursery School Malamedu 639201 West Facing Building,"Arikkaranvalasu (R.V) Velampoondi (P) Ward 3, Peruma valasu; Arikkaranvalasu (R.V) Velampoondi (P) Ward 3, GounadappaGoundenur; Arikkaranvalasu (R.V) Velampoondi (P) Ward 4, Utthur; Arikkaranvalasu (R.V) Velampoondi (P) Ward 4, Malamedu",Indhirani.C,,2,663,0.3,False
297,Pathumalaigurukrishnan Nursery School Malamedu 639201 West Facing Building,"Arikkaranvalasu (R.V) Velampoondi (P) Ward 3, Peruma valasu; Arikkaranvalasu (R.V) Velampoondi (P) Ward 3, GounadappaGoundenur; Arikkaranvalasu (R.V) Velampoondi (P) Ward 4, Utthur; Arikkaranvalasu (R.V) Velampoondi (P) Ward 4, Malamedu",Gowri.P,,1,663,0.15,False
297,Pathumalaigurukrishnan Nursery School Malamedu 639201 West Facing Building,"Arikkaranvalasu (R.V) Velampoondi (P) Ward 3, Peruma valasu; Arikkaranvalasu (R.V) Velampoondi (P) Ward 3, GounadappaGoundenur; Arikkaranvalasu (R.V) Velampoondi (P) Ward 4, Utthur; Arikkaranvalasu (R.V) Velampoondi (P) Ward 4, Malamedu",Mohanraj.M,,0,663,0.0,False
297,Pathumalaigurukrishnan Nursery School Malamedu 639201 West Facing Building,"Arikkaranvalasu (R.V) Velampoondi (P) Ward 3, Peruma valasu; Arikkaranvalasu (R.V) Velampoondi (P) Ward 3, GounadappaGoundenur; Arikkaranvalasu (R.V) Velampoondi (P) Ward 4, Utthur; Arikkaranvalasu (R.V) Velampoondi (P) Ward 4, Malamedu",Rohini.S,,1,663,0.15,False
297,Pathumalaigurukrishnan Nursery School Malamedu 639201 West Facing Building,"Arikkaranvalasu (R.V) Velampoondi (P) Ward 3, Peruma valasu; Arikkaranvalasu (R.V) Velampoondi (P) Ward 3, GounadappaGoundenur; Arikkaranvalasu (R.V) Velampoondi (P) Ward 4, Utthur; Arikkaranvalasu (R.V) Velampoondi (P) Ward 4, Malamedu",NOTA,NOTA,1,663,0.15,False
298,"P U M School, Arikaranvalasu 639201,North Facing Building","Arikkaranvalasu (R.V) Velampoondi (P) Ward 4, Seethapatti; Arikkaranvalasu (R.V) Velampoondi (P) Ward 4, Narisanampatti; Arikkaranvalasu (R.V) Velampoondi (P) Ward 4, Arikaran Valasu North; Arikkaranvalasu (R.V) Velampoondi (P) Ward 5, Arikkaran Valasu South; Arikkaranvalasu (R.V) Velampoondi (P) Ward 5, Mamarathupatti east; Arikkaranvalasu (R.V) Velampoondi (P) Ward 5, Kallamadai Puthur",Indirani.T,,189,571,33.1,False
298,"P U M School, Arikaranvalasu 639201,North Facing Building","Arikkaranvalasu (R.V) Velampoondi (P) Ward 4, Seethapatti; Arikkaranvalasu (R.V) Velampoondi (P) Ward 4, Narisanampatti; Arikkaranvalasu (R.V) Velampoondi (P) Ward 4, Arikaran Valasu North; Arikkaranvalasu (R.V) Velampoondi (P) Ward 5, Arikkaran Valasu South; Arikkaranvalasu (R.V) Velampoondi (P) Ward 5, Mamarathupatti east; Arikkaranvalasu (R.V) Velampoondi (P) Ward 5, Kallamadai Puthur",Sathyabama.P,,262,571,45.88,True
298,"P U M School, Arikaranvalasu 639201,North Facing Building","Arikkaranvalasu (R.V) Velampoondi (P) Ward 4, Seethapatti; Arikkaranvalasu (R.V) Velampoondi (P) Ward 4, Narisanampatti; Arikkaranvalasu (R.V) Velampoondi (P) Ward 4, Arikaran Valasu North; Arikkaranvalasu (R.V) Velampoondi (P) Ward 5, Arikkaran Valasu South; Arikkaranvalasu (R.V) Velampoondi (P) Ward 5, Mamarathupatti east; Arikkaranvalasu (R.V) Velampoondi (P) Ward 5, Kallamadai Puthur",Dhivya,,16,571,2.8,False
298,"P U M School, Arikaranvalasu 639201,North Facing Building","Arikkaranvalasu (R.V) Velampoondi (P) Ward 4, Seethapatti; Arikkaranvalasu (R.V) Velampoondi (P) Ward 4, Narisanampatti; Arikkaranvalasu (R.V) Velampoondi (P) Ward 4, Arikaran Valasu North; Arikkaranvalasu (R.V) Velampoondi (P) Ward 5, Arikkaran Valasu South; Arikkaranvalasu (R.V) Velampoondi (P) Ward 5, Mamarathupatti east; Arikkaranvalasu (R.V) Velampoondi (P) Ward 5, Kallamadai Puthur",Gowri Chitra,,99,571,17.34,False
298,"P U M School, Arikaranvalasu 639201,North Facing Building","Arikkaranvalasu (R.V) Velampoondi (P) Ward 4, Seethapatti; Arikkaranvalasu (R.V) Velampoondi (P) Ward 4, Narisanampatti; Arikkaranvalasu (R.V) Velampoondi (P) Ward 4, Arikaran Valasu North; Arikkaranvalasu (R.V) Velampoondi (P) Ward 5, Arikkaran Valasu South; Arikkaranvalasu (R.V) Velampoondi (P) Ward 5, Mamarathupatti east; Arikkaranvalasu (R.V) Velampoondi (P) Ward 5, Kallamadai Puthur",Ananthi.S,,0,571,0.0,False
298,"P U M School, Arikaranvalasu 639201,North Facing Building","Arikkaranvalasu (R.V) Velampoondi (P) Ward 4, Seethapatti; Arikkaranvalasu (R.V) Velampoondi (P) Ward 4, Narisanampatti; Arikkaranvalasu (R.V) Velampoondi (P) Ward 4, Arikaran Valasu North; Arikkaranvalasu (R.V) Velampoondi (P) Ward 5, Arikkaran Valasu South; Arikkaranvalasu (R.V) Velampoondi (P) Ward 5, Mamarathupatti east; Arikkaranvalasu (R.V) Velampoondi (P) Ward 5, Kallamadai Puthur",Indhirani.C,,1,571,0.18,False
298,"P U M School, Arikaranvalasu 639201,North Facing Building","Arikkaranvalasu (R.V) Velampoondi (P) Ward 4, Seethapatti; Arikkaranvalasu (R.V) Velampoondi (P) Ward 4, Narisanampatti; Arikkaranvalasu (R.V) Velampoondi (P) Ward 4, Arikaran Valasu North; Arikkaranvalasu (R.V) Velampoondi (P) Ward 5, Arikkaran Valasu South; Arikkaranvalasu (R.V) Velampoondi (P) Ward 5, Mamarathupatti east; Arikkaranvalasu (R.V) Velampoondi (P) Ward 5, Kallamadai Puthur",Gowri.P,,1,571,0.18,False
298,"P U M School, Arikaranvalasu 639201,North Facing Building","Arikkaranvalasu (R.V) Velampoondi (P) Ward 4, Seethapatti; Arikkaranvalasu (R.V) Velampoondi (P) Ward 4, Narisanampatti; Arikkaranvalasu (R.V) Velampoondi (P) Ward 4, Arikaran Valasu North; Arikkaranvalasu (R.V) Velampoondi (P) Ward 5, Arikkaran Valasu South; Arikkaranvalasu (R.V) Velampoondi (P) Ward 5, Mamarathupatti east; Arikkaranvalasu (R.V) Velampoondi (P) Ward 5, Kallamadai Puthur",Mohanraj.M,,0,571,0.0,False
298,"P U M School, Arikaranvalasu 639201,North Facing Building","Arikkaranvalasu (R.V) Velampoondi (P) Ward 4, Seethapatti; Arikkaranvalasu (R.V) Velampoondi (P) Ward 4, Narisanampatti; Arikkaranvalasu (R.V) Velampoondi (P) Ward 4, Arikaran Valasu North; Arikkaranvalasu (R.V) Velampoondi (P) Ward 5, Arikkaran Valasu South; Arikkaranvalasu (R.V) Velampoondi (P) Ward 5, Mamarathupatti east; Arikkaranvalasu (R.V) Velampoondi (P) Ward 5, Kallamadai Puthur",Rohini.S,,1,571,0.18,False
298,"P U M School, Arikaranvalasu 639201,North Facing Building","Arikkaranvalasu (R.V) Velampoondi (P) Ward 4, Seethapatti; Arikkaranvalasu (R.V) Velampoondi (P) Ward 4, Narisanampatti; Arikkaranvalasu (R.V) Velampoondi (P) Ward 4, Arikaran Valasu North; Arikkaranvalasu (R.V) Velampoondi (P) Ward 5, Arikkaran Valasu South; Arikkaranvalasu (R.V) Velampoondi (P) Ward 5, Mamarathupatti east; Arikkaranvalasu (R.V) Velampoondi (P) Ward 5, Kallamadai Puthur",NOTA,NOTA,2,571,0.35,False
299,"P U E School, Osapalayam 639201,East Facing Building Colony","Arikkaranvalasu (R.V) Velampoondi (P) Ward 5, Osapalayam North; Arikkaranvalasu (R.V) Velampoondi (P) Ward 5, Parappur Sellipalayam Puthur; Arikkaranvalasu (R.V) Velampoondi (P) Ward 5, Mamarathupatti West; Arikkaranvalasu (R.V) Velampoondi (P) Ward 5, Osapalayam South Harijan",Indirani.T,,101,399,25.31,False
299,"P U E School, Osapalayam 639201,East Facing Building Colony","Arikkaranvalasu (R.V) Velampoondi (P) Ward 5, Osapalayam North; Arikkaranvalasu (R.V) Velampoondi (P) Ward 5, Parappur Sellipalayam Puthur; Arikkaranvalasu (R.V) Velampoondi (P) Ward 5, Mamarathupatti West; Arikkaranvalasu (R.V) Velampoondi (P) Ward 5, Osapalayam South Harijan",Sathyabama.P,,192,399,48.12,True
299,"P U E School, Osapalayam 639201,East Facing Building Colony","Arikkaranvalasu (R.V) Velampoondi (P) Ward 5, Osapalayam North; Arikkaranvalasu (R.V) Velampoondi (P) Ward 5, Parappur Sellipalayam Puthur; Arikkaranvalasu (R.V) Velampoondi (P) Ward 5, Mamarathupatti West; Arikkaranvalasu (R.V) Velampoondi (P) Ward 5, Osapalayam South Harijan",Dhivya,,13,399,3.26,False
299,"P U E School, Osapalayam 639201,East Facing Building Colony","Arikkaranvalasu (R.V) Velampoondi (P) Ward 5, Osapalayam North; Arikkaranvalasu (R.V) Velampoondi (P) Ward 5, Parappur Sellipalayam Puthur; Arikkaranvalasu (R.V) Velampoondi (P) Ward 5, Mamarathupatti West; Arikkaranvalasu (R.V) Velampoondi (P) Ward 5, Osapalayam South Harijan",Gowri Chitra,,87,399,21.8,False
299,"P U E School, Osapalayam 639201,East Facing Building Colony","Arikkaranvalasu (R.V) Velampoondi (P) Ward 5, Osapalayam North; Arikkaranvalasu (R.V) Velampoondi (P) Ward 5, Parappur Sellipalayam Puthur; Arikkaranvalasu (R.V) Velampoondi (P) Ward 5, Mamarathupatti West; Arikkaranvalasu (R.V) Velampoondi (P) Ward 5, Osapalayam South Harijan",Ananthi.S,,1,399,0.25,False
299,"P U E School, Osapalayam 639201,East Facing Building Colony","Arikkaranvalasu (R.V) Velampoondi (P) Ward 5, Osapalayam North; Arikkaranvalasu (R.V) Velampoondi (P) Ward 5, Parappur Sellipalayam Puthur; Arikkaranvalasu (R.V) Velampoondi (P) Ward 5, Mamarathupatti West; Arikkaranvalasu (R.V) Velampoondi (P) Ward 5, Osapalayam South Harijan",Indhirani.C,,1,399,0.25,False
299,"P U E School, Osapalayam 639201,East Facing Building Colony","Arikkaranvalasu (R.V) Velampoondi (P) Ward 5, Osapalayam North; Arikkaranvalasu (R.V) Velampoondi (P) Ward 5, Parappur Sellipalayam Puthur; Arikkaranvalasu (R.V) Velampoondi (P) Ward 5, Mamarathupatti West; Arikkaranvalasu (R.V) Velampoondi (P) Ward 5, Osapalayam South Harijan",Gowri.P,,0,399,0.0,False
299,"P U E School, Osapalayam 639201,East Facing Building Colony","Arikkaranvalasu (R.V) Velampoondi (P) Ward 5, Osapalayam North; Arikkaranvalasu (R.V) Velampoondi (P) Ward 5, Parappur Sellipalayam Puthur; Arikkaranvalasu (R.V) Velampoondi (P) Ward 5, Mamarathupatti West; Arikkaranvalasu (R.V) Velampoondi (P) Ward 5, Osapalayam South Harijan",Mohanraj.M,,1,399,0.25,False
299,"P U E School, Osapalayam 639201,East Facing Building Colony","Arikkaranvalasu (R.V) Velampoondi (P) Ward 5, Osapalayam North; Arikkaranvalasu (R.V) Velampoondi (P) Ward 5, Parappur Sellipalayam Puthur; Arikkaranvalasu (R.V) Velampoondi (P) Ward 5, Mamarathupatti West; Arikkaranvalasu (R.V) Velampoondi (P) Ward 5, Osapalayam South Harijan",Rohini.S,,0,399,0.0,False
299,"P U E School, Osapalayam 639201,East Facing Building Colony","Arikkaranvalasu (R.V) Velampoondi (P) Ward 5, Osapalayam North; Arikkaranvalasu (R.V) Velampoondi (P) Ward 5, Parappur Sellipalayam Puthur; Arikkaranvalasu (R.V) Velampoondi (P) Ward 5, Mamarathupatti West; Arikkaranvalasu (R.V) Velampoondi (P) Ward 5, Osapalayam South Harijan",NOTA,NOTA,3,399,0.75,False
300,"P U E School, Senapathypalayam 639202,East Facing Building sankarankattuputhur All Voters","Senapathipalayam (R.V) and (P) Ward 3, Senapathipalayam,; Senapathipalayam (R.V) and (P) Ward 3, Kottarpattiputhur,Anankur,Kottarpatti",Indirani.T,,140,430,32.56,False
300,"P U E School, Senapathypalayam 639202,East Facing Building sankarankattuputhur All Voters","Senapathipalayam (R.V) and (P) Ward 3, Senapathipalayam,; Senapathipalayam (R.V) and (P) Ward 3, Kottarpattiputhur,Anankur,Kottarpatti",Sathyabama.P,,174,430,40.47,True
300,"P U E School, Senapathypalayam 639202,East Facing Building sankarankattuputhur All Voters","Senapathipalayam (R.V) and (P) Ward 3, Senapathipalayam,; Senapathipalayam (R.V) and (P) Ward 3, Kottarpattiputhur,Anankur,Kottarpatti",Dhivya,,25,430,5.81,False
300,"P U E School, Senapathypalayam 639202,East Facing Building sankarankattuputhur All Voters","Senapathipalayam (R.V) and (P) Ward 3, Senapathipalayam,; Senapathipalayam (R.V) and (P) Ward 3, Kottarpattiputhur,Anankur,Kottarpatti",Gowri Chitra,,87,430,20.23,False
300,"P U E School, Senapathypalayam 639202,East Facing Building sankarankattuputhur All Voters","Senapathipalayam (R.V) and (P) Ward 3, Senapathipalayam,; Senapathipalayam (R.V) and (P) Ward 3, Kottarpattiputhur,Anankur,Kottarpatti",Ananthi.S,,0,430,0.0,False
300,"P U E School, Senapathypalayam 639202,East Facing Building sankarankattuputhur All Voters","Senapathipalayam (R.V) and (P) Ward 3, Senapathipalayam,; Senapathipalayam (R.V) and (P) Ward 3, Kottarpattiputhur,Anankur,Kottarpatti",Indhirani.C,,0,430,0.0,False
300,"P U E School, Senapathypalayam 639202,East Facing Building sankarankattuputhur All Voters","Senapathipalayam (R.V) and (P) Ward 3, Senapathipalayam,; Senapathipalayam (R.V) and (P) Ward 3, Kottarpattiputhur,Anankur,Kottarpatti",Gowri.P,,0,430,0.0,False
300,"P U E School, Senapathypalayam 639202,East Facing Building sankarankattuputhur All Voters","Senapathipalayam (R.V) and (P) Ward 3, Senapathipalayam,; Senapathipalayam (R.V) and (P) Ward 3, Kottarpattiputhur,Anankur,Kottarpatti",Mohanraj.M,,0,430,0.0,False
300,"P U E School, Senapathypalayam 639202,East Facing Building sankarankattuputhur All Voters","Senapathipalayam (R.V) and (P) Ward 3, Senapathipalayam,; Senapathipalayam (R.V) and (P) Ward 3, Kottarpattiputhur,Anankur,Kottarpatti",Rohini.S,,1,430,0.23,False
300,"P U E School, Senapathypalayam 639202,East Facing Building sankarankattuputhur All Voters","Senapathipalayam (R.V) and (P) Ward 3, Senapathipalayam,; Senapathipalayam (R.V) and (P) Ward 3, Kottarpattiputhur,Anankur,Kottarpatti",NOTA,NOTA,3,430,0.7,False
301,"P.U.E.School, Kannivadi,Building facing North (West Side)","Kannivadi (TP) Ward 7 Kannivadi north; Kannivadi (TP) Ward 7,9 Kannivadi South; Kannivadi (TP) Ward 8 Kannivadi West; Kannivadi (TP) Ward 12 Vanchivalasu; Kannivadi (TP) Ward 7 Kannivadi North 1st Street; Kannivadi (TP) Ward 9 Kannivadi South; Kannivadi (TP) Ward 8 Velandurai",Indirani.T,,206,569,36.2,False
301,"P.U.E.School, Kannivadi,Building facing North (West Side)","Kannivadi (TP) Ward 7 Kannivadi north; Kannivadi (TP) Ward 7,9 Kannivadi South; Kannivadi (TP) Ward 8 Kannivadi West; Kannivadi (TP) Ward 12 Vanchivalasu; Kannivadi (TP) Ward 7 Kannivadi North 1st Street; Kannivadi (TP) Ward 9 Kannivadi South; Kannivadi (TP) Ward 8 Velandurai",Sathyabama.P,,213,569,37.43,True
301,"P.U.E.School, Kannivadi,Building facing North (West Side)","Kannivadi (TP) Ward 7 Kannivadi north; Kannivadi (TP) Ward 7,9 Kannivadi South; Kannivadi (TP) Ward 8 Kannivadi West; Kannivadi (TP) Ward 12 Vanchivalasu; Kannivadi (TP) Ward 7 Kannivadi North 1st Street; Kannivadi (TP) Ward 9 Kannivadi South; Kannivadi (TP) Ward 8 Velandurai",Dhivya,,28,569,4.92,False
301,"P.U.E.School, Kannivadi,Building facing North (West Side)","Kannivadi (TP) Ward 7 Kannivadi north; Kannivadi (TP) Ward 7,9 Kannivadi South; Kannivadi (TP) Ward 8 Kannivadi West; Kannivadi (TP) Ward 12 Vanchivalasu; Kannivadi (TP) Ward 7 Kannivadi North 1st Street; Kannivadi (TP) Ward 9 Kannivadi South; Kannivadi (TP) Ward 8 Velandurai",Gowri Chitra,,120,569,21.09,False
301,"P.U.E.School, Kannivadi,Building facing North (West Side)","Kannivadi (TP) Ward 7 Kannivadi north; Kannivadi (TP) Ward 7,9 Kannivadi South; Kannivadi (TP) Ward 8 Kannivadi West; Kannivadi (TP) Ward 12 Vanchivalasu; Kannivadi (TP) Ward 7 Kannivadi North 1st Street; Kannivadi (TP) Ward 9 Kannivadi South; Kannivadi (TP) Ward 8 Velandurai",Ananthi.S,,0,569,0.0,False
301,"P.U.E.School, Kannivadi,Building facing North (West Side)","Kannivadi (TP) Ward 7 Kannivadi north; Kannivadi (TP) Ward 7,9 Kannivadi South; Kannivadi (TP) Ward 8 Kannivadi West; Kannivadi (TP) Ward 12 Vanchivalasu; Kannivadi (TP) Ward 7 Kannivadi North 1st Street; Kannivadi (TP) Ward 9 Kannivadi South; Kannivadi (TP) Ward 8 Velandurai",Indhirani.C,,0,569,0.0,False
301,"P.U.E.School, Kannivadi,Building facing North (West Side)","Kannivadi (TP) Ward 7 Kannivadi north; Kannivadi (TP) Ward 7,9 Kannivadi South; Kannivadi (TP) Ward 8 Kannivadi West; Kannivadi (TP) Ward 12 Vanchivalasu; Kannivadi (TP) Ward 7 Kannivadi North 1st Street; Kannivadi (TP) Ward 9 Kannivadi South; Kannivadi (TP) Ward 8 Velandurai",Gowri.P,,0,569,0.0,False
301,"P.U.E.School, Kannivadi,Building facing North (West Side)","Kannivadi (TP) Ward 7 Kannivadi north; Kannivadi (TP) Ward 7,9 Kannivadi South; Kannivadi (TP) Ward 8 Kannivadi West; Kannivadi (TP) Ward 12 Vanchivalasu; Kannivadi (TP) Ward 7 Kannivadi North 1st Street; Kannivadi (TP) Ward 9 Kannivadi South; Kannivadi (TP) Ward 8 Velandurai",Mohanraj.M,,0,569,0.0,False
301,"P.U.E.School, Kannivadi,Building facing North (West Side)","Kannivadi (TP) Ward 7 Kannivadi north; Kannivadi (TP) Ward 7,9 Kannivadi South; Kannivadi (TP) Ward 8 Kannivadi West; Kannivadi (TP) Ward 12 Vanchivalasu; Kannivadi (TP) Ward 7 Kannivadi North 1st Street; Kannivadi (TP) Ward 9 Kannivadi South; Kannivadi (TP) Ward 8 Velandurai",Rohini.S,,0,569,0.0,False
301,"P.U.E.School, Kannivadi,Building facing North (West Side)","Kannivadi (TP) Ward 7 Kannivadi north; Kannivadi (TP) Ward 7,9 Kannivadi South; Kannivadi (TP) Ward 8 Kannivadi West; Kannivadi (TP) Ward 12 Vanchivalasu; Kannivadi (TP) Ward 7 Kannivadi North 1st Street; Kannivadi (TP) Ward 9 Kannivadi South; Kannivadi (TP) Ward 8 Velandurai",NOTA,NOTA,2,569,0.35,False
302,"Panchayat Union Elementary School, Kannivadi, North Facing Building (East Portion)",Kannivadi (TP) Ward 8 Sammanduraipathi; Kannivadi (TP) Ward 9 Sambakattupathi; Kannivadi (TP) Ward 12 Mannankattupathi; Kannivadi (TP) Ward 12 Olapalayam; Kannivadi (TP) Ward 12 Perumal GoundenValasu,Indirani.T,,189,505,37.43,False
302,"Panchayat Union Elementary School, Kannivadi, North Facing Building (East Portion)",Kannivadi (TP) Ward 8 Sammanduraipathi; Kannivadi (TP) Ward 9 Sambakattupathi; Kannivadi (TP) Ward 12 Mannankattupathi; Kannivadi (TP) Ward 12 Olapalayam; Kannivadi (TP) Ward 12 Perumal GoundenValasu,Sathyabama.P,,216,505,42.77,True
302,"Panchayat Union Elementary School, Kannivadi, North Facing Building (East Portion)",Kannivadi (TP) Ward 8 Sammanduraipathi; Kannivadi (TP) Ward 9 Sambakattupathi; Kannivadi (TP) Ward 12 Mannankattupathi; Kannivadi (TP) Ward 12 Olapalayam; Kannivadi (TP) Ward 12 Perumal GoundenValasu,Dhivya,,15,505,2.97,False
302,"Panchayat Union Elementary School, Kannivadi, North Facing Building (East Portion)",Kannivadi (TP) Ward 8 Sammanduraipathi; Kannivadi (TP) Ward 9 Sambakattupathi; Kannivadi (TP) Ward 12 Mannankattupathi; Kannivadi (TP) Ward 12 Olapalayam; Kannivadi (TP) Ward 12 Perumal GoundenValasu,Gowri Chitra,,81,505,16.04,False
302,"Panchayat Union Elementary School, Kannivadi, North Facing Building (East Portion)",Kannivadi (TP) Ward 8 Sammanduraipathi; Kannivadi (TP) Ward 9 Sambakattupathi; Kannivadi (TP) Ward 12 Mannankattupathi; Kannivadi (TP) Ward 12 Olapalayam; Kannivadi (TP) Ward 12 Perumal GoundenValasu,Ananthi.S,,0,505,0.0,False
302,"Panchayat Union Elementary School, Kannivadi, North Facing Building (East Portion)",Kannivadi (TP) Ward 8 Sammanduraipathi; Kannivadi (TP) Ward 9 Sambakattupathi; Kannivadi (TP) Ward 12 Mannankattupathi; Kannivadi (TP) Ward 12 Olapalayam; Kannivadi (TP) Ward 12 Perumal GoundenValasu,Indhirani.C,,0,505,0.0,False
302,"Panchayat Union Elementary School, Kannivadi, North Facing Building (East Portion)",Kannivadi (TP) Ward 8 Sammanduraipathi; Kannivadi (TP) Ward 9 Sambakattupathi; Kannivadi (TP) Ward 12 Mannankattupathi; Kannivadi (TP) Ward 12 Olapalayam; Kannivadi (TP) Ward 12 Perumal GoundenValasu,Gowri.P,,0,505,0.0,False
302,"Panchayat Union Elementary School, Kannivadi, North Facing Building (East Portion)",Kannivadi (TP) Ward 8 Sammanduraipathi; Kannivadi (TP) Ward 9 Sambakattupathi; Kannivadi (TP) Ward 12 Mannankattupathi; Kannivadi (TP) Ward 12 Olapalayam; Kannivadi (TP) Ward 12 Perumal GoundenValasu,Mohanraj.M,,1,505,0.2,False
302,"Panchayat Union Elementary School, Kannivadi, North Facing Building (East Portion)",Kannivadi (TP) Ward 8 Sammanduraipathi; Kannivadi (TP) Ward 9 Sambakattupathi; Kannivadi (TP) Ward 12 Mannankattupathi; Kannivadi (TP) Ward 12 Olapalayam; Kannivadi (TP) Ward 12 Perumal GoundenValasu,Rohini.S,,0,505,0.0,False
302,"Panchayat Union Elementary School, Kannivadi, North Facing Building (East Portion)",Kannivadi (TP) Ward 8 Sammanduraipathi; Kannivadi (TP) Ward 9 Sambakattupathi; Kannivadi (TP) Ward 12 Mannankattupathi; Kannivadi (TP) Ward 12 Olapalayam; Kannivadi (TP) Ward 12 Perumal GoundenValasu,NOTA,NOTA,3,505,0.59,False
303,"P U E School, Kathakotai 639202,North Facing Building",Kannivadi (TP) Ward 11 Notchivalasu; Kannivadi (TP) Ward 11 Kathakottai West Street; Kannivadi (TP) Ward 11 Kathakottai South Street,Indirani.T,,136,369,36.86,False
303,"P U E School, Kathakotai 639202,North Facing Building",Kannivadi (TP) Ward 11 Notchivalasu; Kannivadi (TP) Ward 11 Kathakottai West Street; Kannivadi (TP) Ward 11 Kathakottai South Street,Sathyabama.P,,160,369,43.36,True
303,"P U E School, Kathakotai 639202,North Facing Building",Kannivadi (TP) Ward 11 Notchivalasu; Kannivadi (TP) Ward 11 Kathakottai West Street; Kannivadi (TP) Ward 11 Kathakottai South Street,Dhivya,,15,369,4.07,False
303,"P U E School, Kathakotai 639202,North Facing Building",Kannivadi (TP) Ward 11 Notchivalasu; Kannivadi (TP) Ward 11 Kathakottai West Street; Kannivadi (TP) Ward 11 Kathakottai South Street,Gowri Chitra,,55,369,14.91,False
303,"P U E School, Kathakotai 639202,North Facing Building",Kannivadi (TP) Ward 11 Notchivalasu; Kannivadi (TP) Ward 11 Kathakottai West Street; Kannivadi (TP) Ward 11 Kathakottai South Street,Ananthi.S,,1,369,0.27,False
303,"P U E School, Kathakotai 639202,North Facing Building",Kannivadi (TP) Ward 11 Notchivalasu; Kannivadi (TP) Ward 11 Kathakottai West Street; Kannivadi (TP) Ward 11 Kathakottai South Street,Indhirani.C,,0,369,0.0,False
303,"P U E School, Kathakotai 639202,North Facing Building",Kannivadi (TP) Ward 11 Notchivalasu; Kannivadi (TP) Ward 11 Kathakottai West Street; Kannivadi (TP) Ward 11 Kathakottai South Street,Gowri.P,,0,369,0.0,False
303,"P U E School, Kathakotai 639202,North Facing Building",Kannivadi (TP) Ward 11 Notchivalasu; Kannivadi (TP) Ward 11 Kathakottai West Street; Kannivadi (TP) Ward 11 Kathakottai South Street,Mohanraj.M,,0,369,0.0,False
303,"P U E School, Kathakotai 639202,North Facing Building",Kannivadi (TP) Ward 11 Notchivalasu; Kannivadi (TP) Ward 11 Kathakottai West Street; Kannivadi (TP) Ward 11 Kathakottai South Street,Rohini.S,,0,369,0.0,False
303,"P U E School, Kathakotai 639202,North Facing Building",Kannivadi (TP) Ward 11 Notchivalasu; Kannivadi (TP) Ward 11 Kathakottai West Street; Kannivadi (TP) Ward 11 Kathakottai South Street,NOTA,NOTA,2,369,0.54,False
304,"P.U.E.S Sakkaraivalasu,North Facing Building Mannangadu","Edakkalpadi (R.V) and (P) Ward 1, Sallamettupathi, kolakattupathi; Edakkalpadi (R.V) and (P) Ward 2, Sakkaravalasu Puliankattupathi; Edakkalpadi (R.V) and (P) Ward 3, Merkupalayam,Edakkalpadi",Indirani.T,,223,656,33.99,False
304,"P.U.E.S Sakkaraivalasu,North Facing Building Mannangadu","Edakkalpadi (R.V) and (P) Ward 1, Sallamettupathi, kolakattupathi; Edakkalpadi (R.V) and (P) Ward 2, Sakkaravalasu Puliankattupathi; Edakkalpadi (R.V) and (P) Ward 3, Merkupalayam,Edakkalpadi",Sathyabama.P,,280,656,42.68,True
304,"P.U.E.S Sakkaraivalasu,North Facing Building Mannangadu","Edakkalpadi (R.V) and (P) Ward 1, Sallamettupathi, kolakattupathi; Edakkalpadi (R.V) and (P) Ward 2, Sakkaravalasu Puliankattupathi; Edakkalpadi (R.V) and (P) Ward 3, Merkupalayam,Edakkalpadi",Dhivya,,39,656,5.95,False
304,"P.U.E.S Sakkaraivalasu,North Facing Building Mannangadu","Edakkalpadi (R.V) and (P) Ward 1, Sallamettupathi, kolakattupathi; Edakkalpadi (R.V) and (P) Ward 2, Sakkaravalasu Puliankattupathi; Edakkalpadi (R.V) and (P) Ward 3, Merkupalayam,Edakkalpadi",Gowri Chitra,,106,656,16.16,False
304,"P.U.E.S Sakkaraivalasu,North Facing Building Mannangadu","Edakkalpadi (R.V) and (P) Ward 1, Sallamettupathi, kolakattupathi; Edakkalpadi (R.V) and (P) Ward 2, Sakkaravalasu Puliankattupathi; Edakkalpadi (R.V) and (P) Ward 3, Merkupalayam,Edakkalpadi",Ananthi.S,,0,656,0.0,False
304,"P.U.E.S Sakkaraivalasu,North Facing Building Mannangadu","Edakkalpadi (R.V) and (P) Ward 1, Sallamettupathi, kolakattupathi; Edakkalpadi (R.V) and (P) Ward 2, Sakkaravalasu Puliankattupathi; Edakkalpadi (R.V) and (P) Ward 3, Merkupalayam,Edakkalpadi",Indhirani.C,,1,656,0.15,False
304,"P.U.E.S Sakkaraivalasu,North Facing Building Mannangadu","Edakkalpadi (R.V) and (P) Ward 1, Sallamettupathi, kolakattupathi; Edakkalpadi (R.V) and (P) Ward 2, Sakkaravalasu Puliankattupathi; Edakkalpadi (R.V) and (P) Ward 3, Merkupalayam,Edakkalpadi",Gowri.P,,0,656,0.0,False
304,"P.U.E.S Sakkaraivalasu,North Facing Building Mannangadu","Edakkalpadi (R.V) and (P) Ward 1, Sallamettupathi, kolakattupathi; Edakkalpadi (R.V) and (P) Ward 2, Sakkaravalasu Puliankattupathi; Edakkalpadi (R.V) and (P) Ward 3, Merkupalayam,Edakkalpadi",Mohanraj.M,,0,656,0.0,False
304,"P.U.E.S Sakkaraivalasu,North Facing Building Mannangadu","Edakkalpadi (R.V) and (P) Ward 1, Sallamettupathi, kolakattupathi; Edakkalpadi (R.V) and (P) Ward 2, Sakkaravalasu Puliankattupathi; Edakkalpadi (R.V) and (P) Ward 3, Merkupalayam,Edakkalpadi",Rohini.S,,2,656,0.3,False
304,"P.U.E.S Sakkaraivalasu,North Facing Building Mannangadu","Edakkalpadi (R.V) and (P) Ward 1, Sallamettupathi, kolakattupathi; Edakkalpadi (R.V) and (P) Ward 2, Sakkaravalasu Puliankattupathi; Edakkalpadi (R.V) and (P) Ward 3, Merkupalayam,Edakkalpadi",NOTA,NOTA,5,656,0.76,False
305,"P.U.E.S, Kilangundal-638106,North Facing Terraced Building (West Building)","Kilangundal (R.V) and (P) Ward 1, Anaipali, mookkutherichampalayam; Kilangundal (R.V) and (P) Ward 1, Sulliaporurkkipalayam; Kilangundal (R.V) and (P) Ward 1, Rengavalasu,Akilandapuram",Indirani.T,,192,696,27.59,False
305,"P.U.E.S, Kilangundal-638106,North Facing Terraced Building (West Building)","Kilangundal (R.V) and (P) Ward 1, Anaipali, mookkutherichampalayam; Kilangundal (R.V) and (P) Ward 1, Sulliaporurkkipalayam; Kilangundal (R.V) and (P) Ward 1, Rengavalasu,Akilandapuram",Sathyabama.P,,349,696,50.14,True
305,"P.U.E.S, Kilangundal-638106,North Facing Terraced Building (West Building)","Kilangundal (R.V) and (P) Ward 1, Anaipali, mookkutherichampalayam; Kilangundal (R.V) and (P) Ward 1, Sulliaporurkkipalayam; Kilangundal (R.V) and (P) Ward 1, Rengavalasu,Akilandapuram",Dhivya,,27,696,3.88,False
305,"P.U.E.S, Kilangundal-638106,North Facing Terraced Building (West Building)","Kilangundal (R.V) and (P) Ward 1, Anaipali, mookkutherichampalayam; Kilangundal (R.V) and (P) Ward 1, Sulliaporurkkipalayam; Kilangundal (R.V) and (P) Ward 1, Rengavalasu,Akilandapuram",Gowri Chitra,,121,696,17.39,False
305,"P.U.E.S, Kilangundal-638106,North Facing Terraced Building (West Building)","Kilangundal (R.V) and (P) Ward 1, Anaipali, mookkutherichampalayam; Kilangundal (R.V) and (P) Ward 1, Sulliaporurkkipalayam; Kilangundal (R.V) and (P) Ward 1, Rengavalasu,Akilandapuram",Ananthi.S,,0,696,0.0,False
305,"P.U.E.S, Kilangundal-638106,North Facing Terraced Building (West Building)","Kilangundal (R.V) and (P) Ward 1, Anaipali, mookkutherichampalayam; Kilangundal (R.V) and (P) Ward 1, Sulliaporurkkipalayam; Kilangundal (R.V) and (P) Ward 1, Rengavalasu,Akilandapuram",Indhirani.C,,0,696,0.0,False
305,"P.U.E.S, Kilangundal-638106,North Facing Terraced Building (West Building)","Kilangundal (R.V) and (P) Ward 1, Anaipali, mookkutherichampalayam; Kilangundal (R.V) and (P) Ward 1, Sulliaporurkkipalayam; Kilangundal (R.V) and (P) Ward 1, Rengavalasu,Akilandapuram",Gowri.P,,0,696,0.0,False
305,"P.U.E.S, Kilangundal-638106,North Facing Terraced Building (West Building)","Kilangundal (R.V) and (P) Ward 1, Anaipali, mookkutherichampalayam; Kilangundal (R.V) and (P) Ward 1, Sulliaporurkkipalayam; Kilangundal (R.V) and (P) Ward 1, Rengavalasu,Akilandapuram",Mohanraj.M,,1,696,0.14,False
305,"P.U.E.S, Kilangundal-638106,North Facing Terraced Building (West Building)","Kilangundal (R.V) and (P) Ward 1, Anaipali, mookkutherichampalayam; Kilangundal (R.V) and (P) Ward 1, Sulliaporurkkipalayam; Kilangundal (R.V) and (P) Ward 1, Rengavalasu,Akilandapuram",Rohini.S,,2,696,0.29,False
305,"P.U.E.S, Kilangundal-638106,North Facing Terraced Building (West Building)","Kilangundal (R.V) and (P) Ward 1, Anaipali, mookkutherichampalayam; Kilangundal (R.V) and (P) Ward 1, Sulliaporurkkipalayam; Kilangundal (R.V) and (P) Ward 1, Rengavalasu,Akilandapuram",NOTA,NOTA,4,696,0.57,False
306,"P.U.E.S,Kilangundal-638106,North facing Tiled Building (East Building )","Kilangundal (R.V) and (P) Ward 1, Pappavalasu; Kilangundal (R.V) and (P) Ward 2, Perumapalayam; Kilangundal (R.V) and (P) Ward 2, Kilangundal",Indirani.T,,215,682,31.52,False
306,"P.U.E.S,Kilangundal-638106,North facing Tiled Building (East Building )","Kilangundal (R.V) and (P) Ward 1, Pappavalasu; Kilangundal (R.V) and (P) Ward 2, Perumapalayam; Kilangundal (R.V) and (P) Ward 2, Kilangundal",Sathyabama.P,,303,682,44.43,True
306,"P.U.E.S,Kilangundal-638106,North facing Tiled Building (East Building )","Kilangundal (R.V) and (P) Ward 1, Pappavalasu; Kilangundal (R.V) and (P) Ward 2, Perumapalayam; Kilangundal (R.V) and (P) Ward 2, Kilangundal",Dhivya,,48,682,7.04,False
306,"P.U.E.S,Kilangundal-638106,North facing Tiled Building (East Building )","Kilangundal (R.V) and (P) Ward 1, Pappavalasu; Kilangundal (R.V) and (P) Ward 2, Perumapalayam; Kilangundal (R.V) and (P) Ward 2, Kilangundal",Gowri Chitra,,111,682,16.28,False
306,"P.U.E.S,Kilangundal-638106,North facing Tiled Building (East Building )","Kilangundal (R.V) and (P) Ward 1, Pappavalasu; Kilangundal (R.V) and (P) Ward 2, Perumapalayam; Kilangundal (R.V) and (P) Ward 2, Kilangundal",Ananthi.S,,0,682,0.0,False
306,"P.U.E.S,Kilangundal-638106,North facing Tiled Building (East Building )","Kilangundal (R.V) and (P) Ward 1, Pappavalasu; Kilangundal (R.V) and (P) Ward 2, Perumapalayam; Kilangundal (R.V) and (P) Ward 2, Kilangundal",Indhirani.C,,1,682,0.15,False
306,"P.U.E.S,Kilangundal-638106,North facing Tiled Building (East Building )","Kilangundal (R.V) and (P) Ward 1, Pappavalasu; Kilangundal (R.V) and (P) Ward 2, Perumapalayam; Kilangundal (R.V) and (P) Ward 2, Kilangundal",Gowri.P,,1,682,0.15,False
306,"P.U.E.S,Kilangundal-638106,North facing Tiled Building (East Building )","Kilangundal (R.V) and (P) Ward 1, Pappavalasu; Kilangundal (R.V) and (P) Ward 2, Perumapalayam; Kilangundal (R.V) and (P) Ward 2, Kilangundal",Mohanraj.M,,0,682,0.0,False
306,"P.U.E.S,Kilangundal-638106,North facing Tiled Building (East Building )","Kilangundal (R.V) and (P) Ward 1, Pappavalasu; Kilangundal (R.V) and (P) Ward 2, Perumapalayam; Kilangundal (R.V) and (P) Ward 2, Kilangundal",Rohini.S,,0,682,0.0,False
306,"P.U.E.S,Kilangundal-638106,North facing Tiled Building (East Building )","Kilangundal (R.V) and (P) Ward 1, Pappavalasu; Kilangundal (R.V) and (P) Ward 2, Perumapalayam; Kilangundal (R.V) and (P) Ward 2, Kilangundal",NOTA,NOTA,3,682,0.44,False
307,"Govt High School, Sesaiyanpalayam 638106,South Facing Building","Kilangundal (R.V) and (P) Ward 2, Sesaiyanpalayam; Kilangundal (R.V) and (P) Ward 3, Putthur Mattaparai, Thoppur; Kilangundal (R.V) and (P) Ward 3, SankanValasu",Indirani.T,,166,700,23.71,False
307,"Govt High School, Sesaiyanpalayam 638106,South Facing Building","Kilangundal (R.V) and (P) Ward 2, Sesaiyanpalayam; Kilangundal (R.V) and (P) Ward 3, Putthur Mattaparai, Thoppur; Kilangundal (R.V) and (P) Ward 3, SankanValasu",Sathyabama.P,,347,700,49.57,True
307,"Govt High School, Sesaiyanpalayam 638106,South Facing Building","Kilangundal (R.V) and (P) Ward 2, Sesaiyanpalayam; Kilangundal (R.V) and (P) Ward 3, Putthur Mattaparai, Thoppur; Kilangundal (R.V) and (P) Ward 3, SankanValasu",Dhivya,,30,700,4.29,False
307,"Govt High School, Sesaiyanpalayam 638106,South Facing Building","Kilangundal (R.V) and (P) Ward 2, Sesaiyanpalayam; Kilangundal (R.V) and (P) Ward 3, Putthur Mattaparai, Thoppur; Kilangundal (R.V) and (P) Ward 3, SankanValasu",Gowri Chitra,,156,700,22.29,False
307,"Govt High School, Sesaiyanpalayam 638106,South Facing Building","Kilangundal (R.V) and (P) Ward 2, Sesaiyanpalayam; Kilangundal (R.V) and (P) Ward 3, Putthur Mattaparai, Thoppur; Kilangundal (R.V) and (P) Ward 3, SankanValasu",Ananthi.S,,0,700,0.0,False
307,"Govt High School, Sesaiyanpalayam 638106,South Facing Building","Kilangundal (R.V) and (P) Ward 2, Sesaiyanpalayam; Kilangundal (R.V) and (P) Ward 3, Putthur Mattaparai, Thoppur; Kilangundal (R.V) and (P) Ward 3, SankanValasu",Indhirani.C,,0,700,0.0,False
307,"Govt High School, Sesaiyanpalayam 638106,South Facing Building","Kilangundal (R.V) and (P) Ward 2, Sesaiyanpalayam; Kilangundal (R.V) and (P) Ward 3, Putthur Mattaparai, Thoppur; Kilangundal (R.V) and (P) Ward 3, SankanValasu",Gowri.P,,0,700,0.0,False
307,"Govt High School, Sesaiyanpalayam 638106,South Facing Building","Kilangundal (R.V) and (P) Ward 2, Sesaiyanpalayam; Kilangundal (R.V) and (P) Ward 3, Putthur Mattaparai, Thoppur; Kilangundal (R.V) and (P) Ward 3, SankanValasu",Mohanraj.M,,0,700,0.0,False
307,"Govt High School, Sesaiyanpalayam 638106,South Facing Building","Kilangundal (R.V) and (P) Ward 2, Sesaiyanpalayam; Kilangundal (R.V) and (P) Ward 3, Putthur Mattaparai, Thoppur; Kilangundal (R.V) and (P) Ward 3, SankanValasu",Rohini.S,,0,700,0.0,False
307,"Govt High School, Sesaiyanpalayam 638106,South Facing Building","Kilangundal (R.V) and (P) Ward 2, Sesaiyanpalayam; Kilangundal (R.V) and (P) Ward 3, Putthur Mattaparai, Thoppur; Kilangundal (R.V) and (P) Ward 3, SankanValasu",NOTA,NOTA,1,700,0.14,False
308,"P U E School, Valaiyakaranvalasu 638106,East Facing Building","Kilangundal (R.V) and (P) Ward 3, Kunjampatti,p.k.valasu,murugur; Kilangundal (R.V) and (P) Ward 3, Valaiyakaran Valasu North; Kilangundal (R.V) and (P) Ward 3, Anuppapatti (Nachamapallam); Kilangundal (R.V) and (P) Ward 3, Valaiyakaran Valsu South",Indirani.T,,149,737,20.22,False
308,"P U E School, Valaiyakaranvalasu 638106,East Facing Building","Kilangundal (R.V) and (P) Ward 3, Kunjampatti,p.k.valasu,murugur; Kilangundal (R.V) and (P) Ward 3, Valaiyakaran Valasu North; Kilangundal (R.V) and (P) Ward 3, Anuppapatti (Nachamapallam); Kilangundal (R.V) and (P) Ward 3, Valaiyakaran Valsu South",Sathyabama.P,,359,737,48.71,True
308,"P U E School, Valaiyakaranvalasu 638106,East Facing Building","Kilangundal (R.V) and (P) Ward 3, Kunjampatti,p.k.valasu,murugur; Kilangundal (R.V) and (P) Ward 3, Valaiyakaran Valasu North; Kilangundal (R.V) and (P) Ward 3, Anuppapatti (Nachamapallam); Kilangundal (R.V) and (P) Ward 3, Valaiyakaran Valsu South",Dhivya,,23,737,3.12,False
308,"P U E School, Valaiyakaranvalasu 638106,East Facing Building","Kilangundal (R.V) and (P) Ward 3, Kunjampatti,p.k.valasu,murugur; Kilangundal (R.V) and (P) Ward 3, Valaiyakaran Valasu North; Kilangundal (R.V) and (P) Ward 3, Anuppapatti (Nachamapallam); Kilangundal (R.V) and (P) Ward 3, Valaiyakaran Valsu South",Gowri Chitra,,202,737,27.41,False
308,"P U E School, Valaiyakaranvalasu 638106,East Facing Building","Kilangundal (R.V) and (P) Ward 3, Kunjampatti,p.k.valasu,murugur; Kilangundal (R.V) and (P) Ward 3, Valaiyakaran Valasu North; Kilangundal (R.V) and (P) Ward 3, Anuppapatti (Nachamapallam); Kilangundal (R.V) and (P) Ward 3, Valaiyakaran Valsu South",Ananthi.S,,0,737,0.0,False
308,"P U E School, Valaiyakaranvalasu 638106,East Facing Building","Kilangundal (R.V) and (P) Ward 3, Kunjampatti,p.k.valasu,murugur; Kilangundal (R.V) and (P) Ward 3, Valaiyakaran Valasu North; Kilangundal (R.V) and (P) Ward 3, Anuppapatti (Nachamapallam); Kilangundal (R.V) and (P) Ward 3, Valaiyakaran Valsu South",Indhirani.C,,0,737,0.0,False
308,"P U E School, Valaiyakaranvalasu 638106,East Facing Building","Kilangundal (R.V) and (P) Ward 3, Kunjampatti,p.k.valasu,murugur; Kilangundal (R.V) and (P) Ward 3, Valaiyakaran Valasu North; Kilangundal (R.V) and (P) Ward 3, Anuppapatti (Nachamapallam); Kilangundal (R.V) and (P) Ward 3, Valaiyakaran Valsu South",Gowri.P,,0,737,0.0,False
308,"P U E School, Valaiyakaranvalasu 638106,East Facing Building","Kilangundal (R.V) and (P) Ward 3, Kunjampatti,p.k.valasu,murugur; Kilangundal (R.V) and (P) Ward 3, Valaiyakaran Valasu North; Kilangundal (R.V) and (P) Ward 3, Anuppapatti (Nachamapallam); Kilangundal (R.V) and (P) Ward 3, Valaiyakaran Valsu South",Mohanraj.M,,0,737,0.0,False
308,"P U E School, Valaiyakaranvalasu 638106,East Facing Building","Kilangundal (R.V) and (P) Ward 3, Kunjampatti,p.k.valasu,murugur; Kilangundal (R.V) and (P) Ward 3, Valaiyakaran Valasu North; Kilangundal (R.V) and (P) Ward 3, Anuppapatti (Nachamapallam); Kilangundal (R.V) and (P) Ward 3, Valaiyakaran Valsu South",Rohini.S,,3,737,0.41,False
308,"P U E School, Valaiyakaranvalasu 638106,East Facing Building","Kilangundal (R.V) and (P) Ward 3, Kunjampatti,p.k.valasu,murugur; Kilangundal (R.V) and (P) Ward 3, Valaiyakaran Valasu North; Kilangundal (R.V) and (P) Ward 3, Anuppapatti (Nachamapallam); Kilangundal (R.V) and (P) Ward 3, Valaiyakaran Valsu South",NOTA,NOTA,1,737,0.14,False
309,"Panchayat Union Middle School, Pattuthurai 638106 North Facing Building (West Portion)","Kilangundal (R.V) and (P) Ward 4, Anaipalayam; Kilangundal (R.V) and (P) Ward 4, Pattuthurai",Indirani.T,,217,482,45.02,True
309,"Panchayat Union Middle School, Pattuthurai 638106 North Facing Building (West Portion)","Kilangundal (R.V) and (P) Ward 4, Anaipalayam; Kilangundal (R.V) and (P) Ward 4, Pattuthurai",Sathyabama.P,,201,482,41.7,False
309,"Panchayat Union Middle School, Pattuthurai 638106 North Facing Building (West Portion)","Kilangundal (R.V) and (P) Ward 4, Anaipalayam; Kilangundal (R.V) and (P) Ward 4, Pattuthurai",Dhivya,,4,482,0.83,False
309,"Panchayat Union Middle School, Pattuthurai 638106 North Facing Building (West Portion)","Kilangundal (R.V) and (P) Ward 4, Anaipalayam; Kilangundal (R.V) and (P) Ward 4, Pattuthurai",Gowri Chitra,,56,482,11.62,False
309,"Panchayat Union Middle School, Pattuthurai 638106 North Facing Building (West Portion)","Kilangundal (R.V) and (P) Ward 4, Anaipalayam; Kilangundal (R.V) and (P) Ward 4, Pattuthurai",Ananthi.S,,0,482,0.0,False
309,"Panchayat Union Middle School, Pattuthurai 638106 North Facing Building (West Portion)","Kilangundal (R.V) and (P) Ward 4, Anaipalayam; Kilangundal (R.V) and (P) Ward 4, Pattuthurai",Indhirani.C,,0,482,0.0,False
309,"Panchayat Union Middle School, Pattuthurai 638106 North Facing Building (West Portion)","Kilangundal (R.V) and (P) Ward 4, Anaipalayam; Kilangundal (R.V) and (P) Ward 4, Pattuthurai",Gowri.P,,0,482,0.0,False
309,"Panchayat Union Middle School, Pattuthurai 638106 North Facing Building (West Portion)","Kilangundal (R.V) and (P) Ward 4, Anaipalayam; Kilangundal (R.V) and (P) Ward 4, Pattuthurai",Mohanraj.M,,0,482,0.0,False
309,"Panchayat Union Middle School, Pattuthurai 638106 North Facing Building (West Portion)","Kilangundal (R.V) and (P) Ward 4, Anaipalayam; Kilangundal (R.V) and (P) Ward 4, Pattuthurai",Rohini.S,,1,482,0.21,False
309,"Panchayat Union Middle School, Pattuthurai 638106 North Facing Building (West Portion)","Kilangundal (R.V) and (P) Ward 4, Anaipalayam; Kilangundal (R.V) and (P) Ward 4, Pattuthurai",NOTA,NOTA,3,482,0.62,False
310,"P.U.M.School, Pattuthurai- 638106,North Facing Building (East","Kilangundal (R.V) and (P) Ward 4, Thulukkavalasu; Kilangundal (R.V) and (P) Ward 5, Ayyampalayam Meenachivalasu",Indirani.T,,147,504,29.17,False
310,"P.U.M.School, Pattuthurai- 638106,North Facing Building (East","Kilangundal (R.V) and (P) Ward 4, Thulukkavalasu; Kilangundal (R.V) and (P) Ward 5, Ayyampalayam Meenachivalasu",Sathyabama.P,,289,504,57.34,True
310,"P.U.M.School, Pattuthurai- 638106,North Facing Building (East","Kilangundal (R.V) and (P) Ward 4, Thulukkavalasu; Kilangundal (R.V) and (P) Ward 5, Ayyampalayam Meenachivalasu",Dhivya,,9,504,1.79,False
310,"P.U.M.School, Pattuthurai- 638106,North Facing Building (East","Kilangundal (R.V) and (P) Ward 4, Thulukkavalasu; Kilangundal (R.V) and (P) Ward 5, Ayyampalayam Meenachivalasu",Gowri Chitra,,57,504,11.31,False
310,"P.U.M.School, Pattuthurai- 638106,North Facing Building (East","Kilangundal (R.V) and (P) Ward 4, Thulukkavalasu; Kilangundal (R.V) and (P) Ward 5, Ayyampalayam Meenachivalasu",Ananthi.S,,0,504,0.0,False
310,"P.U.M.School, Pattuthurai- 638106,North Facing Building (East","Kilangundal (R.V) and (P) Ward 4, Thulukkavalasu; Kilangundal (R.V) and (P) Ward 5, Ayyampalayam Meenachivalasu",Indhirani.C,,0,504,0.0,False
310,"P.U.M.School, Pattuthurai- 638106,North Facing Building (East","Kilangundal (R.V) and (P) Ward 4, Thulukkavalasu; Kilangundal (R.V) and (P) Ward 5, Ayyampalayam Meenachivalasu",Gowri.P,,0,504,0.0,False
310,"P.U.M.School, Pattuthurai- 638106,North Facing Building (East","Kilangundal (R.V) and (P) Ward 4, Thulukkavalasu; Kilangundal (R.V) and (P) Ward 5, Ayyampalayam Meenachivalasu",Mohanraj.M,,0,504,0.0,False
310,"P.U.M.School, Pattuthurai- 638106,North Facing Building (East","Kilangundal (R.V) and (P) Ward 4, Thulukkavalasu; Kilangundal (R.V) and (P) Ward 5, Ayyampalayam Meenachivalasu",Rohini.S,,0,504,0.0,False
310,"P.U.M.School, Pattuthurai- 638106,North Facing Building (East","Kilangundal (R.V) and (P) Ward 4, Thulukkavalasu; Kilangundal (R.V) and (P) Ward 5, Ayyampalayam Meenachivalasu",NOTA,NOTA,2,504,0.4,False
311,"Portion) P U E School, Semagoundenpudur","Kilangundal (R.V) and (P) Ward 5, Venkikalpatti",Indirani.T,,151,530,28.49,False
311,"Portion) P U E School, Semagoundenpudur","Kilangundal (R.V) and (P) Ward 5, Venkikalpatti",Sathyabama.P,,294,530,55.47,True
311,"Portion) P U E School, Semagoundenpudur","Kilangundal (R.V) and (P) Ward 5, Venkikalpatti",Dhivya,,13,530,2.45,False
311,"Portion) P U E School, Semagoundenpudur","Kilangundal (R.V) and (P) Ward 5, Venkikalpatti",Gowri Chitra,,64,530,12.08,False
311,"Portion) P U E School, Semagoundenpudur","Kilangundal (R.V) and (P) Ward 5, Venkikalpatti",Ananthi.S,,0,530,0.0,False
311,"Portion) P U E School, Semagoundenpudur","Kilangundal (R.V) and (P) Ward 5, Venkikalpatti",Indhirani.C,,0,530,0.0,False
311,"Portion) P U E School, Semagoundenpudur","Kilangundal (R.V) and (P) Ward 5, Venkikalpatti",Gowri.P,,1,530,0.19,False
311,"Portion) P U E School, Semagoundenpudur","Kilangundal (R.V) and (P) Ward 5, Venkikalpatti",Mohanraj.M,,0,530,0.0,False
311,"Portion) P U E School, Semagoundenpudur","Kilangundal (R.V) and (P) Ward 5, Venkikalpatti",Rohini.S,,2,530,0.38,False
311,"Portion) P U E School, Semagoundenpudur","Kilangundal (R.V) and (P) Ward 5, Venkikalpatti",NOTA,NOTA,5,530,0.94,False
312,"638106,North Facing Building PUES Chinniyagoundenvalasu 638106,East Facing Building","Kilangundal (R.V) and (P) Ward 5, Semmanda Gounden Puthur; Komarapalayam (R.V) and (P) Ward 4, Nochikattuvalasu,thillaigounden puthur; Komarapalayam (R.V) and (P) Ward 5, Karudan Kottal",Indirani.T,,207,753,27.49,False
312,"638106,North Facing Building PUES Chinniyagoundenvalasu 638106,East Facing Building","Kilangundal (R.V) and (P) Ward 5, Semmanda Gounden Puthur; Komarapalayam (R.V) and (P) Ward 4, Nochikattuvalasu,thillaigounden puthur; Komarapalayam (R.V) and (P) Ward 5, Karudan Kottal",Sathyabama.P,,322,753,42.76,True
312,"638106,North Facing Building PUES Chinniyagoundenvalasu 638106,East Facing Building","Kilangundal (R.V) and (P) Ward 5, Semmanda Gounden Puthur; Komarapalayam (R.V) and (P) Ward 4, Nochikattuvalasu,thillaigounden puthur; Komarapalayam (R.V) and (P) Ward 5, Karudan Kottal",Dhivya,,16,753,2.12,False
312,"638106,North Facing Building PUES Chinniyagoundenvalasu 638106,East Facing Building","Kilangundal (R.V) and (P) Ward 5, Semmanda Gounden Puthur; Komarapalayam (R.V) and (P) Ward 4, Nochikattuvalasu,thillaigounden puthur; Komarapalayam (R.V) and (P) Ward 5, Karudan Kottal",Gowri Chitra,,196,753,26.03,False
312,"638106,North Facing Building PUES Chinniyagoundenvalasu 638106,East Facing Building","Kilangundal (R.V) and (P) Ward 5, Semmanda Gounden Puthur; Komarapalayam (R.V) and (P) Ward 4, Nochikattuvalasu,thillaigounden puthur; Komarapalayam (R.V) and (P) Ward 5, Karudan Kottal",Ananthi.S,,1,753,0.13,False
312,"638106,North Facing Building PUES Chinniyagoundenvalasu 638106,East Facing Building","Kilangundal (R.V) and (P) Ward 5, Semmanda Gounden Puthur; Komarapalayam (R.V) and (P) Ward 4, Nochikattuvalasu,thillaigounden puthur; Komarapalayam (R.V) and (P) Ward 5, Karudan Kottal",Indhirani.C,,1,753,0.13,False
312,"638106,North Facing Building PUES Chinniyagoundenvalasu 638106,East Facing Building","Kilangundal (R.V) and (P) Ward 5, Semmanda Gounden Puthur; Komarapalayam (R.V) and (P) Ward 4, Nochikattuvalasu,thillaigounden puthur; Komarapalayam (R.V) and (P) Ward 5, Karudan Kottal",Gowri.P,,0,753,0.0,False
312,"638106,North Facing Building PUES Chinniyagoundenvalasu 638106,East Facing Building","Kilangundal (R.V) and (P) Ward 5, Semmanda Gounden Puthur; Komarapalayam (R.V) and (P) Ward 4, Nochikattuvalasu,thillaigounden puthur; Komarapalayam (R.V) and (P) Ward 5, Karudan Kottal",Mohanraj.M,,4,753,0.53,False
312,"638106,North Facing Building PUES Chinniyagoundenvalasu 638106,East Facing Building","Kilangundal (R.V) and (P) Ward 5, Semmanda Gounden Puthur; Komarapalayam (R.V) and (P) Ward 4, Nochikattuvalasu,thillaigounden puthur; Komarapalayam (R.V) and (P) Ward 5, Karudan Kottal",Rohini.S,,0,753,0.0,False
312,"638106,North Facing Building PUES Chinniyagoundenvalasu 638106,East Facing Building","Kilangundal (R.V) and (P) Ward 5, Semmanda Gounden Puthur; Komarapalayam (R.V) and (P) Ward 4, Nochikattuvalasu,thillaigounden puthur; Komarapalayam (R.V) and (P) Ward 5, Karudan Kottal",NOTA,NOTA,6,753,0.8,False
313,"PUES, Chinniyagoundenvalasu- 638106,South Facing Building","Komarapalayam (R.V) and (P) Ward 5, Chinniyagounden valasu east; Komarapalayam (R.V) and (P) Ward 5, ChinniyaGounden Valasu West",Indirani.T,,192,591,32.49,False
313,"PUES, Chinniyagoundenvalasu- 638106,South Facing Building","Komarapalayam (R.V) and (P) Ward 5, Chinniyagounden valasu east; Komarapalayam (R.V) and (P) Ward 5, ChinniyaGounden Valasu West",Sathyabama.P,,298,591,50.42,True
313,"PUES, Chinniyagoundenvalasu- 638106,South Facing Building","Komarapalayam (R.V) and (P) Ward 5, Chinniyagounden valasu east; Komarapalayam (R.V) and (P) Ward 5, ChinniyaGounden Valasu West",Dhivya,,23,591,3.89,False
313,"PUES, Chinniyagoundenvalasu- 638106,South Facing Building","Komarapalayam (R.V) and (P) Ward 5, Chinniyagounden valasu east; Komarapalayam (R.V) and (P) Ward 5, ChinniyaGounden Valasu West",Gowri Chitra,,69,591,11.68,False
313,"PUES, Chinniyagoundenvalasu- 638106,South Facing Building","Komarapalayam (R.V) and (P) Ward 5, Chinniyagounden valasu east; Komarapalayam (R.V) and (P) Ward 5, ChinniyaGounden Valasu West",Ananthi.S,,0,591,0.0,False
313,"PUES, Chinniyagoundenvalasu- 638106,South Facing Building","Komarapalayam (R.V) and (P) Ward 5, Chinniyagounden valasu east; Komarapalayam (R.V) and (P) Ward 5, ChinniyaGounden Valasu West",Indhirani.C,,1,591,0.17,False
313,"PUES, Chinniyagoundenvalasu- 638106,South Facing Building","Komarapalayam (R.V) and (P) Ward 5, Chinniyagounden valasu east; Komarapalayam (R.V) and (P) Ward 5, ChinniyaGounden Valasu West",Gowri.P,,0,591,0.0,False
313,"PUES, Chinniyagoundenvalasu- 638106,South Facing Building","Komarapalayam (R.V) and (P) Ward 5, Chinniyagounden valasu east; Komarapalayam (R.V) and (P) Ward 5, ChinniyaGounden Valasu West",Mohanraj.M,,0,591,0.0,False
313,"PUES, Chinniyagoundenvalasu- 638106,South Facing Building","Komarapalayam (R.V) and (P) Ward 5, Chinniyagounden valasu east; Komarapalayam (R.V) and (P) Ward 5, ChinniyaGounden Valasu West",Rohini.S,,2,591,0.34,False
313,"PUES, Chinniyagoundenvalasu- 638106,South Facing Building","Komarapalayam (R.V) and (P) Ward 5, Chinniyagounden valasu east; Komarapalayam (R.V) and (P) Ward 5, ChinniyaGounden Valasu West",NOTA,NOTA,6,591,1.02,False
314,"P U E School, Silukkanaickanpatti","Komarapalayam (R.V) and (P) Ward 5, ChinniyaGounden Valasu South; Komarapalayam (R.V) and (P) Ward 3, Sillukkanaickenpatti,kandasamy puthur",Indirani.T,,142,448,31.7,False
314,"P U E School, Silukkanaickanpatti","Komarapalayam (R.V) and (P) Ward 5, ChinniyaGounden Valasu South; Komarapalayam (R.V) and (P) Ward 3, Sillukkanaickenpatti,kandasamy puthur",Sathyabama.P,,231,448,51.56,True
314,"P U E School, Silukkanaickanpatti","Komarapalayam (R.V) and (P) Ward 5, ChinniyaGounden Valasu South; Komarapalayam (R.V) and (P) Ward 3, Sillukkanaickenpatti,kandasamy puthur",Dhivya,,16,448,3.57,False
314,"P U E School, Silukkanaickanpatti","Komarapalayam (R.V) and (P) Ward 5, ChinniyaGounden Valasu South; Komarapalayam (R.V) and (P) Ward 3, Sillukkanaickenpatti,kandasamy puthur",Gowri Chitra,,57,448,12.72,False
314,"P U E School, Silukkanaickanpatti","Komarapalayam (R.V) and (P) Ward 5, ChinniyaGounden Valasu South; Komarapalayam (R.V) and (P) Ward 3, Sillukkanaickenpatti,kandasamy puthur",Ananthi.S,,0,448,0.0,False
314,"P U E School, Silukkanaickanpatti","Komarapalayam (R.V) and (P) Ward 5, ChinniyaGounden Valasu South; Komarapalayam (R.V) and (P) Ward 3, Sillukkanaickenpatti,kandasamy puthur",Indhirani.C,,0,448,0.0,False
314,"P U E School, Silukkanaickanpatti","Komarapalayam (R.V) and (P) Ward 5, ChinniyaGounden Valasu South; Komarapalayam (R.V) and (P) Ward 3, Sillukkanaickenpatti,kandasamy puthur",Gowri.P,,0,448,0.0,False
314,"P U E School, Silukkanaickanpatti","Komarapalayam (R.V) and (P) Ward 5, ChinniyaGounden Valasu South; Komarapalayam (R.V) and (P) Ward 3, Sillukkanaickenpatti,kandasamy puthur",Mohanraj.M,,0,448,0.0,False
314,"P U E School, Silukkanaickanpatti","Komarapalayam (R.V) and (P) Ward 5, ChinniyaGounden Valasu South; Komarapalayam (R.V) and (P) Ward 3, Sillukkanaickenpatti,kandasamy puthur",Rohini.S,,1,448,0.22,False
314,"P U E School, Silukkanaickanpatti","Komarapalayam (R.V) and (P) Ward 5, ChinniyaGounden Valasu South; Komarapalayam (R.V) and (P) Ward 3, Sillukkanaickenpatti,kandasamy puthur",NOTA,NOTA,1,448,0.22,False
315,"638106,East Facing Building P U E School, Vannapatti 638106,West Facing Building","Komarapalayam (R.V) and (P) Ward 3, Ramapattinam; Komarapalayam (R.V) and (P) Ward 2, Naicken puthur vannapatti; Komarapalayam (R.V) and (P) Ward 3, Sadaiyappan Puthur,Aruvanakattuvalasu",Indirani.T,,95,371,25.61,False
315,"638106,East Facing Building P U E School, Vannapatti 638106,West Facing Building","Komarapalayam (R.V) and (P) Ward 3, Ramapattinam; Komarapalayam (R.V) and (P) Ward 2, Naicken puthur vannapatti; Komarapalayam (R.V) and (P) Ward 3, Sadaiyappan Puthur,Aruvanakattuvalasu",Sathyabama.P,,185,371,49.87,True
315,"638106,East Facing Building P U E School, Vannapatti 638106,West Facing Building","Komarapalayam (R.V) and (P) Ward 3, Ramapattinam; Komarapalayam (R.V) and (P) Ward 2, Naicken puthur vannapatti; Komarapalayam (R.V) and (P) Ward 3, Sadaiyappan Puthur,Aruvanakattuvalasu",Dhivya,,13,371,3.5,False
315,"638106,East Facing Building P U E School, Vannapatti 638106,West Facing Building","Komarapalayam (R.V) and (P) Ward 3, Ramapattinam; Komarapalayam (R.V) and (P) Ward 2, Naicken puthur vannapatti; Komarapalayam (R.V) and (P) Ward 3, Sadaiyappan Puthur,Aruvanakattuvalasu",Gowri Chitra,,72,371,19.41,False
315,"638106,East Facing Building P U E School, Vannapatti 638106,West Facing Building","Komarapalayam (R.V) and (P) Ward 3, Ramapattinam; Komarapalayam (R.V) and (P) Ward 2, Naicken puthur vannapatti; Komarapalayam (R.V) and (P) Ward 3, Sadaiyappan Puthur,Aruvanakattuvalasu",Ananthi.S,,0,371,0.0,False
315,"638106,East Facing Building P U E School, Vannapatti 638106,West Facing Building","Komarapalayam (R.V) and (P) Ward 3, Ramapattinam; Komarapalayam (R.V) and (P) Ward 2, Naicken puthur vannapatti; Komarapalayam (R.V) and (P) Ward 3, Sadaiyappan Puthur,Aruvanakattuvalasu",Indhirani.C,,0,371,0.0,False
315,"638106,East Facing Building P U E School, Vannapatti 638106,West Facing Building","Komarapalayam (R.V) and (P) Ward 3, Ramapattinam; Komarapalayam (R.V) and (P) Ward 2, Naicken puthur vannapatti; Komarapalayam (R.V) and (P) Ward 3, Sadaiyappan Puthur,Aruvanakattuvalasu",Gowri.P,,0,371,0.0,False
315,"638106,East Facing Building P U E School, Vannapatti 638106,West Facing Building","Komarapalayam (R.V) and (P) Ward 3, Ramapattinam; Komarapalayam (R.V) and (P) Ward 2, Naicken puthur vannapatti; Komarapalayam (R.V) and (P) Ward 3, Sadaiyappan Puthur,Aruvanakattuvalasu",Mohanraj.M,,0,371,0.0,False
315,"638106,East Facing Building P U E School, Vannapatti 638106,West Facing Building","Komarapalayam (R.V) and (P) Ward 3, Ramapattinam; Komarapalayam (R.V) and (P) Ward 2, Naicken puthur vannapatti; Komarapalayam (R.V) and (P) Ward 3, Sadaiyappan Puthur,Aruvanakattuvalasu",Rohini.S,,2,371,0.54,False
315,"638106,East Facing Building P U E School, Vannapatti 638106,West Facing Building","Komarapalayam (R.V) and (P) Ward 3, Ramapattinam; Komarapalayam (R.V) and (P) Ward 2, Naicken puthur vannapatti; Komarapalayam (R.V) and (P) Ward 3, Sadaiyappan Puthur,Aruvanakattuvalasu",NOTA,NOTA,4,371,1.08,False
316,"P U E School, Semmankarai 638106,North Facing Building","Komarapalayam (R.V) and (P) Ward 2, Periyapothur,chinnapothur; Komarapalayam (R.V) and (P) Ward 2, Neduvalasu (a) Ayyampalayam; Komarapalayam (R.V) and (P) Ward 2, Sammangarai",Indirani.T,,196,475,41.26,False
316,"P U E School, Semmankarai 638106,North Facing Building","Komarapalayam (R.V) and (P) Ward 2, Periyapothur,chinnapothur; Komarapalayam (R.V) and (P) Ward 2, Neduvalasu (a) Ayyampalayam; Komarapalayam (R.V) and (P) Ward 2, Sammangarai",Sathyabama.P,,215,475,45.26,True
316,"P U E School, Semmankarai 638106,North Facing Building","Komarapalayam (R.V) and (P) Ward 2, Periyapothur,chinnapothur; Komarapalayam (R.V) and (P) Ward 2, Neduvalasu (a) Ayyampalayam; Komarapalayam (R.V) and (P) Ward 2, Sammangarai",Dhivya,,5,475,1.05,False
316,"P U E School, Semmankarai 638106,North Facing Building","Komarapalayam (R.V) and (P) Ward 2, Periyapothur,chinnapothur; Komarapalayam (R.V) and (P) Ward 2, Neduvalasu (a) Ayyampalayam; Komarapalayam (R.V) and (P) Ward 2, Sammangarai",Gowri Chitra,,52,475,10.95,False
316,"P U E School, Semmankarai 638106,North Facing Building","Komarapalayam (R.V) and (P) Ward 2, Periyapothur,chinnapothur; Komarapalayam (R.V) and (P) Ward 2, Neduvalasu (a) Ayyampalayam; Komarapalayam (R.V) and (P) Ward 2, Sammangarai",Ananthi.S,,0,475,0.0,False
316,"P U E School, Semmankarai 638106,North Facing Building","Komarapalayam (R.V) and (P) Ward 2, Periyapothur,chinnapothur; Komarapalayam (R.V) and (P) Ward 2, Neduvalasu (a) Ayyampalayam; Komarapalayam (R.V) and (P) Ward 2, Sammangarai",Indhirani.C,,1,475,0.21,False
316,"P U E School, Semmankarai 638106,North Facing Building","Komarapalayam (R.V) and (P) Ward 2, Periyapothur,chinnapothur; Komarapalayam (R.V) and (P) Ward 2, Neduvalasu (a) Ayyampalayam; Komarapalayam (R.V) and (P) Ward 2, Sammangarai",Gowri.P,,0,475,0.0,False
316,"P U E School, Semmankarai 638106,North Facing Building","Komarapalayam (R.V) and (P) Ward 2, Periyapothur,chinnapothur; Komarapalayam (R.V) and (P) Ward 2, Neduvalasu (a) Ayyampalayam; Komarapalayam (R.V) and (P) Ward 2, Sammangarai",Mohanraj.M,,3,475,0.63,False
316,"P U E School, Semmankarai 638106,North Facing Building","Komarapalayam (R.V) and (P) Ward 2, Periyapothur,chinnapothur; Komarapalayam (R.V) and (P) Ward 2, Neduvalasu (a) Ayyampalayam; Komarapalayam (R.V) and (P) Ward 2, Sammangarai",Rohini.S,,2,475,0.42,False
316,"P U E School, Semmankarai 638106,North Facing Building","Komarapalayam (R.V) and (P) Ward 2, Periyapothur,chinnapothur; Komarapalayam (R.V) and (P) Ward 2, Neduvalasu (a) Ayyampalayam; Komarapalayam (R.V) and (P) Ward 2, Sammangarai",NOTA,NOTA,1,475,0.21,False
317,"P U E School, M Komarapalayam 638106,North Facing Building","Komarapalayam (R.V) and (P) Ward 1, Komarapalayam ,ellapatti,ilanathoppu; Komarapalayam (R.V) and (P) Ward 1, Vadugapatti",Indirani.T,,199,741,26.86,False
317,"P U E School, M Komarapalayam 638106,North Facing Building","Komarapalayam (R.V) and (P) Ward 1, Komarapalayam ,ellapatti,ilanathoppu; Komarapalayam (R.V) and (P) Ward 1, Vadugapatti",Sathyabama.P,,407,741,54.93,True
317,"P U E School, M Komarapalayam 638106,North Facing Building","Komarapalayam (R.V) and (P) Ward 1, Komarapalayam ,ellapatti,ilanathoppu; Komarapalayam (R.V) and (P) Ward 1, Vadugapatti",Dhivya,,17,741,2.29,False
317,"P U E School, M Komarapalayam 638106,North Facing Building","Komarapalayam (R.V) and (P) Ward 1, Komarapalayam ,ellapatti,ilanathoppu; Komarapalayam (R.V) and (P) Ward 1, Vadugapatti",Gowri Chitra,,105,741,14.17,False
317,"P U E School, M Komarapalayam 638106,North Facing Building","Komarapalayam (R.V) and (P) Ward 1, Komarapalayam ,ellapatti,ilanathoppu; Komarapalayam (R.V) and (P) Ward 1, Vadugapatti",Ananthi.S,,0,741,0.0,False
317,"P U E School, M Komarapalayam 638106,North Facing Building","Komarapalayam (R.V) and (P) Ward 1, Komarapalayam ,ellapatti,ilanathoppu; Komarapalayam (R.V) and (P) Ward 1, Vadugapatti",Indhirani.C,,0,741,0.0,False
317,"P U E School, M Komarapalayam 638106,North Facing Building","Komarapalayam (R.V) and (P) Ward 1, Komarapalayam ,ellapatti,ilanathoppu; Komarapalayam (R.V) and (P) Ward 1, Vadugapatti",Gowri.P,,1,741,0.13,False
317,"P U E School, M Komarapalayam 638106,North Facing Building","Komarapalayam (R.V) and (P) Ward 1, Komarapalayam ,ellapatti,ilanathoppu; Komarapalayam (R.V) and (P) Ward 1, Vadugapatti",Mohanraj.M,,1,741,0.13,False
317,"P U E School, M Komarapalayam 638106,North Facing Building","Komarapalayam (R.V) and (P) Ward 1, Komarapalayam ,ellapatti,ilanathoppu; Komarapalayam (R.V) and (P) Ward 1, Vadugapatti",Rohini.S,,2,741,0.27,False
317,"P U E School, M Komarapalayam 638106,North Facing Building","Komarapalayam (R.V) and (P) Ward 1, Komarapalayam ,ellapatti,ilanathoppu; Komarapalayam (R.V) and (P) Ward 1, Vadugapatti",NOTA,NOTA,9,741,1.21,False
318,"P U E School, M Kambaliampatti 638106,North Facing Building","Komarapalayam (R.V) and (P) Ward 1, Manjakkampatti; Chinnamaruthur (R.V) Kottaimaruthur (P) Ward 1, Puliampatti,uppuppalayam; Chinnamaruthur (R.V) Kottaimaruthur (P) Ward 1, Kambliyampatti; Chinnamaruthur (R.V) Kottaimaruthur (P) Ward 2, Chinnamaruthur",Indirani.T,,182,494,36.84,False
318,"P U E School, M Kambaliampatti 638106,North Facing Building","Komarapalayam (R.V) and (P) Ward 1, Manjakkampatti; Chinnamaruthur (R.V) Kottaimaruthur (P) Ward 1, Puliampatti,uppuppalayam; Chinnamaruthur (R.V) Kottaimaruthur (P) Ward 1, Kambliyampatti; Chinnamaruthur (R.V) Kottaimaruthur (P) Ward 2, Chinnamaruthur",Sathyabama.P,,216,494,43.72,True
318,"P U E School, M Kambaliampatti 638106,North Facing Building","Komarapalayam (R.V) and (P) Ward 1, Manjakkampatti; Chinnamaruthur (R.V) Kottaimaruthur (P) Ward 1, Puliampatti,uppuppalayam; Chinnamaruthur (R.V) Kottaimaruthur (P) Ward 1, Kambliyampatti; Chinnamaruthur (R.V) Kottaimaruthur (P) Ward 2, Chinnamaruthur",Dhivya,,10,494,2.02,False
318,"P U E School, M Kambaliampatti 638106,North Facing Building","Komarapalayam (R.V) and (P) Ward 1, Manjakkampatti; Chinnamaruthur (R.V) Kottaimaruthur (P) Ward 1, Puliampatti,uppuppalayam; Chinnamaruthur (R.V) Kottaimaruthur (P) Ward 1, Kambliyampatti; Chinnamaruthur (R.V) Kottaimaruthur (P) Ward 2, Chinnamaruthur",Gowri Chitra,,80,494,16.19,False
318,"P U E School, M Kambaliampatti 638106,North Facing Building","Komarapalayam (R.V) and (P) Ward 1, Manjakkampatti; Chinnamaruthur (R.V) Kottaimaruthur (P) Ward 1, Puliampatti,uppuppalayam; Chinnamaruthur (R.V) Kottaimaruthur (P) Ward 1, Kambliyampatti; Chinnamaruthur (R.V) Kottaimaruthur (P) Ward 2, Chinnamaruthur",Ananthi.S,,1,494,0.2,False
318,"P U E School, M Kambaliampatti 638106,North Facing Building","Komarapalayam (R.V) and (P) Ward 1, Manjakkampatti; Chinnamaruthur (R.V) Kottaimaruthur (P) Ward 1, Puliampatti,uppuppalayam; Chinnamaruthur (R.V) Kottaimaruthur (P) Ward 1, Kambliyampatti; Chinnamaruthur (R.V) Kottaimaruthur (P) Ward 2, Chinnamaruthur",Indhirani.C,,0,494,0.0,False
318,"P U E School, M Kambaliampatti 638106,North Facing Building","Komarapalayam (R.V) and (P) Ward 1, Manjakkampatti; Chinnamaruthur (R.V) Kottaimaruthur (P) Ward 1, Puliampatti,uppuppalayam; Chinnamaruthur (R.V) Kottaimaruthur (P) Ward 1, Kambliyampatti; Chinnamaruthur (R.V) Kottaimaruthur (P) Ward 2, Chinnamaruthur",Gowri.P,,1,494,0.2,False
318,"P U E School, M Kambaliampatti 638106,North Facing Building","Komarapalayam (R.V) and (P) Ward 1, Manjakkampatti; Chinnamaruthur (R.V) Kottaimaruthur (P) Ward 1, Puliampatti,uppuppalayam; Chinnamaruthur (R.V) Kottaimaruthur (P) Ward 1, Kambliyampatti; Chinnamaruthur (R.V) Kottaimaruthur (P) Ward 2, Chinnamaruthur",Mohanraj.M,,0,494,0.0,False
318,"P U E School, M Kambaliampatti 638106,North Facing Building","Komarapalayam (R.V) and (P) Ward 1, Manjakkampatti; Chinnamaruthur (R.V) Kottaimaruthur (P) Ward 1, Puliampatti,uppuppalayam; Chinnamaruthur (R.V) Kottaimaruthur (P) Ward 1, Kambliyampatti; Chinnamaruthur (R.V) Kottaimaruthur (P) Ward 2, Chinnamaruthur",Rohini.S,,2,494,0.4,False
318,"P U E School, M Kambaliampatti 638106,North Facing Building","Komarapalayam (R.V) and (P) Ward 1, Manjakkampatti; Chinnamaruthur (R.V) Kottaimaruthur (P) Ward 1, Puliampatti,uppuppalayam; Chinnamaruthur (R.V) Kottaimaruthur (P) Ward 1, Kambliyampatti; Chinnamaruthur (R.V) Kottaimaruthur (P) Ward 2, Chinnamaruthur",NOTA,NOTA,2,494,0.4,False
319,"P U E School, Chinnamaruthur 638106,North Facing Building Ellapalayam,Ponnammapudhur","Chinnamaruthur (R.V) Kottaimaruthur (P) Ward 2, Killakku Valasu; Chinnamaruthur (R.V) Kottaimaruthur (P) Ward 2, Kurunaikkalpatty; Chinnamaruthur (R.V) Kottaimaruthur (P) Ward 3,; Chinnamaruthur (R.V) Kottaimaruthur (P) Ward 3, Poolam valasu",Indirani.T,,236,665,35.49,False
319,"P U E School, Chinnamaruthur 638106,North Facing Building Ellapalayam,Ponnammapudhur","Chinnamaruthur (R.V) Kottaimaruthur (P) Ward 2, Killakku Valasu; Chinnamaruthur (R.V) Kottaimaruthur (P) Ward 2, Kurunaikkalpatty; Chinnamaruthur (R.V) Kottaimaruthur (P) Ward 3,; Chinnamaruthur (R.V) Kottaimaruthur (P) Ward 3, Poolam valasu",Sathyabama.P,,264,665,39.7,True
319,"P U E School, Chinnamaruthur 638106,North Facing Building Ellapalayam,Ponnammapudhur","Chinnamaruthur (R.V) Kottaimaruthur (P) Ward 2, Killakku Valasu; Chinnamaruthur (R.V) Kottaimaruthur (P) Ward 2, Kurunaikkalpatty; Chinnamaruthur (R.V) Kottaimaruthur (P) Ward 3,; Chinnamaruthur (R.V) Kottaimaruthur (P) Ward 3, Poolam valasu",Dhivya,,21,665,3.16,False
319,"P U E School, Chinnamaruthur 638106,North Facing Building Ellapalayam,Ponnammapudhur","Chinnamaruthur (R.V) Kottaimaruthur (P) Ward 2, Killakku Valasu; Chinnamaruthur (R.V) Kottaimaruthur (P) Ward 2, Kurunaikkalpatty; Chinnamaruthur (R.V) Kottaimaruthur (P) Ward 3,; Chinnamaruthur (R.V) Kottaimaruthur (P) Ward 3, Poolam valasu",Gowri Chitra,,136,665,20.45,False
319,"P U E School, Chinnamaruthur 638106,North Facing Building Ellapalayam,Ponnammapudhur","Chinnamaruthur (R.V) Kottaimaruthur (P) Ward 2, Killakku Valasu; Chinnamaruthur (R.V) Kottaimaruthur (P) Ward 2, Kurunaikkalpatty; Chinnamaruthur (R.V) Kottaimaruthur (P) Ward 3,; Chinnamaruthur (R.V) Kottaimaruthur (P) Ward 3, Poolam valasu",Ananthi.S,,0,665,0.0,False
319,"P U E School, Chinnamaruthur 638106,North Facing Building Ellapalayam,Ponnammapudhur","Chinnamaruthur (R.V) Kottaimaruthur (P) Ward 2, Killakku Valasu; Chinnamaruthur (R.V) Kottaimaruthur (P) Ward 2, Kurunaikkalpatty; Chinnamaruthur (R.V) Kottaimaruthur (P) Ward 3,; Chinnamaruthur (R.V) Kottaimaruthur (P) Ward 3, Poolam valasu",Indhirani.C,,0,665,0.0,False
319,"P U E School, Chinnamaruthur 638106,North Facing Building Ellapalayam,Ponnammapudhur","Chinnamaruthur (R.V) Kottaimaruthur (P) Ward 2, Killakku Valasu; Chinnamaruthur (R.V) Kottaimaruthur (P) Ward 2, Kurunaikkalpatty; Chinnamaruthur (R.V) Kottaimaruthur (P) Ward 3,; Chinnamaruthur (R.V) Kottaimaruthur (P) Ward 3, Poolam valasu",Gowri.P,,1,665,0.15,False
319,"P U E School, Chinnamaruthur 638106,North Facing Building Ellapalayam,Ponnammapudhur","Chinnamaruthur (R.V) Kottaimaruthur (P) Ward 2, Killakku Valasu; Chinnamaruthur (R.V) Kottaimaruthur (P) Ward 2, Kurunaikkalpatty; Chinnamaruthur (R.V) Kottaimaruthur (P) Ward 3,; Chinnamaruthur (R.V) Kottaimaruthur (P) Ward 3, Poolam valasu",Mohanraj.M,,0,665,0.0,False
319,"P U E School, Chinnamaruthur 638106,North Facing Building Ellapalayam,Ponnammapudhur","Chinnamaruthur (R.V) Kottaimaruthur (P) Ward 2, Killakku Valasu; Chinnamaruthur (R.V) Kottaimaruthur (P) Ward 2, Kurunaikkalpatty; Chinnamaruthur (R.V) Kottaimaruthur (P) Ward 3,; Chinnamaruthur (R.V) Kottaimaruthur (P) Ward 3, Poolam valasu",Rohini.S,,0,665,0.0,False
319,"P U E School, Chinnamaruthur 638106,North Facing Building Ellapalayam,Ponnammapudhur","Chinnamaruthur (R.V) Kottaimaruthur (P) Ward 2, Killakku Valasu; Chinnamaruthur (R.V) Kottaimaruthur (P) Ward 2, Kurunaikkalpatty; Chinnamaruthur (R.V) Kottaimaruthur (P) Ward 3,; Chinnamaruthur (R.V) Kottaimaruthur (P) Ward 3, Poolam valasu",NOTA,NOTA,7,665,1.05,False
320,"P U E School, Pitchaikkalapatti 638106,North Facing Building","Chinnamaruthur (R.V) Kottaimaruthur (P) Ward 3, Pichaikalpatti; Chinnamaruthur (R.V) Kottaimaruthur (P) Ward 3, KaruppanaGounden Puthur; Chinnamaruthur (R.V) Kottaimaruthur (P) Ward 4, Varapatti; Chinnamaruthur (R.V) Kottaimaruthur (P) Ward 4, Madavanaickenpatty",Indirani.T,,219,801,27.34,False
320,"P U E School, Pitchaikkalapatti 638106,North Facing Building","Chinnamaruthur (R.V) Kottaimaruthur (P) Ward 3, Pichaikalpatti; Chinnamaruthur (R.V) Kottaimaruthur (P) Ward 3, KaruppanaGounden Puthur; Chinnamaruthur (R.V) Kottaimaruthur (P) Ward 4, Varapatti; Chinnamaruthur (R.V) Kottaimaruthur (P) Ward 4, Madavanaickenpatty",Sathyabama.P,,398,801,49.69,True
320,"P U E School, Pitchaikkalapatti 638106,North Facing Building","Chinnamaruthur (R.V) Kottaimaruthur (P) Ward 3, Pichaikalpatti; Chinnamaruthur (R.V) Kottaimaruthur (P) Ward 3, KaruppanaGounden Puthur; Chinnamaruthur (R.V) Kottaimaruthur (P) Ward 4, Varapatti; Chinnamaruthur (R.V) Kottaimaruthur (P) Ward 4, Madavanaickenpatty",Dhivya,,20,801,2.5,False
320,"P U E School, Pitchaikkalapatti 638106,North Facing Building","Chinnamaruthur (R.V) Kottaimaruthur (P) Ward 3, Pichaikalpatti; Chinnamaruthur (R.V) Kottaimaruthur (P) Ward 3, KaruppanaGounden Puthur; Chinnamaruthur (R.V) Kottaimaruthur (P) Ward 4, Varapatti; Chinnamaruthur (R.V) Kottaimaruthur (P) Ward 4, Madavanaickenpatty",Gowri Chitra,,155,801,19.35,False
320,"P U E School, Pitchaikkalapatti 638106,North Facing Building","Chinnamaruthur (R.V) Kottaimaruthur (P) Ward 3, Pichaikalpatti; Chinnamaruthur (R.V) Kottaimaruthur (P) Ward 3, KaruppanaGounden Puthur; Chinnamaruthur (R.V) Kottaimaruthur (P) Ward 4, Varapatti; Chinnamaruthur (R.V) Kottaimaruthur (P) Ward 4, Madavanaickenpatty",Ananthi.S,,2,801,0.25,False
320,"P U E School, Pitchaikkalapatti 638106,North Facing Building","Chinnamaruthur (R.V) Kottaimaruthur (P) Ward 3, Pichaikalpatti; Chinnamaruthur (R.V) Kottaimaruthur (P) Ward 3, KaruppanaGounden Puthur; Chinnamaruthur (R.V) Kottaimaruthur (P) Ward 4, Varapatti; Chinnamaruthur (R.V) Kottaimaruthur (P) Ward 4, Madavanaickenpatty",Indhirani.C,,2,801,0.25,False
320,"P U E School, Pitchaikkalapatti 638106,North Facing Building","Chinnamaruthur (R.V) Kottaimaruthur (P) Ward 3, Pichaikalpatti; Chinnamaruthur (R.V) Kottaimaruthur (P) Ward 3, KaruppanaGounden Puthur; Chinnamaruthur (R.V) Kottaimaruthur (P) Ward 4, Varapatti; Chinnamaruthur (R.V) Kottaimaruthur (P) Ward 4, Madavanaickenpatty",Gowri.P,,0,801,0.0,False
320,"P U E School, Pitchaikkalapatti 638106,North Facing Building","Chinnamaruthur (R.V) Kottaimaruthur (P) Ward 3, Pichaikalpatti; Chinnamaruthur (R.V) Kottaimaruthur (P) Ward 3, KaruppanaGounden Puthur; Chinnamaruthur (R.V) Kottaimaruthur (P) Ward 4, Varapatti; Chinnamaruthur (R.V) Kottaimaruthur (P) Ward 4, Madavanaickenpatty",Mohanraj.M,,0,801,0.0,False
320,"P U E School, Pitchaikkalapatti 638106,North Facing Building","Chinnamaruthur (R.V) Kottaimaruthur (P) Ward 3, Pichaikalpatti; Chinnamaruthur (R.V) Kottaimaruthur (P) Ward 3, KaruppanaGounden Puthur; Chinnamaruthur (R.V) Kottaimaruthur (P) Ward 4, Varapatti; Chinnamaruthur (R.V) Kottaimaruthur (P) Ward 4, Madavanaickenpatty",Rohini.S,,1,801,0.12,False
320,"P U E School, Pitchaikkalapatti 638106,North Facing Building","Chinnamaruthur (R.V) Kottaimaruthur (P) Ward 3, Pichaikalpatti; Chinnamaruthur (R.V) Kottaimaruthur (P) Ward 3, KaruppanaGounden Puthur; Chinnamaruthur (R.V) Kottaimaruthur (P) Ward 4, Varapatti; Chinnamaruthur (R.V) Kottaimaruthur (P) Ward 4, Madavanaickenpatty",NOTA,NOTA,4,801,0.5,False
